word,affix,label,hyphen
favorably,-,1,-
unconnectedness,un,0,un-connectedness
signed,-,1,-
ashamedly,-,1,-
self-consciously,-,1,-
virulent,-,1,-
certified,-,1,-
incorruptness,in,0,in-corruptness
charitable,-,1,-
imbalance,im,0,im-balance
unrelated,un,0,un-related
honorable,-,1,-
unbalance,un,0,un-balance
destructive,de,0,de-structive
listed_security,-,1,-
demonetization,de,0,de-monetization
unreverberant,un,0,un-reverberant
hospitably,-,1,-
obvious,-,1,-
unable,un,0,un-able
officially,-,1,-
comparably,-,1,-
informatively,-,1,-
divest,di,0,di-vest
combinative,-,1,-
action,-,1,-
illegitimate,il,0,il-legitimate
trained,-,1,-
incoming,-,1,-
inoperable,in,0,in-operable
ineffectiveness,in,0,in-effectiveness
well-defined,-,1,-
unextended,un,0,un-extended
immateriality,im,0,im-materiality
drained,-,1,-
complainingly,-,1,-
nonretractile,non,0,non-retractile
inedible,in,0,in-edible
unavenged,un,0,un-avenged
depress,de,0,de-press
effectively,-,1,-
cooperative,-,1,-
unequally,un,0,un-equally
competent,-,1,-
uneven,un,0,un-even
unearned_run,un,0,un-earned_run
unregretful,un,0,un-regretful
uselessness,less,0,use-lessness
pyretic,-,1,-
benevolence,-,1,-
buttoned,-,1,-
decently,-,1,-
dysgenics,dys,0,dys-genics
intolerance,in,0,in-tolerance
irresponsibly,ir,0,ir-responsibly
unhealthfulness,un,0,un-healthfulness
unapproachable,un,0,un-approachable
uncensored,un,0,un-censored
mobilise,-,1,-
returnable,-,1,-
associate,-,1,-
unmindfully,un,0,un-mindfully
psychoactive,-,1,-
bar,-,1,-
uncouple,un,0,un-couple
unwary,un,0,un-wary
infiniteness,in,0,in-finiteness
spinous,-,1,-
essentiality,-,1,-
credulously,-,1,-
unattractively,un,0,un-attractively
unsusceptible,un,0,un-susceptible
unpotted,un,0,un-potted
planned,-,1,-
intractable,in,0,in-tractable
nonequivalence,non,0,non-equivalence
insubordination,in,0,in-subordination
dissimilar,dis,0,dis-similar
extensile,-,1,-
undimmed,un,0,un-dimmed
indivisible,in,0,in-divisible
natural,-,1,-
encouraging,-,1,-
nonpregnant,non,0,non-pregnant
ungroomed,un,0,un-groomed
colonise,-,1,-
derequisition,de,0,de-requisition
defined,-,1,-
concealing,-,1,-
nonpasserine,non,0,non-passerine
unquiet,un,0,un-quiet
dysphemistic,dys,0,dys-phemistic
sincere,-,1,-
footless,less,0,foot-less
atypical,a,0,a-typical
join,-,1,-
intransitive,in,0,in-transitive
punctureless,less,0,puncture-less
unrefined,un,0,un-refined
disobedient,dis,0,dis-obedient
infamy,in,0,in-famy
azonal,a,0,a-zonal
illegitimately,il,0,il-legitimately
armament,-,1,-
discreet,-,1,-
noticed,-,1,-
unhappy,un,0,un-happy
irrelevant,ir,0,ir-relevant
divergent,di,0,di-vergent
hopelessly,less,0,hope-lessly
unmusical,un,0,un-musical
accessibility,-,1,-
inductive,-,1,-
onside,-,1,-
impersonally,im,0,im-personally
concealed,-,1,-
overhand,-,1,-
weaned,-,1,-
artless,less,0,art-less
unemotional_person,un,0,un-emotional_person
incorrectness,in,0,in-correctness
infallible,in,0,in-fallible
insulator,in,0,in-sulator
pretentious,-,1,-
unrecognizably,un,0,un-recognizably
criminalization,-,1,-
obedient,-,1,-
unshrinkable,un,0,un-shrinkable
directly,-,1,-
indispensableness,in,0,in-dispensableness
combustible,-,1,-
monetization,-,1,-
exchangeability,-,1,-
beneficence,-,1,-
dedicated_file_server,-,1,-
encourage,-,1,-
seedless,less,0,seed-less
disunify,dis,0,dis-unify
direct,-,1,-
perceptiveness,-,1,-
fledged,-,1,-
determinate,-,1,-
incredulously,in,0,in-credulously
discontinued,dis,0,dis-continued
contested,-,1,-
unimportant,un,0,un-important
awakened,-,1,-
inflationary_spiral,-,1,-
audibly,-,1,-
unsarcastic,un,0,un-sarcastic
unmyelinated,un,0,un-myelinated
unmanageably,un,0,un-manageably
gusseted,-,1,-
familiar,-,1,-
inhumaneness,in,0,in-humaneness
subsonic,sub,0,sub-sonic
invest,-,1,-
necked,-,1,-
scrupulousness,-,1,-
inflation,-,1,-
justifiably,-,1,-
syncategoreme,syn,0,syn-categoreme
noncyclic,non,0,non-cyclic
competitively,-,1,-
salable,-,1,-
twist,-,1,-
promote,-,1,-
inexpressively,in,0,in-expressively
interestingness,-,1,-
supervised,-,1,-
demonstrative,-,1,-
categorematic,-,1,-
unopposed,un,0,un-opposed
pleasing,-,1,-
wholesome,-,1,-
immotility,im,0,im-motility
unreserved,un,0,un-reserved
dethrone,de,0,de-throne
productively,-,1,-
unceremoniously,un,0,un-ceremoniously
hypotensive,hypo,0,hypo-tensive
headless,less,0,head-less
unpretentiousness,un,0,un-pretentiousness
implode,im,0,im-plode
centralization,-,1,-
disreputably,dis,0,dis-reputably
non-proliferation,non,0,non--proliferation
compatibility,-,1,-
gracefully,-,1,-
invariable,in,0,in-variable
undiversified,un,0,un-diversified
nonindulgent,non,0,non-indulgent
important,-,1,-
obtrusive,-,1,-
nonrandom,non,0,non-random
unpleasantly,un,0,un-pleasantly
productiveness,-,1,-
sensibility,-,1,-
unbridgeable,un,0,un-bridgeable
correctness,-,1,-
unlawful,un,0,un-lawful
incorruptibility,in,0,in-corruptibility
noncomprehensive,non,0,non-comprehensive
volatile,-,1,-
comprehensible,-,1,-
diverge,di,0,di-verge
unlikely,un,0,un-likely
useful,-,1,-
melted,-,1,-
nonintegrated,non,0,non-integrated
modulated,-,1,-
similitude,-,1,-
immaturity,im,0,im-maturity
unaccustomed,un,0,un-accustomed
undependably,un,0,un-dependably
audible,-,1,-
correct,-,1,-
insomnia,in,0,in-somnia
untied,un,0,un-tied
atypically,a,0,a-typically
translational,-,1,-
equipped,-,1,-
disorder,dis,0,dis-order
illogical,il,0,il-logical
bind,-,1,-
uncamphorated,un,0,un-camphorated
unprotective,un,0,un-protective
infinitely,in,0,in-finitely
undetermined,un,0,un-determined
tribalization,-,1,-
disrespectful,dis,0,dis-respectful
penetrability,-,1,-
dishearten,dis,0,dis-hearten
outboard,out,0,out-board
deflationary,de,0,de-flationary
descend,de,0,de-scend
talented,-,1,-
unimpressively,un,0,un-impressively
unlivable,un,0,un-livable
availability,-,1,-
palatable,-,1,-
intervention,-,1,-
permissiveness,-,1,-
unfilled,un,0,un-filled
unsanitariness,un,0,un-sanitariness
unbalanced,un,0,un-balanced
unprotected,un,0,un-protected
profitably,-,1,-
pleasingness,-,1,-
confined,-,1,-
discriminating,-,1,-
bloody,-,1,-
perfection,-,1,-
segregation,-,1,-
partiality,-,1,-
unenlightenment,un,0,un-enlightenment
nonlinguistic,non,0,non-linguistic
refined,-,1,-
toxic,-,1,-
unenthusiastic,un,0,un-enthusiastic
nonmonotonic,non,0,non-monotonic
gregarious,-,1,-
capacity,-,1,-
nonreticulate,non,0,non-reticulate
humidify,-,1,-
discourtesy,dis,0,dis-courtesy
studied,-,1,-
impermeability,im,0,im-permeability
nonindustrial,non,0,non-industrial
defeated,-,1,-
incorporeality,in,0,in-corporeality
practicability,-,1,-
unscientific,un,0,un-scientific
structured,-,1,-
unshuttered,un,0,un-shuttered
constricted,-,1,-
mitigated,-,1,-
harmonic,-,1,-
topless,less,0,top-less
innocuous,in,0,in-nocuous
unpaved,un,0,un-paved
honorableness,-,1,-
malicious,-,1,-
inexcusably,in,0,in-excusably
reverberant,-,1,-
overstate,-,1,-
ingenuous,-,1,-
expedient,-,1,-
successfully,-,1,-
dysphoria,dys,0,dys-phoria
inclined,-,1,-
indehiscent,in,0,in-dehiscent
appealingly,-,1,-
desynchronize,de,0,de-synchronize
uncompromising,un,0,un-compromising
nonfissile,non,0,non-fissile
profitable,-,1,-
adequate,-,1,-
injured,-,1,-
human,-,1,-
unevenness,un,0,un-evenness
iodinate,-,1,-
germy,-,1,-
unseasonably,un,0,un-seasonably
steroidal,-,1,-
convenient,-,1,-
undemanding,un,0,un-demanding
downgrade,down,0,down-grade
inconvertible,in,0,in-convertible
fold,-,1,-
adiabatic,a,0,a-diabatic
respectable,-,1,-
traditional,-,1,-
immodest,im,0,im-modest
ashamed,-,1,-
mortality,-,1,-
hyperparathyroidism,-,1,-
unhealthful,un,0,un-healthful
auspiciousness,-,1,-
unendowed,un,0,un-endowed
logical,-,1,-
perceptive,-,1,-
sheared,-,1,-
detach,de,0,de-tach
weighty,-,1,-
malted,-,1,-
tidy,-,1,-
inconsequentially,in,0,in-consequentially
demilitarize,de,0,de-militarize
achromatic,a,0,a-chromatic
silenced,-,1,-
overestimate,-,1,-
unveil,un,0,un-veil
unfaithfully,un,0,un-faithfully
passable,-,1,-
fixed,-,1,-
inorganically,in,0,in-organically
high_season,-,1,-
unsavory,un,0,un-savory
unsheathed,un,0,un-sheathed
materialize,-,1,-
inflexibility,in,0,in-flexibility
detribalization,de,0,de-tribalization
uncousinly,un,0,un-cousinly
shapely,-,1,-
lidded,-,1,-
courtesy,-,1,-
extrasensory,extra,0,extra-sensory
unpleasantness,un,0,un-pleasantness
converge,-,1,-
influx,-,1,-
unpublishable,un,0,un-publishable
unhurriedly,un,0,un-hurriedly
unfit,un,0,un-fit
unlamented,un,0,un-lamented
subordination,-,1,-
measurable,-,1,-
caulescent,-,1,-
indecorousness,in,0,in-decorousness
salinate,-,1,-
uncertain,un,0,un-certain
unassertively,un,0,un-assertively
convincing,-,1,-
chondritic,-,1,-
periodic,-,1,-
uninhibited,un,0,un-inhibited
unpremeditated,un,0,un-premeditated
tongueless,less,0,tongue-less
unmitigated,un,0,un-mitigated
implausibility,im,0,im-plausibility
undress,un,0,un-dress
artfulness,-,1,-
established,-,1,-
unscrew,un,0,un-screw
fatty,-,1,-
unfretted,un,0,un-fretted
bibless,less,0,bib-less
cut,-,1,-
overdress,-,1,-
impolitic,im,0,im-politic
unfold,un,0,un-fold
equilibrium,-,1,-
kind,-,1,-
dependent,-,1,-
unshaven,un,0,un-shaven
insecurity,in,0,in-security
unchartered,un,0,un-chartered
unreflected,un,0,un-reflected
unclip,un,0,un-clip
injustice,in,0,in-justice
unrestrictive,un,0,un-restrictive
placable,-,1,-
organized,-,1,-
noncrystalline,non,0,non-crystalline
chain,-,1,-
unmuzzle,un,0,un-muzzle
forgivingly,-,1,-
nonionic,non,0,non-ionic
impolite,im,0,im-polite
undomestic,un,0,un-domestic
encumbered,-,1,-
dematerialize,de,0,de-materialize
irreparable,ir,0,ir-reparable
inexpedience,in,0,in-expedience
ineligible,in,0,in-eligible
unfamiliar,un,0,un-familiar
addition,-,1,-
educated,-,1,-
unoccupied,un,0,un-occupied
insatiate,in,0,in-satiate
non-involvement,non,0,non--involvement
carpellate,-,1,-
credibly,-,1,-
fashionable,-,1,-
aboral,ab,0,ab-oral
unsaponified,un,0,un-saponified
sanely,-,1,-
carpeted,-,1,-
ceremoniousness,-,1,-
cared-for,-,1,-
hopefulness,-,1,-
efficiency,-,1,-
thoughtlessly,less,0,thought-lessly
actable,-,1,-
complete,-,1,-
truthful,-,1,-
unclear,un,0,un-clear
anaphrodisia,an,0,an-aphrodisia
fortunately,-,1,-
comprehensibility,-,1,-
unvariedness,un,0,un-variedness
institutionalized,-,1,-
indirect,in,0,in-direct
lossless,less,0,loss-less
esteem,-,1,-
equitable,-,1,-
hypoglycemia,hypo,0,hypo-glycemia
melodious,-,1,-
disservice,dis,0,dis-service
submersible,-,1,-
invasive,-,1,-
encouragement,-,1,-
disarrange,dis,0,dis-arrange
desynchronise,de,0,de-synchronise
violable,-,1,-
thoughtlessness,less,0,thought-lessness
imprecise,im,0,im-precise
agreeableness,-,1,-
inaction,in,0,in-action
instructively,-,1,-
unpolished,un,0,un-polished
unwilling,un,0,un-willing
malfunctioning,mal,0,mal-functioning
truthfully,-,1,-
activator,-,1,-
incorrectly,in,0,in-correctly
inflected,-,1,-
eligibility,-,1,-
unenlightening,un,0,un-enlightening
unportable,un,0,un-portable
unseaworthy,un,0,un-seaworthy
tonic,-,1,-
unscrupulous,un,0,un-scrupulous
disbelieve,dis,0,dis-believe
cork,-,1,-
just,-,1,-
confirmed,-,1,-
convertibility,-,1,-
increment,in,0,in-crement
inquiring,-,1,-
adventurous,-,1,-
indicate,-,1,-
disobey,dis,0,dis-obey
uncomplainingly,un,0,un-complainingly
nonmetallic,non,0,non-metallic
moving,-,1,-
inelegance,in,0,in-elegance
nonsingular_matrix,non,0,non-singular_matrix
fruitlessly,less,0,fruit-lessly
unsocial,un,0,un-social
timeliness,-,1,-
downwards,down,0,down-wards
dress,-,1,-
irresponsible,ir,0,ir-responsible
inerrancy,in,0,in-errancy
eventful,-,1,-
compressible,-,1,-
inanimate,in,0,in-animate
angry,-,1,-
demagnetize,de,0,de-magnetize
gutsiness,-,1,-
tubeless,less,0,tube-less
disorienting,dis,0,dis-orienting
unconvincingly,un,0,un-convincingly
born,-,1,-
malfunction,mal,0,mal-function
inefficiently,in,0,in-efficiently
overtime,over,0,over-time
unedifying,un,0,un-edifying
consistently,-,1,-
unconscious,un,0,un-conscious
immoderation,im,0,im-moderation
unblended,un,0,un-blended
unaggressive,un,0,un-aggressive
laureled,-,1,-
curable,-,1,-
uninformative,un,0,un-informative
unskillfulness,un,0,un-skillfulness
passerine,-,1,-
uncooperative,un,0,un-cooperative
unfueled,un,0,un-fueled
equitably,-,1,-
responsibility,-,1,-
dishonestly,dis,0,dis-honestly
pigmentation,-,1,-
agree,-,1,-
grateful,-,1,-
infelicitously,in,0,in-felicitously
abnormal,ab,0,ab-normal
disassemble,dis,0,dis-assemble
disorderly,dis,0,dis-orderly
incompetent,in,0,in-competent
sensitiveness,-,1,-
adaptability,-,1,-
activity,-,1,-
loving,-,1,-
clip,-,1,-
intractability,in,0,in-tractability
unrequested,un,0,un-requested
decorousness,-,1,-
spherical,-,1,-
uninstructively,un,0,un-instructively
dejected,de,0,de-jected
rewarding,-,1,-
categorem,-,1,-
orad,-,1,-
inelastic,in,0,in-elastic
stabilization,-,1,-
cultivated,-,1,-
fearlessly,less,0,fear-lessly
unchain,un,0,un-chain
de-energize,de,0,de--energize
emigrate,-,1,-
unlabeled,un,0,un-labeled
healthy,-,1,-
untempered,un,0,un-tempered
dishonorable,dis,0,dis-honorable
preventable,-,1,-
morality,-,1,-
wire,-,1,-
on-line,-,1,-
corrected,-,1,-
reputably,-,1,-
adjusted,-,1,-
articulate,-,1,-
diversified,-,1,-
nonmoving,non,0,non-moving
lubricated,-,1,-
logicality,-,1,-
unstableness,un,0,un-stableness
known,-,1,-
driver,-,1,-
destabilization,de,0,de-stabilization
satiate,-,1,-
reputability,-,1,-
undescriptive,un,0,un-descriptive
tolerance,-,1,-
paranormal,para,0,para-normal
importance,-,1,-
aphrodisia,-,1,-
continent,-,1,-
disloyally,dis,0,dis-loyally
traceable,-,1,-
injudiciously,in,0,in-judiciously
approval,-,1,-
unadorned,un,0,un-adorned
fretted,-,1,-
inexpensiveness,in,0,in-expensiveness
approbation,-,1,-
convergent,-,1,-
steadily,-,1,-
centralizing,-,1,-
unfriendliness,un,0,un-friendliness
incivility,in,0,in-civility
sleeveless,less,0,sleeve-less
anticholinergic,anti,0,anti-cholinergic
sufficiently,-,1,-
unmerited,un,0,un-merited
crowned,-,1,-
inconsiderable,in,0,in-considerable
unsensational,un,0,un-sensational
informality,in,0,in-formality
loyal,-,1,-
off-street,off,0,off--street
depreciate,de,0,de-preciate
immutableness,im,0,im-mutableness
artful,-,1,-
unflattering,un,0,un-flattering
unappendaged,un,0,un-appendaged
nonclassical,non,0,non-classical
nonastringent,non,0,non-astringent
breastless,less,0,breast-less
deflationary_spiral,de,0,de-flationary_spiral
unambitious,un,0,un-ambitious
fashionably,-,1,-
rentable,-,1,-
feasibility,-,1,-
prehensile,-,1,-
unwritten,un,0,un-written
odourise,-,1,-
believingly,-,1,-
intelligibility,-,1,-
believe,-,1,-
uncomfortable,un,0,un-comfortable
enlightened,-,1,-
sportingly,-,1,-
shuttered,-,1,-
exportable,-,1,-
committed,-,1,-
hyperthermia,-,1,-
unweaned,un,0,un-weaned
thoughtful,-,1,-
devitalize,de,0,de-vitalize
statesmanlike,-,1,-
excusably,-,1,-
endowed,-,1,-
starry,-,1,-
unsmilingly,un,0,un-smilingly
undercharge,under,0,under-charge
decriminalization,de,0,de-criminalization
uncontested,un,0,un-contested
disembarrassment,dis,0,dis-embarrassment
unproved,un,0,un-proved
unsympathetic,un,0,un-sympathetic
reflective,-,1,-
noncausative,non,0,non-causative
familiarity,-,1,-
benevolently,-,1,-
unofficially,un,0,un-officially
stableness,-,1,-
nonunion,non,0,non-union
undeveloped,un,0,un-developed
indigestibility,in,0,in-digestibility
disavow,dis,0,dis-avow
thinkable,-,1,-
expected,-,1,-
ungraciously,un,0,un-graciously
unobtrusiveness,un,0,un-obtrusiveness
uninvolved,un,0,un-involved
derestrict,de,0,de-restrict
composure,-,1,-
inefficient,in,0,in-efficient
undeniable,un,0,un-deniable
hypertensive,hyper,0,hyper-tensive
undesirable,un,0,un-desirable
solvency,-,1,-
nonspeaking,non,0,non-speaking
acceptably,-,1,-
inconclusiveness,in,0,in-conclusiveness
variable,-,1,-
misbehave,mis,0,mis-behave
gratitude,-,1,-
descriptive,-,1,-
transitivize,-,1,-
assertive,-,1,-
grassless,less,0,grass-less
operational,-,1,-
resident,-,1,-
activation,-,1,-
sealed,-,1,-
irresolutely,ir,0,ir-resolutely
adhesive,-,1,-
clearness,-,1,-
paintable,-,1,-
inner,in,0,in-ner
unknowingly,un,0,un-knowingly
ascending,-,1,-
centralise,-,1,-
undedicated,un,0,un-dedicated
unperceptive,un,0,un-perceptive
inattention,in,0,in-attention
literate,-,1,-
inward,-,1,-
backless,less,0,back-less
constant,-,1,-
externally,-,1,-
unwire,un,0,un-wire
pleasantness,-,1,-
disorganize,dis,0,dis-organize
maleficent,mal,0,mal-eficent
destructiveness,de,0,de-structiveness
proportionately,-,1,-
residential,-,1,-
tonality,-,1,-
likelihood,-,1,-
dissatisfy,dis,0,dis-satisfy
unscheduled,un,0,un-scheduled
legless,less,0,leg-less
abridged,-,1,-
questionable,-,1,-
defense,de,0,de-fense
convenience,-,1,-
branchy,-,1,-
illegible,il,0,il-legible
shared,-,1,-
muzzle,-,1,-
tastefully,-,1,-
invalid,in,0,in-valid
undramatically,un,0,un-dramatically
unclothed,un,0,un-clothed
uncomplaining,un,0,un-complaining
unencumbered,un,0,un-encumbered
respectfully,-,1,-
attached,-,1,-
unplayful,un,0,un-playful
insignificance,in,0,in-significance
rifled,-,1,-
crannied,-,1,-
incompleteness,in,0,in-completeness
requested,-,1,-
variedness,-,1,-
nonharmonic,non,0,non-harmonic
deductive,de,0,de-ductive
unoriginality,un,0,un-originality
assent,-,1,-
irrelevance,ir,0,ir-relevance
unstrap,un,0,un-strap
disrespectfully,dis,0,dis-respectfully
misfortune,mis,0,mis-fortune
seamanlike,-,1,-
effervescent,-,1,-
unpleasant,un,0,un-pleasant
destructibility,-,1,-
retentive,-,1,-
licitness,-,1,-
denaturalize,de,0,de-naturalize
eared,-,1,-
decorous,-,1,-
unfruitful,un,0,un-fruitful
quotable,-,1,-
incompressibility,in,0,in-compressibility
pretentiousness,-,1,-
respectful,-,1,-
legibility,-,1,-
tribalisation,-,1,-
uninterested,un,0,un-interested
nonfat,non,0,non-fat
symmetrically,-,1,-
unkind,un,0,un-kind
disincentive,dis,0,dis-incentive
appetizingness,-,1,-
carelessness,less,0,care-lessness
nonuniformity,non,0,non-uniformity
particulate,-,1,-
obstructed,-,1,-
legged,-,1,-
unreasonable,un,0,un-reasonable
uncleared,un,0,un-cleared
inferior,in,0,in-ferior
inequitable,in,0,in-equitable
dystopian,dys,0,dys-topian
woody,-,1,-
unsheared,un,0,un-sheared
undeciphered,un,0,un-deciphered
oiled,-,1,-
malnourished,mal,0,mal-nourished
conveniently,-,1,-
attributable,-,1,-
classified,-,1,-
indication,-,1,-
convinced,-,1,-
mated,-,1,-
attention,-,1,-
untune,un,0,un-tune
underhand,under,0,under-hand
unparented,un,0,un-parented
unclutter,un,0,un-clutter
unfurl,un,0,un-furl
sexy,-,1,-
nonrepresentative,non,0,non-representative
tactlessly,less,0,tact-lessly
relevant,-,1,-
ovulation,-,1,-
precisely,-,1,-
unsurprising,un,0,un-surprising
inappropriately,in,0,in-appropriately
careless,less,0,care-less
undiscriminating,un,0,un-discriminating
irresistible,ir,0,ir-resistible
inconsistency,in,0,in-consistency
obtrusively,-,1,-
sanitary,-,1,-
loved,-,1,-
unbrainwashed,un,0,un-brainwashed
disproportionately,dis,0,dis-proportionately
utopian,-,1,-
inappropriateness,in,0,in-appropriateness
inspiring,-,1,-
offside,off,0,off-side
sexual,-,1,-
equal,-,1,-
wellness,-,1,-
effectually,-,1,-
association,-,1,-
diplomatically,-,1,-
fearlessness,less,0,fear-lessness
unavailable,un,0,un-available
certain,-,1,-
advisable,-,1,-
amended,-,1,-
dispensability,-,1,-
assembly,-,1,-
modestly,-,1,-
compartmented,-,1,-
unclassified,un,0,un-classified
unfastened,un,0,un-fastened
delineated,-,1,-
unopposable,un,0,un-opposable
sensational,-,1,-
indecisive,in,0,in-decisive
demagnetise,de,0,de-magnetise
profitability,-,1,-
dramatically,-,1,-
spell,-,1,-
hypervolemia,-,1,-
meatless,less,0,meat-less
outlaw,out,0,out-law
forgiving,-,1,-
uncombined,un,0,un-combined
surprised,-,1,-
unresentful,un,0,un-resentful
congruent,-,1,-
fathomable,-,1,-
emulsify,-,1,-
anisotropic,an,0,an-isotropic
nondriver,non,0,non-driver
deceive,-,1,-
unpropitiousness,un,0,un-propitiousness
pack,-,1,-
uncoil,un,0,un-coil
continuance,-,1,-
conductive,-,1,-
untidy,un,0,un-tidy
sound,-,1,-
unsoured,un,0,un-soured
reliable,-,1,-
humane,-,1,-
cover,-,1,-
arming,-,1,-
pardonable,-,1,-
impropriety,im,0,im-propriety
dock,-,1,-
loyalty,-,1,-
originality,-,1,-
limited,-,1,-
continuation,-,1,-
inpatient,-,1,-
buckle,-,1,-
unchristian,un,0,un-christian
incarnate,-,1,-
nonspecific,non,0,non-specific
uncritically,un,0,un-critically
desynchronization,de,0,de-synchronization
ponderable,-,1,-
registered,-,1,-
nonaligned,non,0,non-aligned
matched,-,1,-
nonviolently,non,0,non-violently
undemocratic,un,0,un-democratic
unprofitably,un,0,un-profitably
patience,-,1,-
odorless,less,0,odor-less
unambiguous,un,0,un-ambiguous
inaccessibility,in,0,in-accessibility
convergency,-,1,-
unattractive,un,0,un-attractive
shockable,-,1,-
landed,-,1,-
explode,-,1,-
nonconformity,non,0,non-conformity
discontinuous,dis,0,dis-continuous
overstatement,-,1,-
enlightening,-,1,-
unsupportive,un,0,un-supportive
magnetize,-,1,-
undrinkable,un,0,un-drinkable
dependability,-,1,-
perfectibility,-,1,-
willing,-,1,-
unsoundness,un,0,un-soundness
uncreativeness,un,0,un-creativeness
de-energise,de,0,de--energise
imprecisely,im,0,im-precisely
addressed,-,1,-
soleless,less,0,sole-less
collective,-,1,-
unworldly,un,0,un-worldly
unconstricted,un,0,un-constricted
restraint,-,1,-
insubstantiality,in,0,in-substantiality
merciless,less,0,merci-less
nationalization,-,1,-
unknot,un,0,un-knot
carelessly,less,0,care-lessly
hypersomnia,-,1,-
lossy,-,1,-
unrifled,un,0,un-rifled
powerless,less,0,power-less
unsheathe,un,0,un-sheathe
powerfulness,-,1,-
restrict,-,1,-
incompressible,in,0,in-compressible
reconcilable,-,1,-
distinct,-,1,-
uncultivated,un,0,un-cultivated
strain,-,1,-
disembark,dis,0,dis-embark
imperviousness,im,0,im-perviousness
cholinergic,-,1,-
incentive,-,1,-
inactive,in,0,in-active
malignancy,mal,0,mal-ignancy
unfathomable,un,0,un-fathomable
congruousness,-,1,-
excitingly,-,1,-
disequilibrium,dis,0,dis-equilibrium
irreducible,ir,0,ir-reducible
commercial,-,1,-
inconvertibility,in,0,in-convertibility
justice,-,1,-
tracked,-,1,-
helpful,-,1,-
misconstruction,mis,0,mis-construction
trimmed,-,1,-
moonless,less,0,moon-less
possible,-,1,-
waxed,-,1,-
adequately,-,1,-
stable,-,1,-
moved,-,1,-
unleaded_gasoline,un,0,un-leaded_gasoline
opposable,-,1,-
unremarkably,un,0,un-remarkably
palatably,-,1,-
upgrade,-,1,-
logically,-,1,-
consideration,-,1,-
discipline,-,1,-
unacceptably,un,0,un-acceptably
initiate,-,1,-
demulsify,de,0,de-mulsify
conditioned,-,1,-
indiscreet,in,0,in-discreet
infallibility,in,0,in-fallibility
disesteem,dis,0,dis-esteem
fastened,-,1,-
undesirous,un,0,un-desirous
resentful,-,1,-
divergent_thinking,di,0,di-vergent_thinking
inaccurate,in,0,in-accurate
unimportance,un,0,un-importance
seeded,-,1,-
assigned,-,1,-
unaffected,un,0,un-affected
unadventurous,un,0,un-adventurous
radioactive,-,1,-
social,-,1,-
emotionality,-,1,-
nondrinker,non,0,non-drinker
isotropic,-,1,-
due,-,1,-
synchronizing,-,1,-
decrement,-,1,-
toothed,-,1,-
insurability,-,1,-
depersonalize,de,0,de-personalize
segregate,-,1,-
impure,im,0,im-pure
organic,-,1,-
properness,-,1,-
unalike,un,0,un-alike
conclusiveness,-,1,-
biodegradable_pollution,-,1,-
coherent,-,1,-
disinclined,dis,0,dis-inclined
weedy,-,1,-
arboreal,-,1,-
reverent,-,1,-
dissatisfaction,dis,0,dis-satisfaction
unconvinced,un,0,un-convinced
fueled,-,1,-
synchronism,-,1,-
hypercatalectic,hyper,0,hyper-catalectic
unpleasingness,un,0,un-pleasingness
pronounceable,-,1,-
reparable,-,1,-
sensible,-,1,-
visibility,-,1,-
unicameral,un,0,un-icameral
nontraditional,non,0,non-traditional
contamination,-,1,-
atomistic,a,0,a-tomistic
nonmetamorphic,non,0,non-metamorphic
hospitality,-,1,-
incomparable,in,0,in-comparable
unpriestly,un,0,un-priestly
disassortative_mating,dis,0,dis-assortative_mating
disobedience,dis,0,dis-obedience
uncommunicativeness,un,0,un-communicativeness
tune,-,1,-
unsanitary,un,0,un-sanitary
solved,-,1,-
ready,-,1,-
calced,-,1,-
detached,de,0,de-tached
ambitiously,-,1,-
superjacent,-,1,-
imperceptibility,im,0,im-perceptibility
imperfectibility,im,0,im-perfectibility
imprecision,im,0,im-precision
unusual,un,0,un-usual
irremediable,ir,0,ir-remediable
unforgiving,un,0,un-forgiving
improvident,im,0,im-provident
nonrepresentational,non,0,non-representational
wheelless,less,0,wheel-less
active,-,1,-
functioning,-,1,-
intolerable,in,0,in-tolerable
non-dedicated_file_server,non,0,non--dedicated_file_server
indestructible,in,0,in-destructible
unreactive,un,0,un-reactive
intangible,in,0,in-tangible
insoluble,in,0,in-soluble
processed,-,1,-
intemperance,in,0,in-temperance
associative,-,1,-
illicit,il,0,il-licit
equity,-,1,-
systematic,-,1,-
persuade,-,1,-
healthful,-,1,-
afraid,-,1,-
propitious,-,1,-
unscrupulousness,un,0,un-scrupulousness
unmalicious,un,0,un-malicious
untruthfully,un,0,un-truthfully
energize,-,1,-
invariableness,in,0,in-variableness
unprofitable,un,0,un-profitable
technical,-,1,-
allow,-,1,-
approachability,-,1,-
equality,-,1,-
chromatinic,-,1,-
unlaureled,un,0,un-laureled
unalarming,un,0,un-alarming
unpalatability,un,0,un-palatability
hearten,-,1,-
soluble,-,1,-
understock,under,0,under-stock
inhabited,-,1,-
enthusiastic,-,1,-
unbreakableness,un,0,un-breakableness
decolonise,de,0,de-colonise
unperplexed,un,0,un-perplexed
armed,-,1,-
efficiently,-,1,-
inhospitableness,in,0,in-hospitableness
unenthusiastically,un,0,un-enthusiastically
manned,-,1,-
obtrusiveness,-,1,-
unbolt,un,0,un-bolt
unemployed,un,0,un-employed
grammatical,-,1,-
being,-,1,-
dissociate,dis,0,dis-sociate
practicableness,-,1,-
regulated,-,1,-
uncharacteristic,un,0,un-characteristic
restricted,-,1,-
unassisted,un,0,un-assisted
unguiculate,un,0,un-guiculate
noncritical,non,0,non-critical
unwieldy,un,0,un-wieldy
unhappiness,un,0,un-happiness
unpreventable,un,0,un-preventable
qualify,-,1,-
merciful,-,1,-
improvidence,im,0,im-providence
productive,-,1,-
testate,-,1,-
dystopia,dys,0,dys-topia
inauspiciously,in,0,in-auspiciously
perfectly,-,1,-
unbuckle,un,0,un-buckle
unintelligible,un,0,un-intelligible
disintegrative,dis,0,dis-integrative
expectedness,-,1,-
insincerity,in,0,in-sincerity
lipped,-,1,-
spiritless,less,0,spirit-less
unpainted,un,0,un-painted
improbability,im,0,im-probability
unsuccessful,un,0,un-successful
unplanned,un,0,un-planned
atonality,a,0,a-tonality
interesting,-,1,-
overshoot,-,1,-
limbless,less,0,limb-less
interdepartmental,-,1,-
indecent,in,0,in-decent
belted,-,1,-
unmusically,un,0,un-musically
gloved,-,1,-
gathered,-,1,-
uncastrated,un,0,un-castrated
disembarkation,dis,0,dis-embarkation
inefficaciously,in,0,in-efficaciously
unfinished,un,0,un-finished
crescendo,-,1,-
unexchangeability,un,0,un-exchangeability
inadequacy,in,0,in-adequacy
undershoot,under,0,under-shoot
collapsible,-,1,-
uncharitable,un,0,un-charitable
unstimulating,un,0,un-stimulating
rational,-,1,-
erect,-,1,-
practicality,-,1,-
irremovable,ir,0,ir-removable
nonexistence,non,0,non-existence
inactivate,in,0,in-activate
related,-,1,-
stabilize,-,1,-
disinfect,dis,0,dis-infect
perishable,-,1,-
acceleration,-,1,-
consciousness,-,1,-
disloyalty,dis,0,dis-loyalty
unreceptive,un,0,un-receptive
insufficient,in,0,in-sufficient
nonadhesive,non,0,non-adhesive
underprivileged,under,0,under-privileged
unnecessary,un,0,un-necessary
sent,-,1,-
commissioned,-,1,-
definite,-,1,-
decertify,de,0,de-certify
unsilenced,un,0,un-silenced
criminalise,-,1,-
absorbency,-,1,-
migratory,-,1,-
fallible,-,1,-
integrated,-,1,-
available,-,1,-
untroubled,un,0,un-troubled
controversially,-,1,-
appreciatively,-,1,-
helpfully,-,1,-
partial,-,1,-
agnostic,a,0,a-gnostic
inefficacy,in,0,in-efficacy
excitable,-,1,-
persuasive,-,1,-
consequentially,-,1,-
malleability,-,1,-
unreliably,un,0,un-reliably
lawlessly,less,0,law-lessly
personal,-,1,-
invisible,in,0,in-visible
unmotivated,un,0,un-motivated
unpalatable,un,0,un-palatable
efficaciously,-,1,-
diplomatic,-,1,-
inflate,-,1,-
impassable,im,0,im-passable
indirectness,in,0,in-directness
unequivocal,un,0,un-equivocal
uncombed,un,0,un-combed
uncommunicative,un,0,un-communicative
unforgivably,un,0,un-forgivably
extinguishable,-,1,-
imperfect,im,0,im-perfect
cheerfully,-,1,-
illegitimacy,il,0,il-legitimacy
liveried,-,1,-
uninitiate,un,0,un-initiate
assemble,-,1,-
insured,-,1,-
no-go,no,0,no--go
good_fortune,-,1,-
unenforceable,un,0,un-enforceable
inhumane,in,0,in-humane
illegality,il,0,il-legality
unagitated,un,0,un-agitated
unstructured,un,0,un-structured
regularly,-,1,-
unclasp,un,0,un-clasp
perceptible,-,1,-
musical,-,1,-
participation,-,1,-
pretentiously,-,1,-
unmown,un,0,un-mown
logicalness,-,1,-
democratic,-,1,-
bibbed,-,1,-
alterable,-,1,-
uncarpeted,un,0,un-carpeted
market_economy,-,1,-
incongruity,in,0,in-congruity
legitimate,-,1,-
appendaged,-,1,-
outpatient,out,0,out-patient
unconcern,un,0,un-concern
decriminalize,de,0,de-criminalize
unlined,un,0,un-lined
unrhymed,un,0,un-rhymed
unsystematically,un,0,un-systematically
unhygienically,un,0,un-hygienically
impenetrable,im,0,im-penetrable
gutless,less,0,gut-less
hypercatalectic,-,1,-
unfavorableness,un,0,un-favorableness
untruthfulness,un,0,un-truthfulness
noninheritable,non,0,non-inheritable
unmalted,un,0,un-malted
unrepeatable,un,0,un-repeatable
stigmatism,-,1,-
glycerolize,-,1,-
credible,-,1,-
explicitness,-,1,-
unsteady,un,0,un-steady
equivocal,-,1,-
member,-,1,-
acquisitive,-,1,-
clog,-,1,-
intelligently,-,1,-
insectivorous,in,0,in-sectivorous
patiently,-,1,-
unpin,un,0,un-pin
unborn,un,0,un-born
ineffective,in,0,in-effective
demobilization,de,0,de-mobilization
experience,-,1,-
unbanded,un,0,un-banded
nontranslational,non,0,non-translational
reticulate,-,1,-
unrighteously,un,0,un-righteously
unpointedness,un,0,un-pointedness
nonspherical,non,0,non-spherical
like,-,1,-
impatience,im,0,im-patience
myelinated,-,1,-
comfortable,-,1,-
belt,-,1,-
unshod,un,0,un-shod
uncontrolled,un,0,un-controlled
illiberality,il,0,il-liberality
forceful,-,1,-
unsuitably,un,0,un-suitably
immoderately,im,0,im-moderately
noncomprehensively,non,0,non-comprehensively
contentment,-,1,-
impalpability,im,0,im-palpability
adroitly,-,1,-
desegregate,de,0,de-segregate
tasty,-,1,-
unnoticeable,un,0,un-noticeable
privileged,-,1,-
unfaithfulness,un,0,un-faithfulness
disproportion,dis,0,dis-proportion
unwanted,un,0,un-wanted
dehumidify,de,0,de-humidify
favorableness,-,1,-
sociability,-,1,-
animate,-,1,-
documented,-,1,-
disenchant,dis,0,dis-enchant
credulous,-,1,-
painfully,-,1,-
free,-,1,-
nonassociative,non,0,non-associative
fairly,-,1,-
married,-,1,-
corrigible,-,1,-
inability,in,0,in-ability
adorned,-,1,-
stressed,-,1,-
principled,-,1,-
inarticulate,in,0,in-articulate
tangibility,-,1,-
gracelessly,less,0,grace-lessly
bridle,-,1,-
uncrowded,un,0,un-crowded
unofficial,un,0,un-official
wind,-,1,-
patriotically,-,1,-
indistinct,in,0,in-distinct
wheeled,-,1,-
distrust,dis,0,dis-trust
susceptible,-,1,-
mindfulness,-,1,-
inaptitude,in,0,in-aptitude
fit,-,1,-
uncomplimentary,un,0,un-complimentary
catalectic,-,1,-
published,-,1,-
cautiously,-,1,-
effortlessness,less,0,effort-lessness
offensive,-,1,-
repetitive,-,1,-
moral,-,1,-
treated,-,1,-
extended,-,1,-
discharge,dis,0,dis-charge
specialized,-,1,-
hopefully,-,1,-
lighted,-,1,-
security,-,1,-
adsorbent,-,1,-
secured_bond,-,1,-
uncrannied,un,0,un-crannied
dependable,-,1,-
unexhausted,un,0,un-exhausted
earless,less,0,ear-less
regular,-,1,-
insolvency,in,0,in-solvency
unashamedly,un,0,un-ashamedly
ordinariness,-,1,-
elegantly,-,1,-
decentralize,de,0,de-centralize
disqualify,dis,0,dis-qualify
practical,-,1,-
sentimentally,-,1,-
unemotional,un,0,un-emotional
untanned,un,0,un-tanned
overgarment,-,1,-
superiority,-,1,-
unapologetic,un,0,un-apologetic
exciting,-,1,-
disappear,dis,0,dis-appear
decisively,-,1,-
unprincipled,un,0,un-principled
advantageously,-,1,-
inadequately,in,0,in-adequately
polite,-,1,-
maladjusted,mal,0,mal-adjusted
hypertrophied,hyper,0,hyper-trophied
inhumanely,in,0,in-humanely
hygienically,-,1,-
dislodge,dis,0,dis-lodge
unaddressed,un,0,un-addressed
combined,-,1,-
undeclared,un,0,un-declared
flexibly,-,1,-
uncork,un,0,un-cork
surprising,-,1,-
nonintellectual,non,0,non-intellectual
feelingly,-,1,-
framed,-,1,-
cismontane,-,1,-
disarranged,dis,0,dis-arranged
noncompetitively,non,0,non-competitively
compatible,-,1,-
porous,-,1,-
conformism,-,1,-
infertility,in,0,in-fertility
truthfulness,-,1,-
nonmagnetic,non,0,non-magnetic
decriminalise,de,0,de-criminalise
burden,-,1,-
iodinating,-,1,-
unarmored,un,0,un-armored
mined,-,1,-
headed,-,1,-
conventional,-,1,-
powerlessness,less,0,power-lessness
conjunct,-,1,-
commutable,-,1,-
noncivilized,non,0,non-civilized
uninformatively,un,0,un-informatively
ambiguously,-,1,-
unselfish,un,0,un-selfish
centralized,-,1,-
disorderliness,dis,0,dis-orderliness
staple,-,1,-
nonrepetitive,non,0,non-repetitive
unjustly,un,0,un-justly
unconstipated,un,0,un-constipated
unconstitutionally,un,0,un-constitutionally
worldly,-,1,-
removable,-,1,-
alcoholic,-,1,-
nonbearing,non,0,non-bearing
nonprofessional,non,0,non-professional
desensitizing,de,0,de-sensitizing
inflow,-,1,-
ipsilateral,-,1,-
insensitively,in,0,in-sensitively
hyperglycemia,-,1,-
unsound,un,0,un-sound
on-street,-,1,-
gutsy,-,1,-
unanalyzed,un,0,un-analyzed
discontentment,dis,0,dis-contentment
branchless,less,0,branch-less
retractile,-,1,-
hypotonia,hypo,0,hypo-tonia
inoffensively,in,0,in-offensively
impotence,im,0,im-potence
unabridged,un,0,un-abridged
corruptness,-,1,-
unexciting,un,0,un-exciting
suppurative,-,1,-
fluency,-,1,-
unbranded,un,0,un-branded
unadjusted,un,0,un-adjusted
irresolute,ir,0,ir-resolute
hopelessness,less,0,hope-lessness
illegibly,il,0,il-legibly
indiscriminate,in,0,in-discriminate
undemonstrative,un,0,un-demonstrative
precedentedly,-,1,-
militarise,-,1,-
inadmissibility,in,0,in-admissibility
thoughtless,less,0,thought-less
unchivalrously,un,0,un-chivalrously
regretful,-,1,-
undiluted,un,0,un-diluted
mediate,-,1,-
inexperienced,in,0,in-experienced
providence,-,1,-
untie,un,0,un-tie
ethical,-,1,-
joyfully,-,1,-
unintelligibility,un,0,un-intelligibility
unquestionable,un,0,un-questionable
nonarbitrable,non,0,non-arbitrable
sectarian,-,1,-
vitalize,-,1,-
nonracial,non,0,non-racial
unrespectability,un,0,un-respectability
incurability,in,0,in-curability
wieldy,-,1,-
unlaced,un,0,un-laced
unsentimentally,un,0,un-sentimentally
parented,-,1,-
detected,-,1,-
unshaded,un,0,un-shaded
visible,-,1,-
sufficiency,-,1,-
outdoors,out,0,out-doors
mild,-,1,-
unhealthy,un,0,un-healthy
agitated,-,1,-
disadvantage,dis,0,dis-advantage
manly,-,1,-
coherently,-,1,-
nonprescription,non,0,non-prescription
nonobservance,non,0,non-observance
ill-advised,ill,0,ill--advised
earned,-,1,-
unconfined,un,0,un-confined
able,-,1,-
excited,-,1,-
unsuitability,un,0,un-suitability
bony,-,1,-
exculpatory,-,1,-
lawful,-,1,-
inefficiency,in,0,in-efficiency
scholarly,-,1,-
courteous,-,1,-
polished,-,1,-
euphoric,-,1,-
surmountable,-,1,-
unwooded,un,0,un-wooded
tempered,-,1,-
tuneless,less,0,tune-less
unfrozen,un,0,un-frozen
exhaustible,-,1,-
happily,-,1,-
sympathetic,-,1,-
unfair,un,0,un-fair
forgettable,-,1,-
unpatriotically,un,0,un-patriotically
decorum,-,1,-
unserviceable,un,0,un-serviceable
underived,un,0,un-derived
enterprising,-,1,-
downstairs,down,0,down-stairs
inadvertently,in,0,in-advertently
intended,-,1,-
unburden,un,0,un-burden
inconsistent,in,0,in-consistent
indestructibility,in,0,in-destructibility
unlighted,un,0,un-lighted
sanitariness,-,1,-
unmarried,un,0,un-married
lash,-,1,-
classification,-,1,-
columned,-,1,-
branchiate,-,1,-
skinned,-,1,-
licit,-,1,-
arrange,-,1,-
nonexempt,non,0,non-exempt
underachievement,under,0,under-achievement
incongruent,in,0,in-congruent
expendable,-,1,-
disarming,dis,0,dis-arming
unfavorably,un,0,un-favorably
nontoxic,non,0,non-toxic
clasp,-,1,-
unselfconsciously,un,0,un-selfconsciously
approachable,-,1,-
undesigned,un,0,un-designed
unloading,un,0,un-loading
incredible,in,0,in-credible
discouraging,dis,0,dis-couraging
constructive,-,1,-
unorganized,un,0,un-organized
petalous,-,1,-
incontestable,in,0,in-contestable
underexpose,under,0,under-expose
impermanence,im,0,im-permanence
uncrossed,un,0,un-crossed
lidless,less,0,lid-less
unexpired,un,0,un-expired
asyndetic,a,0,a-syndetic
unreported,un,0,un-reported
immorally,im,0,im-morally
nonresidential,non,0,non-residential
curious,-,1,-
eradicable,-,1,-
unamended,un,0,un-amended
ordered,-,1,-
mobilization,-,1,-
joyless,less,0,joy-less
easy,-,1,-
tearful,-,1,-
chromatic,-,1,-
nonfissionable,non,0,non-fissionable
unfashionable,un,0,un-fashionable
nonparticulate,non,0,non-particulate
outfield,out,0,out-field
implacable,im,0,im-placable
unframed,un,0,un-framed
unconventionally,un,0,un-conventionally
spirited,-,1,-
considerately,-,1,-
unloving,un,0,un-loving
elastic,-,1,-
orient,-,1,-
eager,-,1,-
displeasing,dis,0,dis-pleasing
outgo,out,0,out-go
unexcitingly,un,0,un-excitingly
non-market_economy,non,0,non--market_economy
uncivil,un,0,un-civil
territorial,-,1,-
discernible,-,1,-
irreversible,ir,0,ir-reversible
balance,-,1,-
incorrect,in,0,in-correct
insufficiently,in,0,in-sufficiently
dramatic,-,1,-
solvability,-,1,-
unbelt,un,0,un-belt
improved,-,1,-
decisive,-,1,-
immovability,im,0,im-movability
willingly,-,1,-
moonlit,-,1,-
feathered,-,1,-
synchronize,-,1,-
incorrupt,in,0,in-corrupt
unloved,un,0,un-loved
noneffervescent,non,0,non-effervescent
intelligent,-,1,-
sanity,-,1,-
mask,-,1,-
immodestly,im,0,im-modestly
civilly,-,1,-
unavailability,un,0,un-availability
intolerantly,in,0,in-tolerantly
irreversibility,ir,0,ir-reversibility
beaked,-,1,-
thoughtfully,-,1,-
incapable,in,0,in-capable
applicability,-,1,-
plausibility,-,1,-
significantly,-,1,-
uneasy,un,0,un-easy
unauthorized,un,0,un-authorized
inextricable,in,0,in-extricable
permissible,-,1,-
unarticulated,un,0,un-articulated
impermanent,im,0,im-permanent
unashamed,un,0,un-ashamed
movableness,-,1,-
witting,-,1,-
necessarily,-,1,-
criminalize,-,1,-
satisfactorily,-,1,-
unfixed,un,0,un-fixed
precedented,-,1,-
consecrate,-,1,-
secureness,-,1,-
uninstructive,un,0,un-instructive
unbuttoned,un,0,un-buttoned
good-natured,-,1,-
unintelligently,un,0,un-intelligently
destabilize,de,0,de-stabilize
noninstitutional,non,0,non-institutional
presidential,-,1,-
unobtrusive,un,0,un-obtrusive
undramatic,un,0,un-dramatic
disarmament,dis,0,dis-armament
righteous,-,1,-
auspiciously,-,1,-
controversial,-,1,-
seemliness,-,1,-
barreled,-,1,-
handleless,less,0,handle-less
nonpayment,non,0,non-payment
miscarry,mis,0,mis-carry
Anglican,-,1,-
altered,-,1,-
unwrinkled,un,0,un-wrinkled
unsnarl,un,0,un-snarl
unsealed,un,0,un-sealed
unbelievably,un,0,un-believably
adroit,-,1,-
ungulate,-,1,-
incorporeal,in,0,in-corporeal
unmilitary,un,0,un-military
unholiness,un,0,un-holiness
degrade,de,0,de-grade
unrealistically,un,0,un-realistically
unlawfully,un,0,un-lawfully
belief,-,1,-
unregulated,un,0,un-regulated
unbridle,un,0,un-bridle
animateness,-,1,-
underestimate,under,0,under-estimate
blemished,-,1,-
uneducated,un,0,un-educated
colonize,-,1,-
inclement,in,0,in-clement
uncommon,un,0,un-common
equally,-,1,-
acyclic,a,0,a-cyclic
orderly,-,1,-
disincarnate,dis,0,dis-incarnate
defensively,de,0,de-fensively
outgoing,out,0,out-going
disenfranchise,dis,0,dis-enfranchise
desensitize,de,0,de-sensitize
rustless,less,0,rust-less
discreetly,-,1,-
repute,-,1,-
unsinkable,un,0,un-sinkable
unconsciousness,un,0,un-consciousness
offstage,off,0,off-stage
unbaptized,un,0,un-baptized
geared,-,1,-
ungracefully,un,0,un-gracefully
discordant,dis,0,dis-cordant
unaware,un,0,un-aware
possibility,-,1,-
equivocalness,-,1,-
unthoughtfulness,un,0,un-thoughtfulness
breakable,-,1,-
inaudibly,in,0,in-audibly
acaulescent,a,0,a-caulescent
overact,-,1,-
compressibility,-,1,-
responsible,-,1,-
clement,-,1,-
accompanied,-,1,-
indefinite,in,0,in-definite
immigrate,im,0,im-migrate
prudently,-,1,-
inexact,in,0,in-exact
desecrated,de,0,de-secrated
deservedly,-,1,-
possibly,-,1,-
legalise,-,1,-
quietly,-,1,-
persuasiveness,-,1,-
sonic,-,1,-
unventilated,un,0,un-ventilated
lawfully,-,1,-
unmoved,un,0,un-moved
punctual,-,1,-
uninformed,un,0,un-informed
unafraid,un,0,un-afraid
popularity,-,1,-
fortunate,-,1,-
arranged,-,1,-
inadvisability,in,0,in-advisability
unaccommodating,un,0,un-accommodating
volatile_storage,-,1,-
unsettled,un,0,un-settled
construction,-,1,-
coil,-,1,-
weightless,less,0,weight-less
unequipped,un,0,un-equipped
isotonic,-,1,-
nonnative,non,0,non-native
insentience,in,0,in-sentience
unadoptable,un,0,un-adoptable
inexperience,in,0,in-experience
handled,-,1,-
hypotonic,hypo,0,hypo-tonic
conception,-,1,-
undefined,un,0,un-defined
publishable,-,1,-
inoffensive,in,0,in-offensive
adaptable,-,1,-
corporeal,-,1,-
accordant,-,1,-
original,-,1,-
symmetry,-,1,-
unrecoverable,un,0,un-recoverable
vulnerable,-,1,-
reconstructed,-,1,-
unwillingness,un,0,un-willingness
immodesty,im,0,im-modesty
indecorous,in,0,in-decorous
animated,-,1,-
clutter,-,1,-
emotional,-,1,-
unmoving,un,0,un-moving
omnivorous,-,1,-
prophetic,-,1,-
useless,less,0,use-less
nonsmoker,non,0,non-smoker
unsecured_bond,un,0,un-secured_bond
wigless,less,0,wig-less
unmask,un,0,un-mask
livable,-,1,-
fatal,-,1,-
godliness,-,1,-
uncorrected,un,0,un-corrected
responsibleness,-,1,-
adequacy,-,1,-
furnished,-,1,-
balanced,-,1,-
insentient,in,0,in-sentient
unprofitableness,un,0,un-profitableness
coastal,-,1,-
unconquerable,un,0,un-conquerable
tasteless,less,0,taste-less
trackless,less,0,track-less
uncoiled,un,0,un-coiled
debilitating,de,0,de-bilitating
bellyless,less,0,belly-less
inconsideration,in,0,in-consideration
lipless,less,0,lip-less
unlash,un,0,un-lash
censored,-,1,-
restrained,-,1,-
inadvisable,in,0,in-advisable
castrated,-,1,-
offshore,off,0,off-shore
nonconformism,non,0,non-conformism
grudgingly,-,1,-
conspicuously,-,1,-
unselfconsciousness,un,0,un-selfconsciousness
declared,-,1,-
disabling,dis,0,dis-abling
comprehensive,-,1,-
infrequently,in,0,in-frequently
fallibility,-,1,-
accustomed,-,1,-
nonextensile,non,0,non-extensile
ineradicable,in,0,in-eradicable
recoverable,-,1,-
unstaple,un,0,un-staple
unsure,un,0,un-sure
denitrify,de,0,de-nitrify
meaningfulness,-,1,-
harmony,-,1,-
discomposure,dis,0,dis-composure
commensurate,-,1,-
mediacy,-,1,-
discontented,dis,0,dis-contented
agreement,-,1,-
unrighteousness,un,0,un-righteousness
demerit,de,0,de-merit
subhuman,sub,0,sub-human
discomfort,dis,0,dis-comfort
inseparably,in,0,in-separably
nonsyllabic,non,0,non-syllabic
inelegant,in,0,in-elegant
defeasible,-,1,-
indirectly,in,0,in-directly
consistent,-,1,-
wooded,-,1,-
happiness,-,1,-
illogicality,il,0,il-logicality
improper,im,0,im-proper
exact,-,1,-
unexpectedness,un,0,un-expectedness
disoblige,dis,0,dis-oblige
civility,-,1,-
unspell,un,0,un-spell
inequality,in,0,in-equality
nonbiodegradable_pollution,non,0,non-biodegradable_pollution
bottomless,less,0,bottom-less
unrelatedness,un,0,un-relatedness
embarrassment,-,1,-
discontent,dis,0,dis-content
carry_to_term,-,1,-
unpredictable,un,0,un-predictable
plowed,-,1,-
materialise,-,1,-
perfect,-,1,-
unequivocalness,un,0,un-equivocalness
injectable,-,1,-
outspan,out,0,out-span
benignancy,-,1,-
unpopularity,un,0,un-popularity
offending,-,1,-
nationalize,-,1,-
leavened,-,1,-
civilized,-,1,-
inauspicious,in,0,in-auspicious
servile,-,1,-
involuntary,in,0,in-voluntary
sensitizing,-,1,-
attentive,-,1,-
uninviting,un,0,un-inviting
achondritic,a,0,a-chondritic
incapableness,in,0,in-capableness
fruitlessness,less,0,fruit-lessness
unrestrained,un,0,un-restrained
selected,-,1,-
stimulating,-,1,-
faithfulness,-,1,-
uninteresting,un,0,un-interesting
dishonor,dis,0,dis-honor
unproductiveness,un,0,un-productiveness
unreconstructed,un,0,un-reconstructed
justly,-,1,-
warily,-,1,-
worthlessness,less,0,worth-lessness
nonstandard,non,0,non-standard
decelerate,de,0,de-celerate
skilled,-,1,-
saturated,-,1,-
analyzed,-,1,-
representational,-,1,-
integrative,-,1,-
enforceable,-,1,-
unappreciatively,un,0,un-appreciatively
pointedness,-,1,-
intangibility,in,0,in-tangibility
unestablished,un,0,un-established
irrationally,ir,0,ir-rationally
linear,-,1,-
understatement,under,0,under-statement
passionate,-,1,-
unattractiveness,un,0,un-attractiveness
malevolently,mal,0,mal-evolently
comfortably,-,1,-
balconied,-,1,-
holy,-,1,-
reverence,-,1,-
increase,-,1,-
septic,-,1,-
inconsiderately,in,0,in-considerately
unlikeliness,un,0,un-likeliness
unpunctual,un,0,un-punctual
intolerably,in,0,in-tolerably
detachable,de,0,de-tachable
untraceable,un,0,un-traceable
immortality,im,0,im-mortality
causative,-,1,-
analphabetic,an,0,an-alphabetic
organically,-,1,-
tapped,-,1,-
branded,-,1,-
asynchronous,a,0,a-synchronous
unsalable,un,0,un-salable
malignity,mal,0,mal-ignity
indecision,in,0,in-decision
rigid,-,1,-
fidelity,-,1,-
criminalisation,-,1,-
inconspicuousness,in,0,in-conspicuousness
unalterable,un,0,un-alterable
inexpediency,in,0,in-expediency
deflation,de,0,de-flation
incoherence,in,0,in-coherence
disagreeableness,dis,0,dis-agreeableness
nonprehensile,non,0,non-prehensile
inculpatory,in,0,in-culpatory
palpability,-,1,-
nonalcoholic,non,0,non-alcoholic
moderately,-,1,-
solvent,-,1,-
leaded_gasoline,-,1,-
obligated,-,1,-
unsociably,un,0,un-sociably
insanely,in,0,in-sanely
ionic,-,1,-
incomprehensible,in,0,in-comprehensible
uncomfortably,un,0,un-comfortably
mindfully,-,1,-
funded,-,1,-
limbed,-,1,-
insensibility,in,0,in-sensibility
nonexploratory,non,0,non-exploratory
insalubrity,in,0,in-salubrity
grassy,-,1,-
disengage,dis,0,dis-engage
unostentatious,un,0,un-ostentatious
involuntarily,in,0,in-voluntarily
made,-,1,-
unconsummated,un,0,un-consummated
bordered,-,1,-
unswept,un,0,un-swept
normal,-,1,-
unfunded,un,0,un-funded
infelicity,in,0,in-felicity
counterfactuality,counter,0,counter-factuality
unwrap,un,0,un-wrap
destabilisation,de,0,de-stabilisation
deconcentrate,de,0,de-concentrate
hypertonic,hyper,0,hyper-tonic
malign,mal,0,mal-ign
unwearable,un,0,un-wearable
unbelievingly,un,0,un-believingly
illiterate,il,0,il-literate
nonvolatile,non,0,non-volatile
bedded,-,1,-
voluntarily,-,1,-
offense,-,1,-
incoherent,in,0,in-coherent
comprehensively,-,1,-
unhitch,un,0,un-hitch
personalize,-,1,-
licitly,-,1,-
incurableness,in,0,in-curableness
impermissible,im,0,im-permissible
expired,-,1,-
protective,-,1,-
competence,-,1,-
asexual,a,0,a-sexual
indeterminate,in,0,in-determinate
nonsubmersible,non,0,non-submersible
inoperative,in,0,in-operative
unappealingly,un,0,un-appealingly
inclination,-,1,-
disadvantageously,dis,0,dis-advantageously
desirous,-,1,-
controlled,-,1,-
faceted,-,1,-
button,-,1,-
unready,un,0,un-ready
competently,-,1,-
excommunicate,ex,0,ex-communicate
nonechoic,non,0,non-echoic
unplayable,un,0,un-playable
naturally,-,1,-
unowned,un,0,un-owned
financial,-,1,-
unambiguously,un,0,un-ambiguously
unwomanly,un,0,un-womanly
unplug,un,0,un-plug
unwholesomeness,un,0,un-wholesomeness
proportionate,-,1,-
random,-,1,-
alert,-,1,-
unmotorized,un,0,un-motorized
irreplaceable,ir,0,ir-replaceable
morally,-,1,-
vascular,-,1,-
ungrudgingly,un,0,un-grudgingly
categoreme,-,1,-
undynamic,un,0,un-dynamic
guided,-,1,-
cheerlessness,less,0,cheer-lessness
unhesitatingly,un,0,un-hesitatingly
benignity,-,1,-
sincerity,-,1,-
finitely,-,1,-
imprudently,im,0,im-prudently
conformity,-,1,-
utopia,-,1,-
enlightenment,-,1,-
inappropriate,in,0,in-appropriate
proper,-,1,-
unify,-,1,-
infectious,-,1,-
discouragingly,dis,0,dis-couragingly
continue,-,1,-
development,-,1,-
naturalize,-,1,-
composed,-,1,-
noncompetitive,non,0,non-competitive
expensiveness,-,1,-
unsigned,un,0,un-signed
aware,-,1,-
unappetizing,un,0,un-appetizing
inelegantly,in,0,in-elegantly
imitative,-,1,-
stability,-,1,-
unenterprising,un,0,un-enterprising
existence,-,1,-
disassembly,dis,0,dis-assembly
sensitively,-,1,-
illicitness,il,0,il-licitness
decontamination,de,0,de-contamination
unwarily,un,0,un-warily
unreasonably,un,0,un-reasonably
undatable,un,0,un-datable
unfavorable,un,0,un-favorable
demanding,-,1,-
aesthetic,-,1,-
inadequate,in,0,in-adequate
stuck,-,1,-
informed,-,1,-
ingenuousness,-,1,-
nonmechanical,non,0,non-mechanical
indiscernible,in,0,in-discernible
discouragement,dis,0,dis-couragement
unmelted,un,0,un-melted
unlikeness,un,0,un-likeness
mythologize,-,1,-
informally,in,0,in-formally
unintrusive,un,0,un-intrusive
decolonize,de,0,de-colonize
critically,-,1,-
surgical,-,1,-
subtraction,sub,0,sub-traction
unattached,un,0,un-attached
destructible,-,1,-
conclusive,-,1,-
indispensability,in,0,in-dispensability
offensively,-,1,-
dependableness,-,1,-
monotonic,-,1,-
unwrapped,un,0,un-wrapped
equivalence,-,1,-
decreased,de,0,de-creased
kindly,-,1,-
commodious,-,1,-
illegal,il,0,il-legal
holistic,-,1,-
pressurize,-,1,-
unironed,un,0,un-ironed
satisfactoriness,-,1,-
modern,-,1,-
fearfulness,-,1,-
instability,in,0,in-stability
noncitizen,non,0,non-citizen
astigmatism,a,0,a-stigmatism
exchangeable,-,1,-
opportune,-,1,-
intolerant,in,0,in-tolerant
include,-,1,-
purposeless,less,0,purpose-less
anticatalyst,anti,0,anti-catalyst
nonconductive,non,0,non-conductive
weedless,less,0,weed-less
assertively,-,1,-
cyclic,-,1,-
disinclination,dis,0,dis-inclination
maladroit,mal,0,mal-adroit
coordination,-,1,-
owned,-,1,-
scripted,-,1,-
native,-,1,-
indeterminable,in,0,in-determinable
skillfulness,-,1,-
unkindness,un,0,un-kindness
actinal,-,1,-
paid,-,1,-
popular,-,1,-
syllabic,-,1,-
syncategorematic,syn,0,syn-categorematic
elate,-,1,-
conclusively,-,1,-
unrepentant,un,0,un-repentant
finite,-,1,-
immiscible,im,0,im-miscible
intemperate,in,0,in-temperate
unconvincing,un,0,un-convincing
unrighteous,un,0,un-righteous
unarmed,un,0,un-armed
incongruousness,in,0,in-congruousness
domestic,-,1,-
purposelessness,less,0,purpose-lessness
hitch,-,1,-
oriented,-,1,-
advisability,-,1,-
incognizance,in,0,in-cognizance
wigged,-,1,-
similarity,-,1,-
exactness,-,1,-
fruitfully,-,1,-
hypertonia,-,1,-
uneventful,un,0,un-eventful
unsexy,un,0,un-sexy
interference,-,1,-
demotion,de,0,de-motion
undock,un,0,un-dock
unhook,un,0,un-hook
likeliness,-,1,-
uncongenial,un,0,un-congenial
astomatous,a,0,a-stomatous
friendly,-,1,-
sensitivity,-,1,-
inopportune,in,0,in-opportune
nonrigid,non,0,non-rigid
conductor,-,1,-
resolutely,-,1,-
footed,-,1,-
nontaxable,non,0,non-taxable
coated,-,1,-
religious,-,1,-
proved,-,1,-
approve,-,1,-
unsolvability,un,0,un-solvability
nonabsorbent,non,0,non-absorbent
accurately,-,1,-
invertible,-,1,-
personally,-,1,-
appositeness,-,1,-
unimpaired,un,0,un-impaired
inspan,-,1,-
nonporous,non,0,non-porous
bedless,less,0,bed-less
energise,-,1,-
claim,-,1,-
edifying,-,1,-
disloyal,dis,0,dis-loyal
congeniality,-,1,-
thoughtfulness,-,1,-
unjustifiably,un,0,un-justifiably
ineligibility,in,0,in-eligibility
discolor,dis,0,dis-color
unfledged,un,0,un-fledged
spaced,-,1,-
changeableness,-,1,-
lined,-,1,-
graciously,-,1,-
tearless,less,0,tear-less
string,-,1,-
insalubriousness,in,0,in-salubriousness
bodied,-,1,-
elated,-,1,-
caulked,-,1,-
faithfully,-,1,-
scentless,less,0,scent-less
impermissibly,im,0,im-permissibly
validate,-,1,-
uncolored,un,0,un-colored
dysphemism,dys,0,dys-phemism
significant,-,1,-
unpermissive,un,0,un-permissive
unattributable,un,0,un-attributable
welcome,-,1,-
depressurise,de,0,de-pressurise
unadaptable,un,0,un-adaptable
intransitively,in,0,in-transitively
unchangeable,un,0,un-changeable
antitype,anti,0,anti-type
reliableness,-,1,-
deactivation,de,0,de-activation
sentience,-,1,-
completeness,-,1,-
unvaried,un,0,un-varied
escalate,-,1,-
appealing,-,1,-
unappealable,un,0,un-appealable
certainty,-,1,-
variableness,-,1,-
acceptability,-,1,-
enforced,-,1,-
armored,-,1,-
mindful,-,1,-
untrained,un,0,un-trained
prepared,-,1,-
untwist,un,0,un-twist
invisibility,in,0,in-visibility
impressive,-,1,-
deodorize,de,0,de-odorize
on-site,on,0,on--site
conquerable,-,1,-
pleasant,-,1,-
baptized,-,1,-
legibly,-,1,-
unstoppable,un,0,un-stoppable
noncommercial,non,0,non-commercial
ascend,-,1,-
uninjectable,un,0,un-injectable
uncrystallized,un,0,un-crystallized
honor,-,1,-
disentangle,dis,0,dis-entangle
aunt,-,1,-
unrhythmical,un,0,un-rhythmical
luckily,-,1,-
uptick,-,1,-
immaterial,im,0,im-material
stomatous,-,1,-
immoderate,im,0,im-moderate
appear,-,1,-
revolutionary,-,1,-
keyed,-,1,-
curability,-,1,-
purposeful,-,1,-
depressurize,de,0,de-pressurize
joyous,-,1,-
unbordered,un,0,un-bordered
unsteadiness,un,0,un-steadiness
intrusive,-,1,-
unhappily,un,0,un-happily
irresponsibility,ir,0,ir-responsibility
unacceptable,un,0,un-acceptable
voiced,-,1,-
meaty,-,1,-
quiet,-,1,-
unreproducible,un,0,un-reproducible
imperfection,im,0,im-perfection
observance,-,1,-
unpardonably,un,0,un-pardonably
irreverence,ir,0,ir-reverence
nonhierarchical,non,0,non-hierarchical
damaged,-,1,-
comparable,-,1,-
unposed,un,0,un-posed
unearned,un,0,un-earned
smoky,-,1,-
insubordinate,in,0,in-subordinate
malignant,mal,0,mal-ignant
essential,-,1,-
unoriginal,un,0,un-original
existent,-,1,-
furrowed,-,1,-
insensitive,in,0,in-sensitive
unwoven,un,0,un-woven
nonlinear,non,0,non-linear
disenchanted,dis,0,dis-enchanted
unfocused,un,0,un-focused
clear,-,1,-
impolitely,im,0,im-politely
complaining,-,1,-
formed,-,1,-
regulation_time,-,1,-
premeditated,-,1,-
crystallized,-,1,-
noxious,-,1,-
unequal,un,0,un-equal
labeled,-,1,-
undiplomatic,un,0,un-diplomatic
avirulent,a,0,a-virulent
temperance,-,1,-
remediable,-,1,-
unvoiced,un,0,un-voiced
unprofitability,un,0,un-profitability
inapplicability,in,0,in-applicability
impracticality,im,0,im-practicality
inshore,-,1,-
unrespectable,un,0,un-respectable
eligible,-,1,-
manageable,-,1,-
irreconcilable,ir,0,ir-reconcilable
inopportuneness,in,0,in-opportuneness
unawakened,un,0,un-awakened
mature,-,1,-
overcharge,-,1,-
obediently,-,1,-
unexpected,un,0,un-expected
sarcastic,-,1,-
healthfulness,-,1,-
untwine,un,0,un-twine
hornless,less,0,horn-less
insecureness,in,0,in-secureness
transitive,-,1,-
beakless,less,0,beak-less
unfreeze,un,0,un-freeze
normality,-,1,-
disadvantageous,dis,0,dis-advantageous
curableness,-,1,-
outer,-,1,-
destalinize,de,0,de-stalinize
unsized,un,0,un-sized
manfully,-,1,-
unfaithful,un,0,un-faithful
heedlessness,less,0,heed-lessness
reality,-,1,-
breathing,-,1,-
unalert,un,0,un-alert
disjunctive,dis,0,dis-junctive
relatedness,-,1,-
unfeathered,un,0,un-feathered
deductible,-,1,-
listed,-,1,-
catalyst,-,1,-
caution,-,1,-
nazify,-,1,-
unconventional,un,0,un-conventional
appropriately,-,1,-
painted,-,1,-
enlivened,-,1,-
untimeliness,un,0,un-timeliness
unqualified,un,0,un-qualified
depigmentation,de,0,de-pigmentation
shelled,-,1,-
depersonalise,de,0,de-personalise
wholesomeness,-,1,-
intestate,in,0,in-testate
noninterference,non,0,non-interference
mutability,-,1,-
permissibility,-,1,-
excusable,-,1,-
independent,in,0,in-dependent
inconsolable,in,0,in-consolable
inadmissible,in,0,in-admissible
please,-,1,-
unneurotic,un,0,un-neurotic
inattentiveness,in,0,in-attentiveness
deoxidise,de,0,de-oxidise
inarticulately,in,0,in-articulately
uninflected,un,0,un-inflected
hospitable,-,1,-
overhead,-,1,-
unmalleability,un,0,un-malleability
humorous,-,1,-
imprudent,im,0,im-prudent
unfortunate,un,0,un-fortunate
tubed,-,1,-
illogicalness,il,0,il-logicalness
mobilize,-,1,-
modest,-,1,-
incorrigible,in,0,in-corrigible
pardonably,-,1,-
demilitarise,de,0,de-militarise
unexploited,un,0,un-exploited
exempt,-,1,-
meaninglessness,less,0,meaning-lessness
pin,-,1,-
inopportunely,in,0,in-opportunely
uncreative,un,0,un-creative
outward,out,0,out-ward
usual,-,1,-
provocative,-,1,-
synclinal,-,1,-
tangled,-,1,-
interested,-,1,-
unforgivingly,un,0,un-forgivingly
penetrable,-,1,-
upwardly,-,1,-
unmindful,un,0,un-mindful
imperfectly,im,0,im-perfectly
substantiality,-,1,-
disinflation,dis,0,dis-inflation
off-line,off,0,off--line
self-consciousness,-,1,-
desalinate,de,0,de-salinate
employment,-,1,-
agreeably,-,1,-
sold,-,1,-
prejudiced,-,1,-
nonslippery,non,0,non-slippery
unalterability,un,0,un-alterability
unromantically,un,0,un-romantically
tipped,-,1,-
colourful,-,1,-
tolerantly,-,1,-
hipped,-,1,-
tolerably,-,1,-
unoiled,un,0,un-oiled
upwards,-,1,-
enlist,-,1,-
saponified,-,1,-
irrational,ir,0,ir-rational
braid,-,1,-
atonicity,a,0,a-tonicity
wrapped,-,1,-
wearable,-,1,-
sugary,-,1,-
arm,-,1,-
unpresidential,un,0,un-presidential
compassionate,-,1,-
nonspatial,non,0,non-spatial
shaded,-,1,-
pointed,-,1,-
nonimitative,non,0,non-imitative
order,-,1,-
unsatisfactory,un,0,un-satisfactory
extricable,-,1,-
juiceless,less,0,juice-less
unkindly,un,0,un-kindly
materiality,-,1,-
unwariness,un,0,un-wariness
scalable,-,1,-
evenly,-,1,-
bridgeable,-,1,-
steady,-,1,-
unguided,un,0,un-guided
landless,less,0,land-less
subjacent,sub,0,sub-jacent
digestibility,-,1,-
staged,-,1,-
unstuck,un,0,un-stuck
unsent,un,0,un-sent
pure,-,1,-
constitutionally,-,1,-
unquotable,un,0,un-quotable
prove,-,1,-
discerning,-,1,-
satisfactory,-,1,-
nonpartisan,non,0,non-partisan
nonoperational,non,0,non-operational
considerable,-,1,-
unmelodious,un,0,un-melodious
changelessness,less,0,change-lessness
unbound,un,0,un-bound
evitable,-,1,-
unrhetorical,un,0,un-rhetorical
unconfirmed,un,0,un-confirmed
unwitting,un,0,un-witting
supernatural,super,0,super-natural
alike,-,1,-
felicity,-,1,-
disapprovingly,dis,0,dis-approvingly
insincerely,in,0,in-sincerely
tramontane,tra,0,tra-montane
revived,-,1,-
painlessly,less,0,pain-lessly
unemotionality,un,0,un-emotionality
believably,-,1,-
motivated,-,1,-
undetected,un,0,un-detected
unfurnished,un,0,un-furnished
encouragingly,-,1,-
inorganic,in,0,in-organic
infect,-,1,-
nonconformist,non,0,nonconformist
acatalectic,a,0,a-catalectic
unexportable,un,0,un-exportable
inconspicuous,in,0,in-conspicuous
noncommissioned,non,0,non-commissioned
characteristically,-,1,-
unfashionably,un,0,un-fashionably
inalienable,in,0,in-alienable
bend,-,1,-
uncarved,un,0,un-carved
unclean,un,0,un-clean
pervious,-,1,-
insolubility,in,0,in-solubility
persuasion,-,1,-
responsibly,-,1,-
unconcerned,un,0,un-concerned
nonfinancial,non,0,non-financial
separably,-,1,-
tolerable,-,1,-
revocable,-,1,-
resolute,-,1,-
encode,-,1,-
drinker,-,1,-
courteously,-,1,-
merit,-,1,-
proportion,-,1,-
profitableness,-,1,-
immaturely,im,0,im-maturely
convergent_thinking,-,1,-
conformist,-,1,-
potence,-,1,-
unfitness,un,0,un-fitness
unstatesmanlike,un,0,un-statesmanlike
unseal,un,0,un-seal
keyless,less,0,key-less
decompress,de,0,de-compress
unfurrowed,un,0,un-furrowed
ungrammatical,un,0,un-grammatical
indistinguishable,in,0,in-distinguishable
plausible,-,1,-
broken,-,1,-
hesitantly,-,1,-
unwelcome,un,0,un-welcome
freeze,-,1,-
infidelity,in,0,in-fidelity
joylessly,less,0,joy-lessly
make,-,1,-
untheatrical,un,0,un-theatrical
dematerialise,de,0,de-materialise
disjoin,dis,0,dis-join
approvingly,-,1,-
institutional,-,1,-
permissibly,-,1,-
harmonious,-,1,-
intransitivity,in,0,in-transitivity
odorize,-,1,-
extraordinary,extra,0,extra-ordinary
decision,-,1,-
atonal,a,0,a-tonal
overspend,-,1,-
disintegrate,dis,0,dis-integrate
glazed,-,1,-
untalented,un,0,un-talented
concentrated,-,1,-
unsaddle,un,0,un-saddle
auspicious,-,1,-
bimodal,-,1,-
malodorous,mal,0,mal-odorous
activate,-,1,-
corporeality,-,1,-
rimless,less,0,rim-less
unobstructed,un,0,un-obstructed
horned,-,1,-
nonmember,non,0,non-member
inefficacious,in,0,in-efficacious
fissile,-,1,-
unambitiously,un,0,un-ambitiously
penitent,-,1,-
insignificant,in,0,in-significant
non-invertible,non,0,non--invertible
modifiable,-,1,-
webbed,-,1,-
agreeable,-,1,-
propriety,-,1,-
unhurried,un,0,un-hurried
ill-natured,ill,0,ill--natured
unsworn,un,0,un-sworn
moderation,-,1,-
operable,-,1,-
syndetic,-,1,-
corrupt,-,1,-
creativeness,-,1,-
well-advised,-,1,-
unpretentious,un,0,un-pretentious
soled,-,1,-
maturity,-,1,-
groomed,-,1,-
written,-,1,-
organize,-,1,-
cheerlessly,less,0,cheer-lessly
tie,-,1,-
ineloquently,in,0,in-eloquently
considerate,-,1,-
unsociable,un,0,un-sociable
engage,-,1,-
alarming,-,1,-
peaceful,-,1,-
synchronization,-,1,-
rusted,-,1,-
crowded,-,1,-
derived,-,1,-
appealable,-,1,-
disenfranchised,dis,0,dis-enfranchised
anhydrous,an,0,an-hydrous
unsold,un,0,un-sold
disunion,dis,0,dis-union
unseasonableness,un,0,un-seasonableness
comfort,-,1,-
nondeductible,non,0,non-deductible
unprovocative,un,0,un-provocative
smoker,-,1,-
attentiveness,-,1,-
unlawfulness,un,0,un-lawfulness
personalise,-,1,-
intelligibly,-,1,-
unprecedented,un,0,un-precedented
audibility,-,1,-
unpopular,un,0,un-popular
designed,-,1,-
sheathed,-,1,-
proliferation,-,1,-
communicate,-,1,-
stained,-,1,-
accuracy,-,1,-
unselfishly,un,0,un-selfishly
untapped,un,0,un-tapped
typicality,-,1,-
representative,-,1,-
certify,-,1,-
palatability,-,1,-
uncrate,un,0,un-crate
reliably,-,1,-
impracticability,im,0,im-practicability
incoordination,in,0,in-coordination
in-basket,-,1,-
numerate,-,1,-
tied,-,1,-
accelerate,-,1,-
righteously,-,1,-
unformed,un,0,un-formed
taxable,-,1,-
specific,-,1,-
revealing,re,0,re-vealing
legible,-,1,-
invertebrate,in,0,in-vertebrate
scramble,-,1,-
detribalisation,de,0,de-tribalisation
impressionable,-,1,-
humaneness,-,1,-
lock,-,1,-
liberality,-,1,-
immature,im,0,im-mature
mutable,-,1,-
crucial,-,1,-
superhuman,-,1,-
disclaim,dis,0,dis-claim
impatient,im,0,im-patient
ordinary,-,1,-
felicitous,-,1,-
forgivably,-,1,-
incompatibly,in,0,in-compatibly
photosynthetic,-,1,-
compression,-,1,-
specified,-,1,-
inanimateness,in,0,in-animateness
inviting,-,1,-
nonwoody,non,0,non-woody
disprove,dis,0,dis-prove
trustworthiness,-,1,-
twine,-,1,-
favorable,-,1,-
identifiable,-,1,-
asymmetrically,a,0,a-symmetrically
neurotic,-,1,-
unspecified,un,0,un-specified
mechanical,-,1,-
necessary,-,1,-
impalpable,im,0,im-palpable
ability,-,1,-
unservile,un,0,un-servile
ruminant,-,1,-
backed,-,1,-
chromatic_color,-,1,-
accessible,-,1,-
orienting,-,1,-
sincerely,-,1,-
cautious,-,1,-
unwind,un,0,un-wind
destabilise,de,0,de-stabilise
unscholarly,un,0,un-scholarly
respect,-,1,-
sane,-,1,-
unseasoned,un,0,un-seasoned
symmetrical,-,1,-
unstrain,un,0,un-strain
reversible,-,1,-
chartered,-,1,-
fame,-,1,-
politely,-,1,-
historical,-,1,-
determinable,-,1,-
unbind,un,0,un-bind
disordered,dis,0,dis-ordered
uneager,un,0,un-eager
ungregarious,un,0,un-gregarious
subartesian,sub,0,sub-artesian
internally,in,0,in-ternally
inhospitably,in,0,in-hospitably
unabused,un,0,un-abused
tastefulness,-,1,-
unmake,un,0,un-make
perplexed,-,1,-
antipyretic,anti,0,anti-pyretic
intense,in,0,in-tense
inconsequence,in,0,in-consequence
discontinue,dis,0,dis-continue
integration,in,0,in-tegration
undervalue,under,0,under-value
consciously,-,1,-
undifferentiated,un,0,un-differentiated
melodiously,-,1,-
expansive,-,1,-
worker,-,1,-
decrease,de,0,de-crease
grammatically,-,1,-
dedicated,-,1,-
disagreeable,dis,0,dis-agreeable
appetizing,-,1,-
acarpelous,a,0,a-carpelous
selfishly,-,1,-
pleasantly,-,1,-
oxidise,-,1,-
undesirability,un,0,un-desirability
diabatic,-,1,-
earned_run,-,1,-
bracteate,-,1,-
heedful,-,1,-
abused,-,1,-
seaworthy,-,1,-
behave,-,1,-
inextinguishable,in,0,in-extinguishable
sensitise,-,1,-
enchanted,-,1,-
appreciation,-,1,-
rhymed,-,1,-
shrinkable,-,1,-
slippery,-,1,-
incurious,in,0,in-curious
unnaturalness,un,0,un-naturalness
disinherit,dis,0,dis-inherit
disagreement,dis,0,dis-agreement
concern,-,1,-
modified,-,1,-
incredibility,in,0,in-credibility
consistency,-,1,-
expressible,-,1,-
securely,-,1,-
restrictive,-,1,-
noncombustible,non,0,non-combustible
reasonable,-,1,-
unstable,un,0,un-stable
untimbered,un,0,un-timbered
tonal,-,1,-
mismatched,mis,0,mis-matched
lodge,-,1,-
formality,-,1,-
glorious,-,1,-
anticlimactic,anti,0,anti-climactic
unclearness,un,0,un-clearness
tolerant,-,1,-
dishonesty,dis,0,dis-honesty
decentralized,de,0,de-centralized
unseamanlike,un,0,un-seamanlike
impenetrability,im,0,im-penetrability
insanity,in,0,in-sanity
orthodox,-,1,-
union,-,1,-
unproductively,un,0,un-productively
attachable,-,1,-
alienable,-,1,-
decriminalisation,de,0,de-criminalisation
nondevelopment,non,0,non-development
disorganized,dis,0,dis-organized
differentiated,-,1,-
imperishable,im,0,im-perishable
motion,-,1,-
dishonorably,dis,0,dis-honorably
undrained,un,0,un-drained
unregenerate,un,0,un-regenerate
fragrant,-,1,-
tongued,-,1,-
informal,in,0,in-formal
responsiveness,-,1,-
unidentifiable,un,0,un-identifiable
transitively,-,1,-
salubriousness,-,1,-
conjunctive,-,1,-
incautious,in,0,in-cautious
inconclusively,in,0,in-conclusively
ostentatious,-,1,-
instructive,-,1,-
unmodifiable,un,0,un-modifiable
toed,-,1,-
unaddicted,un,0,un-addicted
unclog,un,0,un-clog
changed,-,1,-
leaded,-,1,-
ineffectively,in,0,in-effectively
playable,-,1,-
mobile,-,1,-
printable,-,1,-
unobtrusively,un,0,un-obtrusively
differentiate,-,1,-
invariability,in,0,in-variability
inaccurately,in,0,in-accurately
effective,-,1,-
entangle,-,1,-
contraindication,contra,0,contra-indication
fearfully,-,1,-
brainwashed,-,1,-
unprepared,un,0,un-prepared
demythologize,de,0,de-mythologize
stabilisation,-,1,-
colourless,less,0,colour-less
unpack,un,0,un-pack
burdened,-,1,-
disable,dis,0,dis-able
usefully,-,1,-
unseemliness,un,0,un-seemliness
swept,-,1,-
clean,-,1,-
utility,-,1,-
continuous,-,1,-
characteristic,-,1,-
subsurface,sub,0,sub-surface
atrophied,-,1,-
unlubricated,un,0,un-lubricated
standard,-,1,-
speaking,-,1,-
incompatibility,in,0,in-compatibility
beneficed,-,1,-
unsuitableness,un,0,un-suitableness
intelligible,-,1,-
unjust,un,0,un-just
industrial,-,1,-
nonadsorbent,non,0,non-adsorbent
indiscreetly,in,0,in-discreetly
yoke,-,1,-
trust,-,1,-
declassify,de,0,de-classify
couple,-,1,-
unenclosed,un,0,un-enclosed
syncategorem,syn,0,syn-categorem
stratified,-,1,-
import,im,0,im-port
dignified,-,1,-
unpardonable,un,0,un-pardonable
immediacy,im,0,im-mediacy
nonruminant,non,0,non-ruminant
unintelligibly,un,0,un-intelligibly
unconnected,un,0,un-connected
improbable,im,0,im-probable
permissive,-,1,-
unproductive,un,0,un-productive
used,-,1,-
undiplomatically,un,0,un-diplomatically
fictional,-,1,-
unsupported,un,0,un-supported
insecure,in,0,in-secure
assortative_mating,-,1,-
antimagnetic,anti,0,anti-magnetic
responsive,-,1,-
relevance,-,1,-
crystalline,-,1,-
inutility,in,0,in-utility
imponderable,im,0,im-ponderable
undependable,un,0,un-dependable
measurably,-,1,-
frozen,-,1,-
imperceptible,im,0,im-perceptible
untrustiness,un,0,un-trustiness
wrap,-,1,-
laced,-,1,-
contestable,-,1,-
fertility,-,1,-
determined,-,1,-
indiscipline,in,0,in-discipline
box,-,1,-
unreliableness,un,0,un-reliableness
desensitise,de,0,de-sensitise
roofed,-,1,-
decalcify,de,0,de-calcify
supported,-,1,-
implausible,im,0,im-plausible
discourteously,dis,0,dis-courteously
attach,-,1,-
nonexistent,non,0,non-existent
probable,-,1,-
indulgent,-,1,-
incompatible,in,0,in-compatible
harmlessly,less,0,harm-lessly
organise,-,1,-
avow,-,1,-
unreliability,un,0,un-reliability
bolt,-,1,-
democratically,-,1,-
impurity,im,0,im-purity
unassertive,un,0,un-assertive
unsusceptibility,un,0,un-susceptibility
miscible,-,1,-
obedience,-,1,-
normotensive,-,1,-
indigestible,in,0,in-digestible
disfluency,dis,0,dis-fluency
aligned,-,1,-
understate,under,0,under-state
crossed,-,1,-
injudiciousness,in,0,in-judiciousness
unfairly,un,0,un-fairly
knowingly,-,1,-
unshockable,un,0,un-shockable
nonabsorbency,non,0,non-absorbency
coiled,-,1,-
unweave,un,0,un-weave
typical,-,1,-
strap,-,1,-
uninsurability,un,0,un-insurability
ionized,-,1,-
nonaddictive,non,0,non-addictive
unerect,un,0,un-erect
denationalize,de,0,de-nationalize
unfairness,un,0,un-fairness
chivalrously,-,1,-
predictable,-,1,-
inexcusable,in,0,in-excusable
substantial,-,1,-
enabling,-,1,-
uncross,un,0,un-cross
inevitable,in,0,in-evitable
content,-,1,-
sure,-,1,-
effortless,less,0,effort-less
manageably,-,1,-
unsaddled,un,0,un-saddled
painful,-,1,-
screw,-,1,-
hierarchical,-,1,-
christian,-,1,-
nonfunctional,non,0,non-functional
unpropitious,un,0,un-propitious
inharmonious,in,0,in-harmonious
spatial,-,1,-
expediency,-,1,-
replaceable,-,1,-
violently,-,1,-
unpretentiously,un,0,un-pretentiously
powerful,-,1,-
unappealing,un,0,un-appealing
nonsuppurative,non,0,non-suppurative
carved,-,1,-
roofless,less,0,roof-less
undeceive,un,0,un-deceive
unaltered,un,0,un-altered
unnatural,un,0,un-natural
unsatisfactoriness,un,0,un-satisfactoriness
hypokalemia,hypo,0,hypo-kalemia
unargumentative,un,0,un-argumentative
pregnant,-,1,-
uncollected,un,0,un-collected
jawed,-,1,-
drinkable,-,1,-
washable,-,1,-
consecrated,-,1,-
impiety,im,0,im-piety
capable,-,1,-
sociably,-,1,-
nonproliferation,non,0,non-proliferation
unbelted,un,0,un-belted
untrustworthy,un,0,un-trustworthy
dynamic,-,1,-
nontechnical,non,0,non-technical
singular_matrix,-,1,-
unpropitiously,un,0,un-propitiously
decentralization,de,0,de-centralization
engagement,-,1,-
unperceptiveness,un,0,un-perceptiveness
becomingness,-,1,-
unoriented,un,0,un-oriented
unreality,un,0,un-reality
inheritable,-,1,-
unstratified_language,un,0,un-stratified_language
unpaintable,un,0,un-paintable
unactable,un,0,un-actable
nonsurgical,non,0,non-surgical
counterrevolutionary,counter,0,counter-revolutionary
prudent,-,1,-
antiseptic,anti,0,anti-septic
illegibility,il,0,il-legibility
enchant,-,1,-
colored,-,1,-
humanize,-,1,-
reported,-,1,-
powered,-,1,-
congruity,-,1,-
unintelligent,un,0,un-intelligent
immortal,im,0,im-mortal
occupied,-,1,-
type,-,1,-
faithful,-,1,-
priestly,-,1,-
conditionally,-,1,-
trustfully,-,1,-
aperiodic,a,0,a-periodic
sworn,-,1,-
tractability,-,1,-
unquietly,un,0,un-quietly
unsatisfactorily,un,0,un-satisfactorily
deglycerolize,de,0,de-glycerolize
mown,-,1,-
atypicality,a,0,a-typicality
untouched,un,0,un-touched
unmelodiously,un,0,un-melodiously
unethical,un,0,un-ethical
underspend,under,0,under-spend
intentionally,-,1,-
piety,-,1,-
inelasticity,in,0,in-elasticity
abranchiate,a,0,a-branchiate
unbox,un,0,un-box
emersion,-,1,-
protected,-,1,-
capableness,-,1,-
conspicuous,-,1,-
prescription,-,1,-
dispensable,-,1,-
loamless,less,0,loam-less
lamented,-,1,-
dishonorableness,dis,0,dis-honorableness
unshelled,un,0,un-shelled
movability,-,1,-
unacknowledged,un,0,un-acknowledged
nonradioactive,non,0,non-radioactive
graciousness,-,1,-
indistinctness,in,0,in-distinctness
unwillingly,un,0,un-willingly
topped,-,1,-
spineless,less,0,spine-less
admissibility,-,1,-
explicit,-,1,-
humorless,less,0,humor-less
unlucky,un,0,un-lucky
concentrate,-,1,-
mortal,-,1,-
distributed,dis,0,dis-tributed
constitutional,-,1,-
perceptibility,-,1,-
unneighborliness,un,0,un-neighborliness
conscientious,-,1,-
unpeaceful,un,0,un-peaceful
infeasibility,in,0,in-feasibility
impartiality,im,0,im-partiality
immobile,im,0,im-mobile
womanly,-,1,-
noncellular,non,0,non-cellular
impious,im,0,im-pious
uninterestingly,un,0,un-interestingly
noncollapsible,non,0,non-collapsible
addictive,-,1,-
distinctness,-,1,-
unleavened,un,0,un-leavened
accommodating,-,1,-
errancy,-,1,-
detransitivize,de,0,de-transitivize
illogically,il,0,il-logically
adducent,-,1,-
assisted,-,1,-
supportive,-,1,-
overstock,-,1,-
nonmodern,non,0,non-modern
pointless,less,0,point-less
theatrical,-,1,-
loading,-,1,-
unloaded,un,0,un-loaded
overbid,-,1,-
immeasurable,im,0,im-measurable
infinite,in,0,in-finite
unsteadily,un,0,un-steadily
tractable,-,1,-
frequent,-,1,-
unadaptability,un,0,un-adaptability
soundness,-,1,-
cleanliness,-,1,-
heedfulness,-,1,-
efficient,-,1,-
frequently,-,1,-
wary,-,1,-
impractical,im,0,im-practical
unpatriotic,un,0,un-patriotic
inexpedient,in,0,in-expedient
impaired,-,1,-
realistically,-,1,-
orderliness,-,1,-
maturely,-,1,-
astringent,-,1,-
distrustful,dis,0,dis-trustful
indecorum,in,0,in-decorum
affectedness,-,1,-
judiciously,-,1,-
impossibly,im,0,im-possibly
bellied,-,1,-
wanted,-,1,-
deniable,-,1,-
scientific,-,1,-
unselected,un,0,un-selected
posed,-,1,-
disagree,dis,0,dis-agree
gratefully,-,1,-
untruthful,un,0,un-truthful
denazify,de,0,de-nazify
veil,-,1,-
connectedness,-,1,-
flowerless,less,0,flower-less
alphabetic,-,1,-
uncongeniality,un,0,un-congeniality
nationalise,-,1,-
arbitrary,-,1,-
disapprove,dis,0,dis-approve
harmless,less,0,harm-less
awnless,less,0,awn-less
seasonably,-,1,-
resoluteness,-,1,-
opportunely,-,1,-
unseasonable,un,0,un-seasonable
unpatronized,un,0,un-patronized
hopeless,less,0,hope-less
conditional,-,1,-
credibility,-,1,-
underpay,under,0,under-pay
moderate,-,1,-
unaccompanied,un,0,un-accompanied
starless,less,0,star-less
uncut,un,0,un-cut
inactivation,in,0,in-activation
exclude,ex,0,ex-clude
understood,-,1,-
uncompartmented,un,0,un-compartmented
generous,-,1,-
hypotonus,hypo,0,hypo-tonus
enable,-,1,-
unbelief,un,0,un-belief
aptitude,-,1,-
unstaged,un,0,un-staged
hypoparathyroidism,hypo,0,hypo-parathyroidism
unnaturally,un,0,un-naturally
unsuccessfully,un,0,un-successfully
honesty,-,1,-
honorably,-,1,-
modesty,-,1,-
exhausted,-,1,-
indispensable,in,0,in-dispensable
nonalignment,non,0,non-alignment
ungratefully,un,0,un-gratefully
untangled,un,0,un-tangled
convincingly,-,1,-
nonvolatile_storage,non,0,non-volatile_storage
military,-,1,-
trustworthy,-,1,-
unfastidious,un,0,un-fastidious
effectiveness,-,1,-
incoherently,in,0,in-coherently
dissuasion,dis,0,dis-suasion
displeased,dis,0,dis-pleased
uncharacteristically,un,0,un-characteristically
ribbed,-,1,-
felicitously,-,1,-
unoffending,un,0,un-offending
complimentary,-,1,-
dissimilate,dis,0,dis-similate
unemployment,un,0,un-employment
nonreturnable,non,0,non-returnable
ungathered,un,0,un-gathered
serviceable,-,1,-
unlimited,un,0,un-limited
nonparticipation,non,0,non-participation
noninfectious,non,0,non-infectious
permeable,-,1,-
impreciseness,im,0,im-preciseness
impossible,im,0,im-possible
unbutton,un,0,un-button
reportable,-,1,-
unevenly,un,0,un-evenly
integrate,-,1,-
noticeable,-,1,-
pleased,-,1,-
oblige,-,1,-
stoppable,-,1,-
flowering,-,1,-
motorized,-,1,-
unholy,un,0,un-holy
untipped,un,0,un-tipped
loamy,-,1,-
decrescendo,de,0,de-crescendo
consequence,-,1,-
legitimately,-,1,-
happy,-,1,-
disorganise,dis,0,dis-organise
irreligious,ir,0,ir-religious
hypotonicity,hypo,0,hypo-tonicity
unharness,un,0,un-harness
unprintable,un,0,un-printable
discomposed,dis,0,dis-composed
inexpressible,in,0,in-expressible
liked,-,1,-
contraindicate,contra,0,contra-indicate
tastelessly,less,0,taste-lessly
congruous,-,1,-
permanence,-,1,-
hopeful,-,1,-
expedience,-,1,-
declassification,de,0,de-classification
nonmigratory,non,0,non-migratory
paved,-,1,-
counterclockwise,counter,0,counter-clockwise
musically,-,1,-
legitimacy,-,1,-
dedifferentiate,de,0,de-differentiate
inboard,-,1,-
mercilessness,less,0,merci-lessness
infelicitous,in,0,in-felicitous
inactiveness,in,0,in-activeness
corruptibility,-,1,-
irregularity,ir,0,ir-regularity
noncombinative,non,0,non-combinative
appropriate,-,1,-
desirable,-,1,-
seasonableness,-,1,-
collected,-,1,-
dissimilitude,dis,0,dis-similitude
inconsistently,in,0,in-consistently
usefulness,-,1,-
de-iodinating,de,0,de--iodinating
unwellness,un,0,un-wellness
motility,-,1,-
competitive,-,1,-
affixed,-,1,-
uninquiring,un,0,un-inquiring
incomprehension,in,0,in-comprehension
sensitive,-,1,-
comprehension,-,1,-
forceless,less,0,force-less
constructiveness,-,1,-
unstained,un,0,un-stained
implicit,im,0,im-plicit
disreputability,dis,0,dis-reputability
nonworker,non,0,non-worker
translatable,-,1,-
unrestraint,un,0,un-restraint
regulate,-,1,-
scheduled,-,1,-
uncaulked,un,0,un-caulked
packaged,-,1,-
unbarreled,un,0,un-barreled
dislike,dis,0,dis-like
convertible,-,1,-
discriminate,-,1,-
dissent,dis,0,dis-sent
inflexible,in,0,in-flexible
sympathetically,-,1,-
moneyed,-,1,-
unangry,un,0,un-angry
uncle,un,0,un-cle
unbecomingness,un,0,un-becomingness
out-basket,out,0,out--basket
incurable,in,0,in-curable
potent,-,1,-
kindness,-,1,-
operative,-,1,-
shaven,-,1,-
addicted,-,1,-
unconstitutional,un,0,un-constitutional
unfree,un,0,un-free
avascular,a,0,a-vascular
elasticity,-,1,-
inhibited,-,1,-
similar,-,1,-
unfasten,un,0,un-fasten
nonpolitical,non,0,non-political
hypovolemia,hypo,0,hypo-volemia
unsportingly,un,0,un-sportingly
unwaxed,un,0,un-waxed
unmade,un,0,un-made
unrigged,un,0,un-rigged
desynchronizing,de,0,de-synchronizing
inaccuracy,in,0,in-accuracy
expressively,-,1,-
bottomed,-,1,-
income,-,1,-
undocumented,un,0,un-documented
disobediently,dis,0,dis-obediently
untidiness,un,0,un-tidiness
repeatable,-,1,-
unregistered,un,0,un-registered
unrestricted,un,0,un-restricted
function,-,1,-
uncritical,un,0,un-critical
handed,-,1,-
unstressed,un,0,un-stressed
arbitrable,-,1,-
nonconformist,non,0,non-conformist
uncertainty,un,0,un-certainty
superior,-,1,-
off-season,off,0,off--season
dispensableness,-,1,-
upstairs,-,1,-
armless,less,0,arm-less
de-ionate,de,0,de--ionate
desecrate,de,0,de-secrate
inaesthetic,in,0,in-aesthetic
insecurely,in,0,in-securely
hyperkalemia,-,1,-
fairness,-,1,-
trustiness,-,1,-
unconscientiousness,un,0,un-conscientiousness
unchanged,un,0,un-changed
nonterritorial,non,0,non-territorial
articulately,-,1,-
incaution,in,0,in-caution
onstage,-,1,-
export,-,1,-
artlessness,less,0,art-lessness
infernal,-,1,-
skinless,less,0,skin-less
undependableness,un,0,un-dependableness
mercifulness,-,1,-
unpublished,un,0,un-published
aggressive,-,1,-
conscientiousness,-,1,-
romantically,-,1,-
unsystematic,un,0,un-systematic
mutableness,-,1,-
unprecedentedly,un,0,un-precedentedly
perceptibly,-,1,-
irresponsibleness,ir,0,ir-responsibleness
unleaded,un,0,un-leaded
fair,-,1,-
snarl,-,1,-
attractive,-,1,-
saddle,-,1,-
nonexplosive,non,0,non-explosive
thermal,-,1,-
reducible,-,1,-
attractively,-,1,-
inexactness,in,0,in-exactness
disliked,dis,0,dis-liked
systematically,-,1,-
anticlinal,anti,0,anti-clinal
indecisively,in,0,in-decisively
steadiness,-,1,-
material,-,1,-
unconditional,un,0,un-conditional
affected,-,1,-
impermissibility,im,0,im-permissibility
unexcitable,un,0,un-excitable
scented,-,1,-
impatiently,im,0,im-patiently
nonreciprocal,non,0,non-reciprocal
enclosed,-,1,-
ebracteate,e,0,e-bracteate
flattering,-,1,-
ungracious,un,0,un-gracious
unintended,un,0,un-intended
soured,-,1,-
righteousness,-,1,-
synchronise,-,1,-
passionless,less,0,passion-less
secure,-,1,-
chaste,-,1,-
clockwise,-,1,-
zonal,-,1,-
dishonest,dis,0,dis-honest
unexpansive,un,0,un-expansive
nonsectarian,non,0,non-sectarian
unprophetic,un,0,un-prophetic
incompetently,in,0,in-competently
unmindfulness,un,0,un-mindfulness
fissionable,-,1,-
unprocessed,un,0,un-processed
hatless,less,0,hat-less
carefully,-,1,-
supersonic,super,0,super-sonic
untrustworthiness,un,0,un-trustworthiness
memberless,less,0,member-less
contaminated,-,1,-
euphemism,-,1,-
civil,-,1,-
communicativeness,-,1,-
inattentive,in,0,in-attentive
irresoluteness,ir,0,ir-resoluteness
untrimmed,un,0,un-trimmed
conscious,-,1,-
unairworthy,un,0,un-airworthy
inexplicable,in,0,in-explicable
undelineated,un,0,un-delineated
inaptness,in,0,in-aptness
inconsiderate,in,0,in-considerate
unstratified,un,0,un-stratified
discontinuation,dis,0,dis-continuation
disarm,dis,0,dis-arm
nonsteroidal,non,0,non-steroidal
tangible,-,1,-
incapability,in,0,in-capability
gracious,-,1,-
imperceptibly,im,0,im-perceptibly
efficacy,-,1,-
noncurrent,non,0,non-current
unplowed,un,0,un-plowed
indispose,in,0,in-dispose
uncover,un,0,un-cover
supernal,super,0,super-nal
advantage,-,1,-
achromatinic,a,0,a-chromatinic
real,-,1,-
unacquisitive,un,0,un-acquisitive
classify,-,1,-
calcify,-,1,-
impotent,im,0,im-potent
finiteness,-,1,-
nitrify,-,1,-
judgmental,-,1,-
attendance,-,1,-
unfeelingly,un,0,un-feelingly
tonicity,-,1,-
unknowable,un,0,un-knowable
predictability,-,1,-
untranslatable,un,0,un-translatable
beneficent,-,1,-
immovableness,im,0,im-movableness
likely,-,1,-
breathless,less,0,breath-less
inhospitable,in,0,in-hospitable
unenforced,un,0,un-enforced
inappositeness,in,0,in-appositeness
voluntary,-,1,-
invigorating,-,1,-
malevolence,mal,0,mal-evolence
enfranchisement,-,1,-
inconspicuously,in,0,in-conspicuously
unfortunately,un,0,un-fortunately
prudence,-,1,-
inferiority,in,0,in-feriority
unexpendable,un,0,un-expendable
insincere,in,0,in-sincere
purity,-,1,-
inexhaustible,in,0,in-exhaustible
correctly,-,1,-
dissimilarity,dis,0,dis-similarity
friendliness,-,1,-
incredulous,in,0,in-credulous
mystify,-,1,-
unplanted,un,0,un-planted
diluted,-,1,-
suitably,-,1,-
innumerate,in,0,in-numerate
uncommonness,un,0,un-commonness
unbeneficed,un,0,un-beneficed
unmanfully,un,0,un-manfully
continued,-,1,-
humanely,-,1,-
exactly,-,1,-
nonionized,non,0,non-ionized
precise,-,1,-
ineffectually,in,0,in-effectually
mobility,-,1,-
hospitableness,-,1,-
edible,-,1,-
unaffectedness,un,0,un-affectedness
ceremoniously,-,1,-
knowable,-,1,-
selfish,-,1,-
authorized,-,1,-
unskilled,un,0,un-skilled
suitableness,-,1,-
appropriateness,-,1,-
unliveried,un,0,un-liveried
uninterestingness,un,0,un-interestingness
distrustfully,dis,0,dis-trustfully
unpalatably,un,0,un-palatably
magnetise,-,1,-
likeness,-,1,-
unreliable,un,0,un-reliable
unwholesome,un,0,un-wholesome
uninspiring,un,0,un-inspiring
decisiveness,-,1,-
inflationary,-,1,-
bequeath,-,1,-
uninsured,un,0,un-insured
appearance,-,1,-
alterability,-,1,-
insensitivity,in,0,in-sensitivity
veiled,-,1,-
honestly,-,1,-
impressively,-,1,-
decentralise,de,0,de-centralise
creative,-,1,-
uncommitted,un,0,un-committed
unfaceted,un,0,un-faceted
anovulation,an,0,an-ovulation
fasten,-,1,-
incontinent,in,0,in-continent
discourage,dis,0,dis-courage
changeable,-,1,-
unconditionally,un,0,un-conditionally
hurried,-,1,-
tidiness,-,1,-
inequitably,in,0,in-equitably
inconstant,in,0,in-constant
unsociability,un,0,un-sociability
unpersuasiveness,un,0,un-persuasiveness
de-iodinate,de,0,de--iodinate
inaudibility,in,0,in-audibility
neckless,less,0,neck-less
airworthy,-,1,-
nondisposable,non,0,non-disposable
unburied,un,0,un-buried
fitness,-,1,-
activeness,-,1,-
unconscientious,un,0,un-conscientious
official,-,1,-
holiness,-,1,-
conventionally,-,1,-
odorous,-,1,-
cleared,-,1,-
unstudied,un,0,un-studied
improperness,im,0,im-properness
motionlessness,less,0,motion-lessness
immoral,im,0,im-moral
evenness,-,1,-
conspicuousness,-,1,-
unimaginatively,un,0,un-imaginatively
uniformity,-,1,-
banded,-,1,-
judiciousness,-,1,-
concerned,-,1,-
memorably,-,1,-
lucky,-,1,-
unlike,un,0,un-like
unimpressionable,un,0,un-impressionable
impracticableness,im,0,im-practicableness
undiscerning,un,0,un-discerning
ribless,less,0,rib-less
artesian,-,1,-
troubled,-,1,-
nonfictional,non,0,non-fictional
synchronous,-,1,-
harmfully,-,1,-
naturalness,-,1,-
saddled,-,1,-
neighborliness,-,1,-
preciseness,-,1,-
willingness,-,1,-
legality,-,1,-
carefulness,-,1,-
nonviolent,non,0,non-violent
consolable,-,1,-
illicitly,il,0,il-licitly
unbend,un,0,un-bend
demystify,de,0,de-mystify
uncleanliness,un,0,un-cleanliness
patriotic,-,1,-
styleless,less,0,style-less
painless,less,0,pain-less
gnostic,-,1,-
deodourise,de,0,de-odourise
fernless,less,0,fern-less
colorful,-,1,-
aptness,-,1,-
unworthiness,un,0,un-worthiness
suitability,-,1,-
euphemistic,-,1,-
unbodied,un,0,un-bodied
perviousness,-,1,-
stuff,-,1,-
placental,-,1,-
unpowered,un,0,un-powered
expediently,-,1,-
apetalous,a,0,a-petalous
unbreakable,un,0,un-breakable
discalced,dis,0,dis-calced
connected,-,1,-
unpackaged,un,0,un-packaged
hipless,less,0,hip-less
plug_in,-,1,-
indecorously,in,0,in-decorously
acceptable,-,1,-
divergency,di,0,di-vergency
nonpsychoactive,non,0,non-psychoactive
unconcealed,un,0,un-concealed
infield,-,1,-
unpermissiveness,un,0,un-permissiveness
ventilated,-,1,-
propitiously,-,1,-
humorlessly,less,0,humor-lessly
cheerfulness,-,1,-
puncturable,-,1,-
indoors,-,1,-
politeness,-,1,-
literacy,-,1,-
critical,-,1,-
sensitize,-,1,-
unchaste,un,0,un-chaste
antinode,anti,0,anti-node
unsympathetically,un,0,un-sympathetically
deregulate,de,0,de-regulate
unconsciously,un,0,un-consciously
handless,less,0,hand-less
untraveled,un,0,un-traveled
variability,-,1,-
uninhabited,un,0,un-inhabited
nonhuman,non,0,non-human
outflow,out,0,out-flow
climactic,-,1,-
sugarless,less,0,sugar-less
careful,-,1,-
reproducible,-,1,-
decent,-,1,-
tucked,-,1,-
tactlessness,less,0,tact-lessness
downtick,down,0,down-tick
unimproved,un,0,un-improved
disrespect,dis,0,dis-respect
metamorphic,-,1,-
underact,under,0,under-act
disallow,dis,0,dis-allow
typically,-,1,-
coherence,-,1,-
irreverent,ir,0,ir-reverent
clothed,-,1,-
incapacity,in,0,in-capacity
varied,-,1,-
unknown,un,0,un-known
unveiled,un,0,un-veiled
disagreeably,dis,0,dis-agreeably
unpunished,un,0,un-punished
increased,-,1,-
invulnerable,in,0,in-vulnerable
service,-,1,-
hatted,-,1,-
cognizance,-,1,-
palpable,-,1,-
smokeless,less,0,smoke-less
playful,-,1,-
impartial,im,0,im-partial
requisition,-,1,-
impersonal,im,0,im-personal
formal,-,1,-
unsupervised,un,0,un-supervised
unheaded,un,0,un-headed
influential,-,1,-
immutable,im,0,im-mutable
unhelpfully,un,0,un-helpfully
impervious,im,0,im-pervious
demobilise,de,0,de-mobilise
unbroken,un,0,un-broken
cousinly,-,1,-
incomparably,in,0,in-comparably
disconnect,dis,0,dis-connect
acknowledged,-,1,-
nonsignificant,non,0,non-significant
accurate,-,1,-
incomprehensibility,in,0,in-comprehensibility
toeless,less,0,toe-less
inactivity,in,0,in-activity
intellectual,-,1,-
undeservedly,un,0,un-deservedly
uncompassionate,un,0,un-compassionate
inhibitor,in,0,in-hibitor
unprejudiced,un,0,un-prejudiced
exploratory,-,1,-
uncontroversial,un,0,un-controversial
worthy,-,1,-
current,-,1,-
displease,dis,0,dis-please
reciprocal,-,1,-
bicameral,-,1,-
rationally,-,1,-
unobligated,un,0,un-obligated
patient,-,1,-
sheathe,-,1,-
decentralizing,de,0,de-centralizing
inexactly,in,0,in-exactly
toneless,less,0,tone-less
unimpressive,un,0,un-impressive
receptive,-,1,-
breakableness,-,1,-
inhospitality,in,0,in-hospitality
experienced,-,1,-
hairlessness,less,0,hair-lessness
unlisted,un,0,un-listed
unwittingly,un,0,un-wittingly
downwardly,down,0,down-wardly
go,-,1,-
ferned,-,1,-
insurmountable,in,0,in-surmountable
uncared-for,un,0,un-cared-for
unthinkable,un,0,un-thinkable
unhelpful,un,0,un-helpful
susceptibility,-,1,-
color,-,1,-
reputable,-,1,-
permeability,-,1,-
flexibility,-,1,-
unaffixed,un,0,un-affixed
hypertonus,-,1,-
sized,-,1,-
nonjudgmental,non,0,non-judgmental
inexplicitness,in,0,in-explicitness
nonfatal,non,0,non-fatal
immutability,im,0,im-mutability
gloveless,less,0,glove-less
unmined,un,0,un-mined
capability,-,1,-
unethically,un,0,un-ethically
echoic,-,1,-
communicative,-,1,-
unreassuring,un,0,un-reassuring
sentient,-,1,-
euphoria,-,1,-
indecently,in,0,in-decently
demote,de,0,de-mote
emotionally,-,1,-
undue,un,0,un-due
transitivity,-,1,-
obey,-,1,-
breasted,-,1,-
ungenerous,un,0,un-generous
distinguishable,-,1,-
incongruous,in,0,in-congruous
denationalise,de,0,de-nationalise
explosive,-,1,-
irregular,ir,0,ir-regular
awned,-,1,-
ungrateful,un,0,un-grateful
impenitent,im,0,im-penitent
unexchangeable,un,0,un-exchangeable
ill-defined,ill,0,ill--defined
bearing,-,1,-
node,-,1,-
harness,-,1,-
bound,-,1,-
discourteous,dis,0,dis-courteous
unmanageable,un,0,un-manageable
reassuring,-,1,-
unshapely,un,0,un-shapely
benign,-,1,-
aggrade,-,1,-
indecency,in,0,in-decency
uncertified,un,0,un-certified
solubility,-,1,-
factuality,-,1,-
uncheerfulness,un,0,un-cheerfulness
nonarboreal,non,0,non-arboreal
estrous,-,1,-
constipated,-,1,-
hairiness,-,1,-
abducent,ab,0,ab-ducent
aplacental,a,0,a-placental
remarkably,-,1,-
indefeasible,in,0,in-defeasible
efficacious,-,1,-
loyally,-,1,-
purposefulness,-,1,-
unenlivened,un,0,un-enlivened
insane,in,0,in-sane
incommensurate,in,0,in-commensurate
temperate,-,1,-
rhythmical,-,1,-
overachievement,-,1,-
camphorated,-,1,-
hook,-,1,-
undependability,un,0,un-dependability
eugenics,-,1,-
absorbent,-,1,-
contralateral,contra,0,contra-lateral
awed,-,1,-
ironed,-,1,-
off-site,-,1,-
reserved,-,1,-
imaginatively,-,1,-
vertebrate,-,1,-
unscramble,un,0,un-scramble
woven,-,1,-
invalidate,in,0,in-validate
uselessly,less,0,use-lessly
rimmed,-,1,-
elegant,-,1,-
smilingly,-,1,-
filled,-,1,-
developed,-,1,-
dissonance,dis,0,dis-sonance
unburdened,un,0,un-burdened
unresponsive,un,0,un-responsive
immorality,im,0,im-morality
connect,-,1,-
honest,-,1,-
legal,-,1,-
nonwashable,non,0,non-washable
disorient,dis,0,dis-orient
trustful,-,1,-
non-engagement,non,0,non--engagement
ingratitude,in,0,in-gratitude
ungusseted,un,0,un-gusseted
opportuneness,-,1,-
hypothermia,hypo,0,hypo-thermia
emotional_person,-,1,-
harmful,-,1,-
directness,-,1,-
wittingly,-,1,-
embark,-,1,-
uncharged,un,0,un-charged
dehumanize,de,0,de-humanize
flexible,-,1,-
probability,-,1,-
compress,-,1,-
appreciate,-,1,-
disassociation,dis,0,dis-association
turned,-,1,-
ethically,-,1,-
ahistorical,a,0,a-historical
unawed,un,0,un-awed
successful,-,1,-
knot,-,1,-
inflexibly,in,0,in-flexibly
permanent,-,1,-
unassigned,un,0,un-assigned
advantageous,-,1,-
unmarked,un,0,un-marked
planted,-,1,-
unscalable,un,0,un-scalable
uncontroversially,un,0,un-controversially
eloquently,-,1,-
unlock,un,0,un-lock
decorously,-,1,-
unbraid,un,0,un-braid
ambitious,-,1,-
inglorious,in,0,in-glorious
metallic,-,1,-
stalinize,-,1,-
undignified,un,0,un-dignified
humorously,-,1,-
seasoned,-,1,-
misused,mis,0,mis-used
gutlessness,less,0,gut-lessness
unsurprised,un,0,un-surprised
decode,de,0,de-code
mistrust,mis,0,mis-trust
tactless,less,0,tact-less
unemotionally,un,0,un-emotionally
sinkable,-,1,-
nonthermal,non,0,non-thermal
citizen,-,1,-
seal,-,1,-
impermeable,im,0,im-permeable
militarize,-,1,-
regularity,-,1,-
disrepute,dis,0,dis-repute
advertently,-,1,-
imprudence,im,0,im-prudence
unlisted_security,un,0,un-listed_security
provident,-,1,-
sleeved,-,1,-
enthusiastically,-,1,-
dissuasive,dis,0,dis-suasive
ungraciousness,un,0,un-graciousness
unturned,un,0,un-turned
even,-,1,-
rigged,-,1,-
seductive,-,1,-
unmodified,un,0,un-modified
block,-,1,-
scrupulous,-,1,-
dissuade,dis,0,dis-suade
unforgettable,un,0,un-forgettable
apologetic,-,1,-
sensory,-,1,-
tactful,-,1,-
unconditioned,un,0,un-conditioned
combed,-,1,-
demobilize,de,0,de-mobilize
politic,-,1,-
unacceptability,un,0,un-acceptability
involved,-,1,-
membered,-,1,-
infrequent,in,0,in-frequent
abactinal,ab,0,ab-actinal
fastidious,-,1,-
reversibility,-,1,-
significance,-,1,-
reliability,-,1,-
heedless,less,0,heed-less
promotion,-,1,-
patronized,-,1,-
unyoke,un,0,un-yoke
dispose,-,1,-
unbar,un,0,un-bar
timbered,-,1,-
rhetorical,-,1,-
anestrous,an,0,an-estrous
hurriedly,-,1,-
hypertensive,-,1,-
professional,-,1,-
noninstitutionalized,non,0,non-institutionalized
unexcited,un,0,un-excited
divisible,-,1,-
loaded,-,1,-
stemless,less,0,stem-less
disingenuousness,dis,0,dis-ingenuousness
untreated,un,0,un-treated
asymmetrical,a,0,a-symmetrical
unspecialized,un,0,un-specialized
inessential,in,0,in-essential
punished,-,1,-
pressurise,-,1,-
nonattendance,non,0,non-attendance
unmanned,un,0,un-manned
disappearance,dis,0,dis-appearance
abnormality,ab,0,ab-normality
savory,-,1,-
calculable,-,1,-
undefeated,un,0,un-defeated
nonreflective,non,0,non-reflective
unsolved,un,0,un-solved
intradepartmental,in,0,in-tradepartmental
involvement,-,1,-
noninvasive,non,0,non-invasive
unspaced,un,0,un-spaced
unprofessional,un,0,un-professional
unpredictability,un,0,un-predictability
informative,-,1,-
nonreversible,non,0,non-reversible
underbid,under,0,under-bid
unappetizingness,un,0,un-appetizingness
impossibility,im,0,im-possibility
immeasurably,im,0,im-measurably
elegance,-,1,-
ionate,-,1,-
fruitfulness,-,1,-
moneyless,less,0,money-less
exploited,-,1,-
interestingly,-,1,-
unnoticed,un,0,un-noticed
unmanly,un,0,un-manly
fruitful,-,1,-
disapproval,dis,0,dis-approval
ununderstood,un,0,un-understood
unrealistic,un,0,un-realistic
traveled,-,1,-
bloodless,less,0,blood-less
tuneful,-,1,-
sociable,-,1,-
ambiguous,-,1,-
de-escalate,de,0,de--escalate
ungeared,un,0,un-geared
contented,-,1,-
insubstantial,in,0,in-substantial
stylish,-,1,-
incommutable,in,0,in-commutable
partisan,-,1,-
linguistic,-,1,-
maleficence,mal,0,mal-eficence
tactfulness,-,1,-
efflux,ef,0,ef-flux
worthiness,-,1,-
buried,-,1,-
irrevocable,ir,0,ir-revocable
irregularly,ir,0,ir-regularly
uncoated,un,0,un-coated
potted,-,1,-
dependably,-,1,-
overexpose,-,1,-
embarkation,-,1,-
argumentative,-,1,-
insensitiveness,in,0,in-sensitiveness
unusualness,un,0,un-usualness
disjunct,dis,0,dis-junct
unmated,un,0,un-mated
marked,-,1,-
unlikelihood,un,0,un-likelihood
unstring,un,0,un-string
digestible,-,1,-
unanimated,un,0,un-animated
illiteracy,il,0,il-literacy
classical,-,1,-
finished,-,1,-
aborad,ab,0,ab-orad
congenial,-,1,-
unmodulated,un,0,un-modulated
deceleration,de,0,de-celeration
dysphoric,dys,0,dys-phoric
unresponsiveness,un,0,un-responsiveness
colorless,less,0,color-less
unpronounceable,un,0,un-pronounceable
tanned,-,1,-
violent,-,1,-
distributive,dis,0,dis-tributive
asynchronism,a,0,a-synchronism
unbalconied,un,0,un-balconied
undamaged,un,0,un-damaged
satisfaction,-,1,-
pious,-,1,-
respectability,-,1,-
nourished,-,1,-
portable,-,1,-
discontinuance,dis,0,dis-continuance
oral,-,1,-
inland,in,0,in-land
extraordinariness,extra,0,extra-ordinariness
unblock,un,0,un-block
undemocratically,un,0,un-democratically
ungrammatically,un,0,un-grammatically
unrenewable,un,0,un-renewable
germfree,free,0,germ-free
deflate,de,0,de-flate
dehiscent,-,1,-
unintentionally,un,0,un-intentionally
resistible,-,1,-
wrinkled,-,1,-
overpay,-,1,-
colorlessness,less,0,color-lessness
unimodal,un,0,un-imodal
toothless,less,0,tooth-less
unrevived,un,0,un-revived
uninfluential,un,0,un-influential
incalculable,in,0,in-calculable
depreciation,de,0,de-preciation
explicable,-,1,-
misconception,mis,0,mis-conception
unapproachability,un,0,un-approachability
indecisiveness,in,0,in-decisiveness
immobility,im,0,im-mobility
unseeded,un,0,un-seeded
unceremoniousness,un,0,un-ceremoniousness
seedy,-,1,-
consummated,-,1,-
untucked,un,0,un-tucked
reactive,-,1,-
datable,-,1,-
dimmed,-,1,-
incautiously,in,0,in-cautiously
inconvenient,in,0,in-convenient
unreal,un,0,un-real
adoptable,-,1,-
commonness,-,1,-
unseductive,un,0,un-seductive
unrentable,un,0,un-rentable
tactfully,-,1,-
disreputable,dis,0,dis-reputable
unorthodox,un,0,un-orthodox
disposable,-,1,-
unnecessarily,un,0,un-necessarily
achromatic_color,a,0,a-chromatic_color
inessentiality,in,0,in-essentiality
enfranchise,-,1,-
roll_up,-,1,-
insensible,in,0,in-sensible
satisfy,-,1,-
functional,-,1,-
unstuff,un,0,un-stuff
incommodious,in,0,in-commodious
blended,-,1,-
disenfranchisement,dis,0,dis-enfranchisement
unworthy,un,0,un-worthy
usualness,-,1,-
descending,de,0,de-scending
toned,-,1,-
unreportable,un,0,un-reportable
admissible,-,1,-
charged,-,1,-
deciphered,-,1,-
inconvenience,in,0,in-convenience
propitiousness,-,1,-
cellular,-,1,-
unenlightened,un,0,un-enlightened
nonintervention,non,0,non-intervention
hypertonicity,-,1,-
political,-,1,-
inauspiciousness,in,0,in-auspiciousness
unobvious,un,0,un-obvious
desirability,-,1,-
boneless,less,0,bone-less
inexpediently,in,0,in-expediently
uncivilly,un,0,un-civilly
compatibly,-,1,-
decompression,de,0,de-compression
ungodliness,un,0,un-godliness
crate,-,1,-
insufficiency,in,0,in-sufficiency
hydrous,-,1,-
insignificantly,in,0,in-significantly
nonresident,non,0,non-resident
impoliteness,im,0,im-politeness
inequity,in,0,in-equity
inaccessible,in,0,in-accessible
incredibly,in,0,in-credibly
unblemished,un,0,un-blemished
unretentive,un,0,un-retentive
unscripted,un,0,un-scripted
seasonable,-,1,-
effortful,-,1,-
employed,-,1,-
inaudible,in,0,in-audible
repentant,-,1,-
juicy,-,1,-
nonbeing,non,0,non-being
unglazed,un,0,un-glazed
overvalue,-,1,-
disproportionate,dis,0,dis-proportionate
opposed,-,1,-
enthrone,-,1,-
noncrucial,non,0,non-crucial
undergarment,under,0,under-garment
reflected,-,1,-
underdress,under,0,under-dress
settled,-,1,-
uninjured,un,0,un-injured
decency,-,1,-
stemmed,-,1,-
immersion,im,0,im-mersion
magnetic,-,1,-
unfriendly,un,0,un-friendly
asymmetry,a,0,a-symmetry
assimilate,-,1,-
wariness,-,1,-
subordinate,-,1,-
disingenuous,dis,0,dis-ingenuous
valid,-,1,-
atonic,a,0,a-tonic
qualified,-,1,-
recognizably,-,1,-
unmemorably,un,0,un-memorably
avenged,-,1,-
effortfulness,-,1,-
unwebbed,un,0,un-webbed
renewable,-,1,-
lawfulness,-,1,-
common,-,1,-
shod,-,1,-
inviolable,in,0,in-violable
employable,-,1,-
unluckily,un,0,un-luckily
unemployable,un,0,un-employable
stratified_language,-,1,-
unshared,un,0,un-shared
merited,-,1,-
unrewarding,un,0,un-rewarding
cross,-,1,-
inconclusive,in,0,in-conclusive
insolvent,in,0,in-solvent
unsaturated,un,0,un-saturated
enfranchised,-,1,-
regenerate,-,1,-
nonphotosynthetic,non,0,non-photosynthetic
realistic,-,1,-
nonarbitrary,non,0,non-arbitrary
compromising,-,1,-
incomplete,in,0,in-complete
worth,-,1,-
maladroitly,mal,0,mal-adroitly
jawless,less,0,jaw-less
articulated,-,1,-
denationalization,de,0,de-nationalization
noncolumned,non,0,non-columned
uncontaminated,un,0,un-contaminated
formally,-,1,-
weave,-,1,-
uncrowned,un,0,un-crowned
immediate,im,0,im-mediate
disapprobation,dis,0,dis-approbation
reasonably,-,1,-
sufficient,-,1,-
focused,-,1,-
incompetence,in,0,in-competence
touched,-,1,-
attractiveness,-,1,-
tastelessness,less,0,taste-lessness
payment,-,1,-
unfamiliarity,un,0,un-familiarity
alignment,-,1,-
salubrity,-,1,-
precision,-,1,-
inconveniently,in,0,in-conveniently
racial,-,1,-
unpaid,un,0,un-paid
