word,neg_score,pos_score,label
ungodliness,0.625,0.25,0
inadmissibility,0.75,0.125,0
disorganise,0.0,0.0,2
unyoke,0.0,0.0,2
unconscientiousness,0.375,0.5,2
unjustly,0.0,0.125,2
unorthodox,0.0,0.0,2
unhelpfully,0.0,0.25,2
indecisive,0.375,0.375,2
spiritless,0.0,0.0,2
nonspecific,0.0,0.0,2
inopportune,0.0,0.0,2
nonaligned,0.0,0.0,2
noninstitutional,0.125,0.0,2
underhand,0.0,0.0,2
nonmagnetic,0.625,0.0,0
nonreticulate,0.0,0.0,2
counterclockwise,0.0,0.0,2
unequivocal,0.375,0.25,2
noninvasive,0.625,0.0,0
uneven,0.0,0.0,2
desecrated,0.0,0.0,2
uninsurability,0.25,0.25,2
noncombinative,0.0,0.0,2
uninflected,0.125,0.0,2
untranslatable,0.5,0.0,0
nonviolently,0.0,0.0,2
irresponsibly,0.0,0.5,1
unheaded,0.625,0.0,0
unrespectability,0.25,0.75,1
uncut,0.0,0.0,2
atonic,0.0,0.0,2
unsoured,0.625,0.0,0
azonal,0.25,0.125,2
keyless,0.0,0.0,2
fearlessly,0.0,0.0,2
unhygienically,0.0,0.25,2
tasteless,0.0,0.0,2
depersonalize,0.0,0.0,2
inhumanely,0.0,0.25,2
indecency,0.75,0.125,0
unpreventable,0.25,0.125,2
unreasonably,0.375,0.0,0
inadequacy,0.125,0.0,2
unpleasingness,0.75,0.125,0
disprove,0.0,0.0,2
discontinued,0.0,0.0,2
unmanageable,0.0,0.125,2
imperceptibility,0.125,0.0,2
defensively,0.0,0.125,2
unleaded_gasoline,0.75,0.0,0
divergency,0.0,0.0,2
unstuck,0.0,0.0,2
unliveried,0.125,0.125,2
nonpartisan,0.0,0.0,2
untangled,0.125,0.0,2
de-energize,0.0,0.0,2
impatiently,0.0,0.25,2
unstructured,0.0,0.125,2
uninquiring,0.0,0.0,2
unfortunately,0.875,0.0,0
disproportionate,0.0,0.0,2
nonmetallic,0.75,0.0,0
unorganized,0.75,0.0,0
unhitch,0.0,0.0,2
unscrew,0.0,0.0,2
uncommon,0.25,0.5,2
unbutton,0.0,0.0,2
noncitizen,0.0,0.0,2
handleless,0.0,0.0,2
indeterminable,0.625,0.125,0
moonless,0.0,0.0,2
nonimitative,0.75,0.0,0
unstableness,0.25,0.375,2
inhospitably,0.0,0.25,2
unlike,0.0,0.0,2
unmilitary,0.75,0.0,0
effortlessness,0.625,0.125,0
uncared-for,0.125,0.125,2
fearlessness,0.75,0.125,0
anticlinal,0.0,0.0,2
inviolable,0.375,0.125,2
insentience,0.25,0.125,2
hairlessness,0.0,0.0,2
impurity,0.0,0.125,2
insensibility,0.75,0.0,0
unhealthy,0.75,0.0,0
nonphotosynthetic,0.125,0.0,2
decompression,0.0,0.0,2
intransitively,0.0,0.25,2
ungathered,0.625,0.0,0
untalented,0.0,0.375,1
disagreement,0.0,0.125,2
unaltered,0.0,0.0,2
tubeless,0.625,0.0,0
extrasensory,0.0,0.0,2
unquietly,0.0,0.0,2
undervalue,0.0,0.0,2
noncivilized,0.0,0.0,2
disloyal,0.0,0.0,2
inhumane,0.0,0.0,2
inconsiderate,0.0,0.0,2
indecently,0.25,0.0,2
untimeliness,0.25,0.0,2
irregularly,0.0,0.0,2
unnaturalness,0.875,0.0,0
unmanageably,0.0,0.0,2
unreliable,0.875,0.0,0
undetermined,0.625,0.0,0
unrealistic,0.75,0.0,0
undrinkable,0.5,0.25,2
inedible,0.75,0.25,0
atypically,0.0,0.25,2
inculpatory,0.0,0.0,2
unpresidential,0.125,0.0,2
untouched,0.5,0.0,0
impiety,0.25,0.375,2
unbreakable,0.625,0.0,0
incomprehension,0.625,0.25,0
unreal,0.0,0.0,2
uneventful,0.375,0.25,2
insectivorous,0.0,0.0,2
inaudibility,0.5,0.25,2
unsarcastic,0.625,0.0,0
discourteously,0.0,0.25,2
inextinguishable,0.875,0.0,0
unbodied,0.25,0.0,2
off-street,0.0,0.0,2
disengage,0.0,0.0,2
unsaponified,0.375,0.25,2
inoperable,0.75,0.0,0
inexpedience,0.25,0.375,2
incorporeality,0.625,0.0,0
unstoppable,0.625,0.0,0
incapable,0.125,0.125,2
inappropriate,0.0,0.0,2
unframed,0.625,0.0,0
impermanent,0.0,0.0,2
unsteadiness,0.5,0.0,0
denitrify,0.0,0.0,2
unforgivably,0.0,0.0,2
insomnia,0.75,0.0,0
disembark,0.0,0.0,2
inanimateness,0.625,0.0,0
inelegance,0.125,0.625,1
unfavorably,0.125,0.125,2
disarm,0.0,0.0,2
unreliably,0.0,0.25,2
demagnetise,0.0,0.0,2
inattentiveness,0.0,0.0,2
dedifferentiate,0.0,0.0,2
tactless,0.0,0.0,2
unconstricted,0.5,0.125,0
hypertrophied,0.0,0.0,2
unclog,0.0,0.0,2
immodesty,0.25,0.0,2
unextended,0.75,0.0,0
unpopularity,0.125,0.375,2
nonprescription,0.0,0.0,2
unadjusted,0.625,0.0,0
noninstitutionalized,0.0,0.0,2
disbelieve,0.0,0.0,2
distrustful,0.0,0.0,2
invariable,0.625,0.0,0
discolor,0.0,0.0,2
disreputably,0.0,0.125,2
intolerant,0.0,0.0,2
implausible,0.375,0.25,2
unthinkable,0.625,0.0,0
unappendaged,0.625,0.0,0
unnoticeable,0.625,0.0,0
discouragingly,0.0,0.125,2
hypercatalectic,0.0,0.0,2
intangibility,0.375,0.375,2
unleavened,0.0,0.0,2
uninviting,0.0,0.0,2
unfortunate,0.25,0.0,2
no-go,0.75,0.0,0
incorrect,0.0,0.0,2
juiceless,0.0,0.0,2
understate,0.0,0.0,2
nonintervention,0.125,0.0,2
unposed,0.75,0.0,0
demulsify,0.0,0.0,2
downtick,0.0,0.0,2
unpublished,0.125,0.0,2
unpriestly,0.0,0.0,2
decode,0.0,0.0,2
untreated,0.875,0.0,0
incontestable,0.625,0.0,0
incoordination,0.625,0.0,0
uncertainty,0.0,0.0,2
abranchiate,0.0,0.0,2
unobtrusiveness,0.625,0.125,0
immeasurably,0.0,0.0,2
uncompartmented,0.75,0.0,0
ill-defined,0.125,0.375,2
unpermissiveness,0.625,0.25,0
hipless,0.0,0.0,2
nonpsychoactive,0.75,0.0,0
unappreciatively,0.0,0.25,2
imperfect,0.0,0.0,2
disenfranchise,0.0,0.0,2
achondritic,0.0,0.0,2
inauspiciously,0.0,0.25,2
unsuitability,0.25,0.5,2
unprecedentedly,0.0,0.25,2
nonclassical,0.125,0.0,2
unpronounceable,0.625,0.125,0
ungenerous,0.25,0.375,2
infelicitous,0.75,0.0,0
irreducible,0.625,0.0,0
infidelity,0.375,0.5,2
unalterability,0.625,0.125,0
malnourished,0.0,0.0,2
noncritical,0.5,0.0,0
unprofitable,0.625,0.0,0
incurable,0.0,0.5,1
inerrancy,0.375,0.25,2
out-basket,0.0,0.0,2
inapplicability,0.0,0.125,2
uninspiring,0.0,0.0,2
unnoticed,0.125,0.0,2
nonbearing,0.0,0.0,2
infeasibility,0.625,0.125,0
immobile,0.0,0.0,2
outdoors,0.0,0.0,2
untraveled,0.625,0.0,0
unconfirmed,0.625,0.0,0
unscripted,0.625,0.0,0
unsmilingly,0.0,0.25,2
revealing,0.0,0.0,2
unchain,0.0,0.0,2
nonalignment,0.125,0.0,2
undignified,0.25,0.0,2
extraordinariness,0.375,0.5,2
nonexempt,0.0,0.0,2
inattentive,0.375,0.25,2
unwire,0.0,0.0,2
dysphoric,0.0,0.0,2
trackless,0.0,0.0,2
informality,0.25,0.375,2
contraindication,0.0,0.0,2
unsolvability,0.625,0.0,0
unreported,0.125,0.0,2
unintelligently,0.0,0.25,2
immeasurable,0.375,0.125,2
deflate,0.0,0.0,2
unpleasantness,0.25,0.0,2
untruthful,0.625,0.0,0
unstable,0.375,0.25,2
unofficially,0.0,0.0,2
unplug,0.0,0.0,2
unbelt,0.0,0.0,2
unbeneficed,0.625,0.0,0
unassertive,0.0,0.625,1
unmask,0.0,0.0,2
undercharge,0.5,0.0,0
extraordinary,0.0,0.625,1
insubordinate,0.0,0.0,2
unhook,0.0,0.0,2
disorder,0.375,0.0,0
tastelessly,0.625,0.0,0
improperness,0.5,0.0,0
unquestionable,0.25,0.0,2
undelineated,0.625,0.0,0
deregulate,0.0,0.0,2
infiniteness,0.75,0.0,0
inauspicious,0.889,0.111,0
neckless,0.0,0.0,2
uncrate,0.0,0.0,2
unfair,0.0,0.0,2
uncollected,0.625,0.0,0
inaudibly,0.0,0.25,2
discontentment,0.0,0.125,2
unsure,0.0,0.0,2
unexploited,0.625,0.0,0
incomprehensibility,0.375,0.375,2
intense,0.0,0.0,2
hypoparathyroidism,0.625,0.0,0
imperceptibly,0.0,0.0,2
unwillingly,0.125,0.0,2
unoriginality,0.375,0.125,2
unconsummated,0.0,0.0,2
unkind,0.0,0.0,2
unaffectedness,0.0,0.625,1
unclutter,0.0,0.0,2
unchristian,0.625,0.0,0
impropriety,0.5,0.0,0
uncomplaining,0.0,0.0,2
unconquerable,0.75,0.125,0
ungraciousness,0.444,0.556,2
undrained,0.125,0.0,2
disordered,0.0,0.0,2
bottomless,0.0,0.0,2
nonarboreal,0.0,0.0,2
uncharacteristic,0.0,0.0,2
uncleared,0.5,0.0,0
unspell,0.0,0.0,2
unobstructed,0.0,0.5,1
disembarrassment,0.5,0.0,0
unwholesome,0.75,0.125,0
disobedience,0.0,0.125,2
nonworker,0.0,0.0,2
unarticulated,0.625,0.0,0
atypical,0.75,0.0,0
nonthermal,0.25,0.0,2
unalike,0.0,0.0,2
unbuttoned,0.125,0.0,2
disenchant,0.0,0.0,2
acatalectic,0.0,0.125,2
unready,0.5,0.125,0
nonstandard,0.0,0.0,2
unproved,0.125,0.25,2
unfruitful,0.75,0.0,0
smokeless,0.0,0.0,2
unequipped,0.5,0.125,0
unprocessed,0.75,0.0,0
demerit,0.0,0.0,2
discontented,0.0,0.0,2
inconsequence,0.5,0.25,2
nonconformity,0.5,0.125,0
disavow,0.0,0.0,2
unaddicted,0.125,0.0,2
undetected,0.5,0.25,2
mercilessness,0.5,0.375,2
indirect,0.0,0.0,2
outspan,0.0,0.0,2
disorganize,0.0,0.0,2
unscramble,0.0,0.0,2
unobligated,0.25,0.0,2
disreputability,0.25,0.75,1
inferiority,0.5,0.125,0
indigestible,0.625,0.0,0
inexperience,0.0,0.125,2
unspaced,0.0,0.0,2
demotion,0.0,0.0,2
unseductive,0.25,0.0,2
inexcusably,0.0,0.0,2
indistinct,0.0,0.0,2
improvident,0.0,0.0,2
unregistered,0.625,0.0,0
intradepartmental,0.0,0.0,2
unexpired,0.625,0.0,0
injustice,0.0,0.0,2
immoderation,0.625,0.25,0
immobility,0.0,0.0,2
unwaxed,0.25,0.0,2
illicit,0.0,0.0,2
dysphemism,0.5,0.0,0
demobilize,0.0,0.0,2
unpainted,0.5,0.0,0
indecorum,0.5,0.25,2
unethical,0.75,0.0,0
unsympathetically,0.0,0.25,2
ineffectiveness,0.25,0.125,2
nonexistence,0.125,0.0,2
uninfluential,0.125,0.0,2
syncategorematic,0.375,0.0,0
nonlinear,0.5,0.0,0
supernal,0.0,0.25,2
insecurely,0.0,0.125,2
inconsequentially,0.125,0.0,2
unscientific,0.625,0.0,0
unseasonable,0.625,0.0,0
unbar,0.0,0.0,2
irremovable,0.5,0.0,0
inauspiciousness,0.625,0.0,0
underachievement,0.0,0.125,2
immovability,0.5,0.0,0
unfledged,0.375,0.0,0
nondrinker,0.0,0.0,2
nonreturnable,0.125,0.25,2
backless,0.0,0.0,2
uncertain,0.125,0.25,2
incompetent,0.625,0.0,0
imperfectibility,0.0,0.25,2
syncategorem,0.375,0.125,2
uninstructively,0.125,0.0,2
noncompetitive,0.75,0.0,0
unloaded,0.625,0.0,0
unactable,0.125,0.25,2
unsociability,0.0,0.5,1
unsentimentally,0.0,0.25,2
unfretted,0.125,0.125,2
unemployable,0.75,0.0,0
noninheritable,0.25,0.0,2
miscarry,0.0,0.0,2
inexperienced,0.0,0.25,2
dethrone,0.0,0.0,2
incomparable,0.25,0.375,2
distributive,0.0,0.0,2
divest,0.0,0.0,2
nonmember,0.0,0.0,2
unburden,0.0,0.0,2
inappropriately,0.125,0.125,2
disqualify,0.0,0.0,2
nonequivalence,0.25,0.0,2
impotent,0.0,0.0,2
unobvious,0.25,0.0,2
unprofitableness,0.625,0.125,0
dysphoria,0.75,0.0,0
unenterprising,0.0,0.0,2
uncontroversially,0.0,0.0,2
disarming,0.0,0.0,2
nonhierarchical,0.0,0.0,2
unnaturally,0.0,0.0,2
unshod,0.0,0.0,2
immortality,0.375,0.25,2
unfriendly,0.0,0.0,2
unprotective,0.375,0.0,0
destabilization,0.0,0.0,2
unpleasant,0.625,0.125,0
unpremeditated,0.5,0.0,0
unplayable,0.625,0.125,0
undefeated,0.0,0.5,1
intransitive,0.5,0.0,0
hypokalemia,0.5,0.0,0
insignificant,0.0,0.0,2
painless,0.0,0.0,2
detribalisation,0.0,0.0,2
disproportionately,0.0,0.0,2
nonpayment,0.0,0.0,2
unrequested,0.5,0.0,0
insatiate,0.0,0.0,2
impolitic,0.625,0.125,0
undiplomatic,0.75,0.0,0
dishearten,0.0,0.0,2
unequally,0.0,0.125,2
unsaddled,0.0,0.0,2
misbehave,0.0,0.0,2
unmoved,0.25,0.25,2
disagreeable,0.875,0.125,0
unresponsive,0.75,0.0,0
unemotional_person,0.25,0.5,2
incongruous,0.375,0.375,2
unrevived,0.125,0.0,2
inaptitude,0.375,0.375,2
innumerate,0.0,0.0,2
indirectly,0.75,0.0,0
nonfinancial,0.5,0.0,0
implode,0.0,0.0,2
purposelessness,0.0,0.625,1
nonindustrial,0.5,0.125,0
noncurrent,0.0,0.0,2
incredible,0.0,0.0,2
non-involvement,0.0,0.0,2
imperviousness,0.375,0.5,2
unimpressive,0.5,0.125,0
disorganized,0.0,0.0,2
inhibitor,0.0,0.0,2
undemanding,0.0,0.0,2
unswept,0.75,0.0,0
dissuade,0.0,0.0,2
unsupported,0.75,0.0,0
unspecified,0.625,0.0,0
unselfish,0.125,0.375,2
maladjusted,0.0,0.0,2
subsonic,0.0,0.0,2
divergent,0.0,0.0,2
decentralizing,0.0,0.0,2
inactive,0.625,0.0,0
inconspicuousness,0.25,0.5,2
weedless,0.0,0.0,2
incongruent,0.0,0.0,2
invisibility,0.625,0.125,0
nonracial,0.0,0.0,2
hypertonic,0.0,0.0,2
unpotted,0.625,0.0,0
incompatibility,0.25,0.0,2
unnecessarily,0.0,0.375,1
indiscipline,0.375,0.0,0
unmanned,0.25,0.0,2
tongueless,0.0,0.0,2
unwanted,0.25,0.0,2
dishonorableness,0.75,0.125,0
disoblige,0.0,0.0,2
illegal,0.0,0.0,2
meaninglessness,0.0,0.0,2
unadoptable,0.0,0.0,2
unplowed,0.0,0.25,2
unparented,0.5,0.0,0
undependable,0.75,0.0,0
hatless,0.0,0.0,2
unearned_run,0.125,0.0,2
acaulescent,0.0,0.0,2
non-engagement,0.0,0.0,2
unstained,0.25,0.0,2
uncharacteristically,0.0,0.25,2
undeniable,0.875,0.0,0
uninformatively,0.125,0.0,2
depressurize,0.0,0.0,2
topless,0.0,0.0,2
unbridle,0.0,0.0,2
discomfort,0.25,0.0,2
unkindly,0.125,0.625,1
achromatinic,0.0,0.0,2
untrustworthiness,0.75,0.0,0
unsusceptible,0.75,0.125,0
detribalization,0.0,0.0,2
irresolutely,0.125,0.0,2
noninterference,0.125,0.0,2
divergent_thinking,0.0,0.0,2
inferior,0.75,0.0,0
nondisposable,0.0,0.125,2
unbraid,0.0,0.0,2
cheerlessness,0.75,0.125,0
impermissibly,0.125,0.0,2
indecorousness,0.5,0.25,2
destabilise,0.0,0.0,2
unexpectedness,0.25,0.5,2
imprudence,0.0,0.375,1
maladroitly,0.0,0.5,1
unmalleability,0.5,0.0,0
unawed,0.125,0.0,2
insufficiency,0.625,0.375,2
immoral,0.75,0.125,0
unclothed,0.125,0.125,2
unveiled,0.0,0.0,2
seedless,0.0,0.0,2
inelegantly,0.0,0.0,2
ineffectually,0.0,0.25,2
unfaithful,0.625,0.0,0
noncommissioned,0.0,0.0,2
unsupportive,0.625,0.0,0
inactivate,0.0,0.0,2
unhealthfulness,0.556,0.444,2
malignancy,0.5,0.125,0
desynchronizing,0.0,0.0,2
desalinate,0.0,0.0,2
malodorous,0.875,0.0,0
supersonic,0.0,0.0,2
uninstructive,0.375,0.125,2
unemotionally,0.0,0.25,2
wigless,0.0,0.0,2
subsurface,0.0,0.0,2
inland,0.0,0.0,2
indispensability,0.375,0.375,2
undefined,0.375,0.25,2
malfunctioning,0.0,0.0,2
uncompromising,0.0,0.0,2
misused,0.0,0.0,2
disapprovingly,0.125,0.125,2
uncomplimentary,0.5,0.125,0
irresistible,0.625,0.0,0
unregenerate,0.0,0.0,2
unmusically,0.0,0.25,2
invariableness,0.5,0.0,0
unsurprising,0.0,0.0,2
undependableness,0.625,0.25,0
unbalconied,0.5,0.0,0
unqualified,0.0,0.0,2
immaterial,0.625,0.0,0
illegitimate,0.125,0.0,2
nonbiodegradable_pollution,0.0,0.0,2
untroubled,0.625,0.0,0
nonwoody,0.0,0.0,2
inaptness,0.0,0.75,1
malfunction,0.0,0.0,2
nonwashable,0.25,0.25,2
immateriality,0.0,0.625,1
immutableness,0.5,0.125,0
irreparable,0.5,0.0,0
inconclusiveness,0.375,0.5,2
nonharmonic,0.25,0.0,2
thoughtlessness,0.5,0.375,2
inconclusively,0.125,0.0,2
unreserved,0.125,0.0,2
nonpasserine,0.0,0.0,2
devitalize,0.0,0.0,2
unsystematically,0.0,0.25,2
unreflected,0.0,0.25,2
on-site,0.0,0.0,2
unambitiously,0.0,0.25,2
unfree,0.0,0.125,2
unfaceted,0.0,0.0,2
unaffixed,0.25,0.0,2
insensitive,0.625,0.0,0
unwearable,0.625,0.125,0
hypovolemia,0.0,0.0,2
unequal,0.375,0.125,2
unacknowledged,0.625,0.0,0
unsanitary,0.125,0.5,1
gutless,0.0,0.0,2
infallibility,0.625,0.0,0
undesirous,0.375,0.125,2
unselected,0.25,0.0,2
unrestrictive,0.75,0.0,0
ungratefully,0.0,0.25,2
discouraging,0.0,0.0,2
unceremoniously,0.0,0.125,2
atomistic,0.0,0.0,2
unstimulating,0.0,0.0,2
unconventionally,0.25,0.5,2
inaccurately,0.0,0.25,2
undedicated,0.25,0.0,2
nonexploratory,0.0,0.0,2
unexchangeable,0.75,0.25,0
integration,0.0,0.0,2
unsurprised,0.5,0.0,0
skinless,0.0,0.0,2
unfit,0.0,0.0,2
outboard,0.0,0.0,2
unenclosed,0.5,0.0,0
invulnerable,0.0,0.25,2
unmodulated,0.0,0.25,2
unsteady,0.0,0.125,2
impermissible,0.25,0.0,2
intransitivity,0.0,0.0,2
undiluted,0.25,0.0,2
unsatisfactorily,0.125,0.0,2
unshared,0.25,0.0,2
unknot,0.0,0.0,2
unpaintable,0.75,0.0,0
inoperative,0.125,0.0,2
indefeasible,0.75,0.0,0
asymmetrical,0.375,0.0,0
uninsured,0.25,0.375,2
adiabatic,0.625,0.0,0
deceleration,0.0,0.0,2
inseparably,0.5,0.0,0
insulator,0.0,0.0,2
forceless,0.0,0.0,2
unforgiving,0.0,0.0,2
nonionized,0.0,0.0,2
unearned,0.5,0.125,0
inefficiently,0.0,0.25,2
unprincipled,0.375,0.375,2
unambitious,0.0,0.5,1
intemperate,0.0,0.0,2
irregularity,0.0,0.5,1
ungrateful,0.75,0.0,0
imperfection,0.125,0.0,2
immersion,0.0,0.0,2
unwooded,0.25,0.0,2
unafraid,0.0,0.0,2
nonfissile,0.0,0.0,2
infelicity,0.375,0.0,0
unhappily,0.625,0.0,0
unopposable,0.5,0.0,0
nonrepresentational,0.0,0.0,2
unsworn,0.625,0.0,0
disrespect,1.0,0.0,0
unchaste,0.0,0.0,2
impalpable,0.625,0.125,0
dejected,0.0,0.0,2
unashamed,0.25,0.25,2
unseeded,0.125,0.375,2
unhurried,0.75,0.0,0
disingenuous,0.875,0.0,0
inconsolable,0.75,0.0,0
indecorous,0.0,0.625,1
unpardonable,0.625,0.0,0
colorless,0.0,0.0,2
unformed,0.75,0.0,0
noncellular,0.5,0.0,0
unconcern,0.0,0.0,2
demobilization,0.0,0.0,2
inoffensive,0.75,0.125,0
illogicalness,0.75,0.25,0
incompetently,0.0,0.125,2
unhelpful,0.25,0.125,2
inessentiality,0.75,0.125,0
incurious,0.625,0.125,0
unestablished,0.75,0.0,0
illogical,0.0,0.5,1
unbrainwashed,0.625,0.0,0
nonmodern,0.125,0.0,2
ungregarious,0.375,0.0,0
untipped,0.625,0.0,0
uncreativeness,0.5,0.0,0
irresponsible,0.0,0.5,1
intractability,0.125,0.0,2
unveil,0.0,0.0,2
insolvent,0.625,0.0,0
untempered,0.625,0.0,0
unchangeable,0.5,0.375,2
outfield,0.0,0.0,2
unfixed,0.625,0.125,0
unregretful,0.75,0.125,0
unmake,0.0,0.0,2
nonarbitrary,0.625,0.0,0
unworthy,0.25,0.625,1
incredulous,0.75,0.0,0
nontaxable,0.375,0.0,0
handless,0.0,0.0,2
decreased,0.0,0.0,2
unrealistically,0.0,0.25,2
dishonesty,0.75,0.125,0
nonreversible,0.625,0.0,0
inexhaustible,0.25,0.375,2
limbless,0.0,0.0,2
undamaged,0.375,0.375,2
bellyless,0.0,0.0,2
unimproved,0.625,0.0,0
unenforceable,0.625,0.125,0
unsanitariness,0.625,0.125,0
impoliteness,0.125,0.5,1
impalpability,0.375,0.375,2
nonconductive,0.625,0.0,0
unarmed,0.5,0.0,0
inhospitality,0.375,0.125,2
unbridgeable,0.125,0.0,2
insensible,0.5,0.0,0
disassembly,0.0,0.0,2
unbuckle,0.0,0.0,2
undiversified,0.125,0.0,2
unloving,0.0,0.0,2
unfamiliar,0.625,0.0,0
intolerable,0.625,0.0,0
unwrinkled,0.625,0.0,0
indiscriminate,0.0,0.0,2
disclaim,0.0,0.0,2
unavailable,0.5,0.375,2
demilitarise,0.0,0.0,2
unlabeled,0.25,0.0,2
carelessness,0.75,0.125,0
unambiguously,0.0,0.25,2
uncompassionate,0.0,0.0,2
unbreakableness,0.25,0.0,2
inattention,0.375,0.0,0
impatient,0.0,0.0,2
impracticability,0.75,0.0,0
uncongeniality,0.75,0.25,0
unhurriedly,0.0,0.0,2
unskillfulness,0.0,0.375,1
decrease,0.0,0.0,2
sugarless,0.0,0.0,2
unwelcome,0.75,0.0,0
dissimilitude,0.5,0.0,0
insincerity,0.625,0.125,0
undress,0.0,0.625,1
inefficient,0.0,0.0,2
uninjectable,0.5,0.125,0
unfairness,0.75,0.125,0
unblemished,0.0,0.625,1
untheatrical,0.75,0.0,0
asymmetrically,0.0,0.125,2
unambiguous,0.0,0.375,1
uncrystallized,0.5,0.0,0
inaccessibility,0.625,0.25,0
unwomanly,0.0,0.0,2
unreality,0.375,0.375,2
imperfectly,0.5,0.0,0
uncomplainingly,0.0,0.0,2
unarmored,0.125,0.0,2
breathless,0.0,0.0,2
disadvantage,0.75,0.0,0
unpopular,0.125,0.125,2
inadmissible,0.75,0.0,0
inorganically,0.0,0.0,2
unhealthful,0.125,0.5,1
unneurotic,0.375,0.0,0
untraceable,0.625,0.0,0
disunion,0.0,0.0,2
off-line,0.0,0.0,2
unrighteously,0.0,0.25,2
unrhymed,0.5,0.0,0
unendowed,0.625,0.0,0
disapprove,0.0,0.0,2
uninitiate,0.5,0.0,0
incapableness,0.25,0.0,2
undemocratic,0.625,0.0,0
humorless,0.0,0.0,2
incorrectness,0.5,0.125,0
unfitness,0.5,0.25,2
weightless,0.0,0.0,2
unconvincingly,0.0,0.25,2
inoffensively,0.0,0.0,2
immovableness,0.5,0.0,0
unpin,0.0,0.0,2
incommensurate,0.0,0.0,2
unselfconsciously,0.0,0.25,2
unreceptive,0.125,0.0,2
depersonalise,0.0,0.0,2
scentless,0.0,0.0,2
desensitise,0.0,0.0,2
inexpediency,0.25,0.375,2
irreversible,0.5,0.0,0
unadaptable,0.125,0.0,2
instability,0.0,0.0,2
discontinue,0.0,0.0,2
unimportant,0.25,0.375,2
non-dedicated_file_server,0.0,0.0,2
unwariness,0.375,0.25,2
unowned,0.0,0.0,2
unconstipated,0.5,0.0,0
uncontrolled,0.5,0.0,0
unpropitiousness,0.625,0.0,0
invertebrate,0.25,0.0,2
unknown,0.25,0.0,2
inactiveness,0.125,0.0,2
unbalanced,0.125,0.0,2
discalced,0.0,0.0,2
incorrupt,0.0,0.0,2
nonunion,0.0,0.0,2
unappealing,0.0,0.0,2
irreverent,0.0,0.0,2
efflux,0.0,0.0,2
unfocused,0.625,0.0,0
unexciting,0.0,0.0,2
beakless,0.0,0.0,2
unmarried,0.75,0.0,0
inharmonious,0.75,0.0,0
uncrowded,0.25,0.0,2
unthoughtfulness,0.25,0.0,2
disassortative_mating,0.0,0.0,2
unimpressively,0.0,0.25,2
irrational,0.5,0.125,0
destabilize,0.0,0.0,2
disinfect,0.0,0.0,2
depress,0.0,0.0,2
incompleteness,0.125,0.125,2
anovulation,0.625,0.0,0
unsilenced,0.25,0.0,2
hypotonus,0.0,0.0,2
achromatic,0.375,0.25,2
contraindicate,0.0,0.0,2
dematerialize,0.0,0.0,2
immotility,0.25,0.125,2
improvidence,0.25,0.25,2
inaccurate,0.0,0.0,2
tactlessly,0.0,0.125,2
indefinite,0.0,0.0,2
imponderable,0.875,0.0,0
unpunctual,0.0,0.0,2
uncastrated,0.25,0.0,2
nonretractile,0.0,0.0,2
unprotected,0.375,0.0,0
incivility,0.125,0.25,2
distrust,0.0,0.375,1
unmalted,0.0,0.5,1
uncarpeted,0.125,0.0,2
unseaworthy,0.375,0.0,0
inequality,0.625,0.0,0
disloyalty,0.25,0.5,2
unconcealed,0.375,0.125,2
immaturely,0.0,0.125,2
fernless,0.0,0.0,2
denationalization,0.0,0.0,2
inconvertible,0.5,0.0,0
nonfictional,0.125,0.0,2
uncharitable,0.375,0.25,2
insolubility,0.625,0.0,0
untrustworthy,0.75,0.0,0
noncombustible,0.0,0.5,1
unremarkably,0.0,0.0,2
nontranslational,0.5,0.0,0
cheerlessly,0.125,0.125,2
unrelated,0.25,0.5,2
unagitated,0.75,0.0,0
unshelled,0.25,0.0,2
astomatous,0.5,0.0,0
uncritically,0.0,0.25,2
unneighborliness,0.875,0.0,0
unaccompanied,0.25,0.0,2
unshrinkable,0.625,0.0,0
unconfined,0.125,0.0,2
unproductive,0.625,0.0,0
nonobservance,0.25,0.0,2
nontoxic,0.0,0.0,2
displease,0.0,0.0,2
inadvertently,0.375,0.0,0
impartial,0.125,0.5,1
impersonally,0.0,0.0,2
immortal,0.0,0.0,2
unmelodiously,0.0,0.25,2
inaccessible,0.125,0.5,1
unmindfully,0.0,0.125,2
unenthusiastically,0.0,0.375,1
unawakened,0.625,0.0,0
insolvency,0.25,0.0,2
unpropitious,0.625,0.0,0
independent,0.0,0.125,2
indistinctness,0.375,0.5,2
unaware,0.0,0.0,2
inaesthetic,0.5,0.5,2
unimpaired,0.5,0.25,2
implicit,0.0,0.0,2
unpunished,0.25,0.0,2
impracticality,0.0,0.25,2
deflation,0.0,0.0,2
lidless,0.0,0.0,2
unguiculate,0.0,0.0,2
asyndetic,0.25,0.0,2
unserviceable,0.625,0.0,0
derequisition,0.0,0.0,2
inconsistent,0.0,0.0,2
inanimate,0.0,0.0,2
undock,0.0,0.0,2
disarrange,0.0,0.0,2
stemless,0.0,0.0,2
impracticableness,0.75,0.0,0
disagree,0.0,0.0,2
malignant,0.0,0.0,2
unknowingly,0.375,0.0,0
unfeathered,0.0,0.0,2
incognizance,0.0,0.5,1
derestrict,0.0,0.0,2
inefficacy,0.375,0.25,2
unpack,0.0,0.0,2
unbroken,0.0,0.0,2
unconsciously,0.0,0.0,2
unfaithfulness,0.375,0.5,2
awnless,0.0,0.0,2
uninvolved,0.125,0.125,2
hopelessly,0.0,0.375,1
irrationally,0.0,0.125,2
supernatural,0.75,0.0,0
unassertively,0.0,0.25,2
de-energise,0.0,0.0,2
unshaven,0.0,0.0,2
unbalance,0.0,0.0,2
uninhibited,0.625,0.0,0
insensitivity,0.625,0.125,0
insensitively,0.0,0.25,2
untruthfulness,0.375,0.375,2
ineligibility,0.375,0.25,2
unsent,0.0,0.0,2
colourless,0.0,0.0,2
undeservedly,0.0,0.25,2
immutability,0.5,0.125,0
infamy,0.0,0.0,2
unplayful,0.375,0.25,2
unimportance,0.25,0.125,2
unmanly,0.5,0.0,0
indiscreet,0.0,0.0,2
antiseptic,0.5,0.375,2
ineffective,0.625,0.0,0
nonintellectual,0.125,0.375,2
anisotropic,0.0,0.0,2
asynchronism,0.0,0.0,2
disintegrative,0.0,0.0,2
dissimilate,0.0,0.0,2
unexcited,0.125,0.125,2
powerless,0.0,0.0,2
illogically,0.0,0.125,2
unconnectedness,0.0,0.0,2
involuntarily,0.0,0.0,2
uncolored,0.0,0.0,2
untie,0.0,0.0,2
inner,0.0,0.0,2
colorlessness,0.0,0.0,2
breastless,0.0,0.0,2
unapologetic,0.25,0.0,2
ebracteate,0.0,0.0,2
non-proliferation,0.0,0.0,2
unpalatable,0.75,0.125,0
unfinished,0.625,0.0,0
indispose,0.0,0.0,2
outward,0.0,0.0,2
unfunded,0.0,0.0,2
unloved,0.125,0.0,2
ununderstood,0.0,0.0,2
nonfissionable,0.5,0.0,0
unconditionally,0.5,0.0,0
anticatalyst,0.0,0.0,2
disinflation,0.0,0.0,2
decrescendo,0.0,0.0,2
descending,0.0,0.0,2
inappropriateness,0.75,0.0,0
noncolumned,0.0,0.0,2
denazify,0.0,0.0,2
involuntary,0.75,0.0,0
incredibility,0.125,0.5,1
outgo,0.0,0.0,2
immoderately,0.0,0.125,2
unstrap,0.0,0.0,2
unsheathe,0.0,0.0,2
unintelligibility,0.0,0.0,2
deflationary_spiral,0.0,0.0,2
unseasoned,0.625,0.0,0
unbaptized,0.625,0.0,0
incoherent,0.0,0.0,2
improbable,0.625,0.0,0
unquotable,0.5,0.0,0
insincere,0.0,0.0,2
inexpedient,0.0,0.0,2
unconvinced,0.625,0.125,0
inflexibly,0.0,0.125,2
malevolently,0.0,0.25,2
disagreeably,0.25,0.0,2
unscrupulous,0.625,0.0,0
demystify,0.0,0.0,2
misfortune,0.5,0.0,0
unromantically,0.0,0.25,2
disappearance,0.0,0.0,2
uncombined,0.5,0.125,0
atonal,0.375,0.0,0
undependably,0.0,0.25,2
unpredictable,0.625,0.0,0
unsystematic,0.125,0.0,2
unbend,0.0,0.0,2
insurmountable,0.75,0.0,0
unwieldy,0.0,0.0,2
unfurrowed,0.5,0.0,0
noninfectious,0.375,0.0,0
unavenged,0.5,0.0,0
incurability,0.125,0.125,2
contralateral,0.0,0.0,2
unclip,0.0,0.0,2
unicameral,0.0,0.0,2
inconsistency,0.25,0.0,2
decriminalise,0.0,0.0,2
undeclared,0.75,0.0,0
artlessness,0.375,0.625,2
unintentionally,0.125,0.25,2
nonradioactive,0.25,0.0,2
avascular,0.0,0.0,2
unhappy,0.75,0.0,0
unstaged,0.625,0.0,0
indistinguishable,0.5,0.125,0
unperceptive,0.25,0.125,2
undeveloped,0.25,0.0,2
discontinuation,0.0,0.0,2
disjoin,0.0,0.0,2
dishonor,0.0,0.0,2
uncousinly,0.0,0.0,2
disingenuousness,0.625,0.25,0
inhospitableness,0.5,0.125,0
unclean,0.75,0.0,0
desynchronise,0.0,0.0,2
decompress,0.0,0.0,2
impervious,0.625,0.0,0
inexpediently,0.0,0.25,2
ineloquently,0.0,0.125,2
nonporous,0.625,0.0,0
nonmetamorphic,0.125,0.0,2
syncategoreme,0.375,0.125,2
decentralise,0.0,0.0,2
disable,0.0,0.0,2
unproductively,0.0,0.125,2
insignificance,0.25,0.375,2
unshapely,0.0,0.0,2
ineradicable,0.5,0.125,0
invalidate,0.0,0.0,2
unpeaceful,0.75,0.0,0
debilitating,0.0,0.0,2
noncomprehensively,0.0,0.0,2
inflexibility,0.5,0.0,0
soleless,0.0,0.0,2
disassemble,0.0,0.0,2
unmined,0.25,0.0,2
unrighteous,0.625,0.375,2
maleficence,0.5,0.0,0
unreactive,0.0,0.0,2
disincentive,0.125,0.0,2
incorruptness,0.25,0.75,1
inconvenient,0.0,0.0,2
unselfishly,0.0,0.375,1
undue,0.25,0.125,2
aplacental,0.0,0.0,2
abactinal,0.0,0.0,2
inconsiderately,0.0,0.25,2
unmodifiable,0.625,0.0,0
uncomfortable,0.75,0.0,0
unpublishable,0.75,0.25,0
atypicality,0.0,0.0,2
irrelevance,0.0,0.0,2
fruitlessly,0.0,0.125,2
unalterable,0.75,0.0,0
humorlessly,0.0,0.25,2
nonattendance,0.0,0.0,2
unlined,0.625,0.0,0
indestructibility,0.25,0.0,2
inelasticity,0.5,0.0,0
nonreflective,0.625,0.0,0
disinclination,0.625,0.25,0
disservice,0.0,0.0,2
incorrectly,0.0,0.25,2
untidy,0.0,0.0,2
uselessly,0.0,0.25,2
deodourise,0.0,0.0,2
inefficaciously,0.0,0.25,2
armless,0.0,0.0,2
impotence,0.375,0.125,2
overtime,0.0,0.0,2
unwillingness,0.5,0.0,0
unloading,0.0,0.0,2
nondriver,0.0,0.0,2
ungrammatically,0.0,0.25,2
inconsiderable,0.0,0.125,2
uncork,0.0,0.0,2
maleficent,0.0,0.0,2
disadvantageous,0.25,0.75,1
unsheared,0.125,0.0,2
unwarily,0.375,0.0,0
unashamedly,0.0,0.0,2
infinitely,0.0,0.125,2
unrelatedness,0.5,0.0,0
unintelligible,0.0,0.375,1
unappealingly,0.0,0.25,2
unburied,0.25,0.0,2
dissonance,0.0,0.125,2
unblended,0.625,0.0,0
ungracefully,0.0,0.0,2
untapped,0.625,0.0,0
illegitimacy,0.0,0.0,2
unoccupied,0.75,0.0,0
insane,0.0,0.0,2
disinherit,0.0,0.0,2
disappear,0.0,0.0,2
nonindulgent,0.0,0.0,2
unmotorized,0.0,0.0,2
merciless,0.0,0.0,2
unfavorableness,0.625,0.0,0
detach,0.0,0.0,2
unattached,0.0,0.0,2
undramatically,0.0,0.25,2
uncontroversial,0.625,0.125,0
irresoluteness,0.375,0.25,2
downstairs,0.0,0.0,2
toneless,0.0,0.0,2
inconveniently,0.0,0.125,2
intemperance,0.375,0.375,2
unsettled,0.0,0.0,2
inequitable,0.625,0.25,0
unfaithfully,0.0,0.25,2
implacable,0.444,0.556,2
inexplicable,0.5,0.125,0
joyless,0.0,0.0,2
unrenewable,0.125,0.125,2
insincerely,0.0,0.0,2
unfurl,0.0,0.0,2
dishonorably,0.0,0.25,2
anestrous,0.0,0.0,2
denationalize,0.0,0.0,2
nonechoic,0.0,0.0,2
dislodge,0.0,0.0,2
impersonal,0.625,0.0,0
asexual,0.625,0.0,0
nonabsorbent,0.0,0.0,2
ungroomed,0.75,0.125,0
decelerate,0.0,0.0,2
discordant,0.0,0.0,2
harmlessly,0.0,0.25,2
uncoiled,0.5,0.0,0
unoiled,0.125,0.0,2
nonsteroidal,0.375,0.0,0
unsatisfactoriness,0.0,0.75,1
decentralize,0.0,0.0,2
nonbeing,0.0,0.0,2
nonspeaking,0.0,0.0,2
unlisted_security,0.0,0.0,2
undemonstrative,0.75,0.0,0
uncontaminated,0.625,0.125,0
demagnetize,0.0,0.0,2
undemocratically,0.0,0.25,2
demythologize,0.0,0.0,2
unwrap,0.0,0.0,2
nonsyllabic,0.5,0.0,0
disorienting,0.0,0.0,2
unrepentant,0.75,0.0,0
unsexy,0.0,0.0,2
unwritten,0.25,0.375,2
useless,0.0,0.0,2
dishonorable,0.5,0.5,2
nonslippery,0.0,0.0,2
unappetizing,0.0,0.0,2
decentralized,0.0,0.0,2
decentralization,0.0,0.0,2
ungraciously,0.0,0.0,2
desecrate,0.0,0.0,2
uncivil,0.0,0.875,1
disenchanted,0.0,0.0,2
unfueled,0.625,0.0,0
downwardly,0.125,0.0,2
irresponsibility,0.375,0.0,0
heedless,0.0,0.0,2
moneyless,0.0,0.0,2
unstuff,0.0,0.0,2
tastelessness,0.0,0.0,2
unabridged,0.0,0.0,2
excommunicate,0.0,0.0,2
inaccuracy,0.75,0.125,0
indehiscent,0.0,0.0,2
unpalatably,0.0,0.0,2
invalid,0.75,0.0,0
unrentable,0.375,0.25,2
diverge,0.0,0.0,2
incompressible,0.625,0.0,0
nonrigid,0.0,0.125,2
nondevelopment,0.25,0.0,2
unenforced,0.5,0.0,0
immodest,0.0,0.0,2
uninteresting,0.0,0.0,2
inexplicitness,0.625,0.25,0
noncrucial,0.25,0.5,2
intractable,0.75,0.0,0
inadequate,0.0,0.0,2
declassify,0.0,0.0,2
unretentive,0.125,0.0,2
inflexible,0.25,0.125,2
deglycerolize,0.0,0.0,2
analphabetic,0.0,0.0,2
uncorrected,0.75,0.0,0
unconscientious,0.75,0.0,0
unreasonable,0.375,0.375,2
uncultivated,0.0,0.0,2
indispensable,0.0,0.0,2
dissuasive,0.0,0.0,2
antinode,0.0,0.0,2
inhospitable,0.125,0.125,2
unprovocative,0.25,0.375,2
outgoing,0.0,0.0,2
asymmetry,0.375,0.0,0
incongruousness,0.875,0.125,0
inclement,0.0,0.0,2
uncombed,0.0,0.0,2
unfold,0.0,0.0,2
unostentatious,0.125,0.0,2
unproductiveness,0.375,0.125,2
uninjured,0.5,0.375,2
unvaried,0.25,0.125,2
indecisiveness,0.0,0.0,2
underexpose,0.0,0.0,2
underestimate,0.5,0.0,0
illegitimately,0.0,0.25,2
nonjudgmental,0.125,0.0,2
unexcitable,0.125,0.375,2
unfurnished,0.0,0.0,2
immorality,0.75,0.25,0
de-ionate,0.0,0.0,2
incaution,0.125,0.375,2
unshuttered,0.75,0.0,0
uninhabited,0.5,0.0,0
unprophetic,0.0,0.0,2
unexpected,0.375,0.125,2
disunify,0.0,0.0,2
non-invertible,0.625,0.0,0
hypotonic,0.0,0.0,2
improper,0.0,0.0,2
unpaved,0.75,0.0,0
unsuitableness,0.25,0.5,2
inopportuneness,0.25,0.375,2
unsolved,0.125,0.125,2
unscheduled,0.625,0.0,0
unsympathetic,0.875,0.0,0
unbound,0.0,0.0,2
imprudent,0.0,0.0,2
irreversibility,0.25,0.375,2
subjacent,0.0,0.0,2
lossless,0.0,0.0,2
impure,0.0,0.0,2
indirectness,0.25,0.0,2
unpackaged,0.5,0.125,0
inconvenience,0.875,0.0,0
unassisted,0.25,0.0,2
unquiet,0.75,0.0,0
unencumbered,0.375,0.5,2
undimmed,0.75,0.0,0
discourtesy,1.0,0.0,0
ungeared,0.625,0.0,0
unerect,0.625,0.0,0
unopposed,0.75,0.0,0
unsoundness,0.25,0.0,2
nonprehensile,0.0,0.0,2
implausibility,0.5,0.375,2
deductive,0.0,0.0,2
disjunct,0.0,0.0,2
disapproval,0.375,0.125,2
uninterestingly,0.0,0.375,1
desegregate,0.0,0.0,2
unprepared,0.5,0.125,0
punctureless,0.0,0.0,2
disreputable,0.25,0.375,2
unsatisfactory,0.0,0.0,2
uncrossed,0.125,0.0,2
unenthusiastic,0.5,0.25,2
imperishable,0.375,0.0,0
irreligious,0.5,0.125,0
insentient,0.0,0.0,2
acarpelous,0.0,0.0,2
unweave,0.0,0.0,2
unmuzzle,0.0,0.0,2
hypotensive,0.5,0.0,0
maladroit,0.0,0.0,2
hypotonicity,0.0,0.0,2
uncertified,0.25,0.0,2
incomprehensible,0.5,0.125,0
effortless,0.0,0.0,2
asynchronous,0.0,0.0,2
unconsciousness,0.25,0.0,2
illiterate,0.5,0.0,0
unprejudiced,0.0,0.5,1
unenlightening,0.0,0.0,2
roofless,0.0,0.0,2
infelicitously,0.0,0.25,2
insignificantly,0.0,0.125,2
unreliability,0.625,0.25,0
avirulent,0.0,0.0,2
unportable,0.375,0.125,2
jawless,0.0,0.0,2
inalienable,0.375,0.125,2
disrespectfully,0.0,0.125,2
unpleasantly,0.25,0.0,2
untwist,0.0,0.0,2
uneducated,0.75,0.25,0
distributed,0.0,0.0,2
subartesian,0.125,0.0,2
unfashionably,0.0,0.25,2
unconstitutionally,0.0,0.25,2
irreverence,0.375,0.25,2
unseal,0.0,0.0,2
impenetrability,0.375,0.5,2
import,0.0,0.0,2
nonterritorial,0.125,0.0,2
unpropitiously,0.0,0.25,2
uninformative,0.25,0.0,2
demilitarize,0.0,0.0,2
insecurity,0.125,0.0,2
flowerless,0.0,0.0,2
indiscreetly,0.25,0.0,2
unbordered,0.0,0.0,2
unsportingly,0.0,0.125,2
noncyclic,0.25,0.125,2
impossibly,0.125,0.0,2
unconnected,0.625,0.0,0
undescriptive,0.75,0.125,0
immature,0.0,0.0,2
intestate,0.0,0.0,2
distrustfully,0.0,0.0,2
unmodified,0.75,0.0,0
unjust,0.375,0.375,2
unclear,0.125,0.375,2
unrigged,0.0,0.0,2
dislike,0.0,0.0,2
unmoving,0.0,0.0,2
nonarbitrable,0.625,0.0,0
unairworthy,0.5,0.25,2
insubordination,0.125,0.125,2
heedlessness,0.0,0.0,2
unlikelihood,0.0,0.125,2
unsized,0.625,0.0,0
unworldly,0.0,0.0,2
meatless,0.0,0.0,2
disequilibrium,0.0,0.0,2
nonadhesive,0.75,0.0,0
achromatic_color,0.125,0.0,2
nonrepresentative,0.625,0.0,0
unsavory,0.0,0.0,2
nonabsorbency,0.0,0.0,2
unplanned,0.375,0.125,2
unventilated,0.25,0.0,2
insecureness,0.125,0.0,2
disrespectful,0.0,0.0,2
unemotional,0.444,0.556,2
nonsuppurative,0.25,0.0,2
unknowable,0.25,0.125,2
discontent,0.0,0.125,2
unintelligibly,0.0,0.125,2
unrecoverable,0.5,0.0,0
unsound,0.0,0.0,2
incommutable,0.5,0.0,0
inopportunely,0.0,0.0,2
unresponsiveness,0.5,0.0,0
irresponsibleness,0.375,0.0,0
untruthfully,0.0,0.25,2
unstrain,0.0,0.0,2
illiteracy,0.5,0.125,0
painlessly,0.375,0.0,0
impermanence,0.25,0.0,2
imprudently,0.0,0.25,2
incapability,0.25,0.0,2
boneless,0.0,0.0,2
unimpressionable,0.75,0.0,0
unsuitably,0.125,0.125,2
disincarnate,0.0,0.0,2
incapacity,0.0,0.375,1
unpretentiousness,0.5,0.375,2
unlikely,0.625,0.0,0
decertify,0.0,0.0,2
unexcitingly,0.0,0.25,2
unwittingly,0.375,0.0,0
discomposed,0.0,0.0,2
unrestricted,0.625,0.0,0
unbolt,0.0,0.0,2
lipless,0.0,0.0,2
unwoven,0.0,0.0,2
unmusical,0.25,0.0,2
nonspatial,0.25,0.0,2
dissuasion,0.0,0.0,2
irreplaceable,0.75,0.0,0
unnecessary,0.25,0.25,2
fruitlessness,0.375,0.125,2
nonmechanical,0.25,0.0,2
pointless,0.0,0.0,2
insanely,0.25,0.5,2
unpatriotically,0.0,0.25,2
tramontane,0.0,0.0,2
immoderate,0.0,0.0,2
disarmament,0.0,0.0,2
unattractiveness,0.25,0.0,2
nonextensile,0.0,0.0,2
inexpensiveness,0.125,0.375,2
unsecured_bond,0.0,0.0,2
motionlessness,0.375,0.0,0
ungrammatical,0.75,0.0,0
unfathomable,0.625,0.0,0
branchless,0.0,0.0,2
immigrate,0.0,0.0,2
unmerited,0.625,0.125,0
disadvantageously,0.625,0.125,0
nonconformism,0.0,0.0,2
thoughtless,0.0,0.0,2
disembarkation,0.0,0.0,2
unsupervised,0.5,0.125,0
unpolished,0.5,0.0,0
unrepeatable,0.5,0.0,0
nonprofessional,0.625,0.0,0
unfasten,0.0,0.0,2
illicitly,0.0,0.25,2
unseasonably,0.5,0.0,0
unglazed,0.625,0.0,0
mismatched,0.0,0.0,2
infrequent,0.0,0.0,2
unceremoniousness,0.25,0.5,2
nonaddictive,0.5,0.25,2
destalinize,0.0,0.0,2
illicitness,0.75,0.0,0
de-iodinating,0.0,0.0,2
unpretentiously,0.0,0.375,1
unpretentious,0.375,0.25,2
non-market_economy,0.0,0.0,2
underact,0.0,0.0,2
thoughtlessly,0.0,0.25,2
nonassociative,0.125,0.0,2
dissent,0.0,0.0,2
unacceptability,0.75,0.125,0
uneager,0.0,0.0,2
wheelless,0.0,0.0,2
impreciseness,0.5,0.375,2
illegality,0.375,0.0,0
outlaw,0.25,0.0,2
unprecedented,0.0,0.0,2
nonreciprocal,0.125,0.0,2
unsensational,0.625,0.125,0
inexact,0.0,0.0,2
indecisively,0.125,0.0,2
insanity,0.375,0.25,2
aborad,0.0,0.0,2
denaturalize,0.0,0.0,2
unimaginatively,0.0,0.125,2
unmated,0.0,0.0,2
nonparticipation,0.0,0.0,2
undershoot,0.0,0.0,2
unacceptably,0.375,0.0,0
carelessly,0.375,0.0,0
indecorously,0.0,0.0,2
undramatic,0.5,0.125,0
unscalable,0.0,0.625,1
disfluency,0.0,0.0,2
nonfunctional,0.75,0.0,0
downgrade,0.0,0.0,2
unpowered,0.625,0.0,0
ill-advised,0.125,0.0,2
aboral,0.0,0.0,2
hypotonia,0.0,0.0,2
undesirable,0.5,0.125,0
uncommonness,0.0,0.375,1
unlucky,0.75,0.125,0
unoriginal,0.75,0.0,0
nontraditional,0.875,0.0,0
unclasp,0.0,0.0,2
illegibly,0.0,0.25,2
ineffectively,0.0,0.25,2
inarticulately,0.0,0.125,2
irremediable,0.625,0.0,0
de-escalate,0.0,0.0,2
nonsingular_matrix,0.0,0.0,2
informal,0.25,0.0,2
unwebbed,0.125,0.0,2
unexpendable,0.75,0.25,0
atonality,0.25,0.0,2
unlisted,0.75,0.0,0
decolonize,0.0,0.0,2
dissatisfy,0.0,0.0,2
incompatibly,0.0,0.0,2
unsociably,0.0,0.25,2
uncleanliness,0.5,0.125,0
unstratified,0.75,0.0,0
paranormal,0.0,0.0,2
unconditional,0.125,0.0,2
unstressed,0.75,0.0,0
unholy,0.0,0.0,2
unironed,0.25,0.0,2
uncreative,0.5,0.0,0
disassociation,0.0,0.0,2
unfavorable,0.75,0.0,0
unluckily,0.875,0.0,0
insubstantiality,0.0,0.0,2
inefficiency,0.5,0.0,0
unstaple,0.0,0.0,2
dystopian,0.375,0.125,2
anticholinergic,0.0,0.0,2
discomposure,0.75,0.0,0
unscholarly,0.0,0.0,2
unobtrusive,0.625,0.0,0
unbelief,0.0,0.0,2
unidentifiable,0.5,0.0,0
illogicality,0.75,0.25,0
informally,0.0,0.0,2
unfashionable,0.75,0.0,0
unlaureled,0.625,0.0,0
unmotivated,0.0,0.0,2
unclassified,0.75,0.0,0
illegible,0.0,0.0,2
unanimated,0.5,0.375,2
nonintegrated,0.0,0.0,2
dysgenics,0.25,0.0,2
hypertensive,0.5,0.0,0
unassigned,0.25,0.0,2
unfilled,0.125,0.0,2
undatable,0.75,0.0,0
incautious,0.25,0.25,2
exclude,0.0,0.0,2
unsalable,0.5,0.0,0
misconception,0.625,0.25,0
depressurise,0.0,0.0,2
unattractive,0.25,0.5,2
inexactly,0.0,0.125,2
mistrust,0.0,0.375,1
uncensored,0.5,0.0,0
improbability,0.375,0.5,2
passionless,0.0,0.0,2
nonmigratory,0.0,0.0,2
immediacy,0.0,0.0,2
nonnative,0.625,0.0,0
uncarved,0.125,0.0,2
disinclined,0.0,0.0,2
unsuccessful,0.5,0.0,0
unfastidious,0.625,0.0,0
unoriented,0.625,0.0,0
impractical,0.625,0.0,0
offside,0.0,0.0,2
inessential,0.75,0.0,0
nonsurgical,0.125,0.0,2
injudiciousness,0.0,0.875,1
unemotionality,0.5,0.25,2
underbid,0.0,0.0,2
unintrusive,0.625,0.0,0
demote,0.0,0.0,2
tearless,0.0,0.0,2
incomplete,0.0,0.0,2
nonlinguistic,0.75,0.0,0
intolerantly,0.0,0.5,1
nonruminant,0.0,0.0,2
unchartered,0.125,0.0,2
unperplexed,0.75,0.0,0
powerlessness,0.375,0.125,2
unwary,0.625,0.125,0
unhappiness,0.75,0.0,0
dehumidify,0.0,0.0,2
disarranged,0.0,0.0,2
undiscerning,0.0,0.0,2
uncover,0.0,0.0,2
unaffected,0.125,0.125,2
unvariedness,0.5,0.125,0
unmown,0.5,0.0,0
unmarked,0.625,0.0,0
inelastic,0.125,0.0,2
discourage,0.0,0.0,2
unsteadily,0.125,0.0,2
noncompetitively,0.0,0.25,2
unedifying,0.0,0.0,2
innocuous,0.75,0.0,0
disorient,0.0,0.0,2
dissatisfaction,0.5,0.125,0
undocumented,0.0,0.0,2
incredibly,0.5,0.0,0
unbanded,0.75,0.0,0
nonsignificant,0.0,0.0,2
outpatient,0.5,0.0,0
discontinuance,0.0,0.0,2
unfamiliarity,0.375,0.0,0
invisible,0.625,0.25,0
unprofitably,0.5,0.0,0
ill-natured,0.875,0.0,0
deconcentrate,0.0,0.0,2
counterrevolutionary,0.0,0.0,2
unintended,0.5,0.0,0
grassless,0.0,0.0,2
destructiveness,0.625,0.0,0
undependability,0.625,0.25,0
styleless,0.0,0.0,2
untimbered,0.25,0.125,2
unharness,0.0,0.0,2
unauthorized,0.875,0.0,0
unwitting,0.0,0.0,2
de-iodinate,0.0,0.0,2
internally,0.0,0.0,2
deactivation,0.0,0.0,2
toothless,0.0,0.0,2
nonoperational,0.5,0.0,0
apetalous,0.0,0.0,2
discouragement,0.375,0.125,2
unlawfulness,0.5,0.0,0
underived,0.25,0.375,2
indispensableness,0.375,0.375,2
unselfconsciousness,0.25,0.5,2
unsocial,0.625,0.0,0
nonviolent,0.0,0.0,2
impartiality,0.0,0.0,2
atonicity,0.5,0.0,0
unoffending,0.0,0.0,2
incongruity,0.875,0.125,0
unacquisitive,0.5,0.0,0
hopelessness,0.5,0.375,2
deodorize,0.0,0.0,2
unsheathed,0.75,0.0,0
unwilling,0.75,0.0,0
unrhythmical,0.75,0.0,0
unwholesomeness,0.75,0.125,0
careless,0.0,0.0,2
uncrowned,0.5,0.0,0
unfairly,0.0,0.25,2
incorrigible,0.5,0.0,0
malign,0.0,0.0,2
headless,0.0,0.0,2
nonfat,0.0,0.0,2
nonsectarian,0.625,0.0,0
untrustiness,0.75,0.0,0
unaccommodating,0.0,0.0,2
noncommercial,0.75,0.0,0
tuneless,0.0,0.0,2
unholiness,0.375,0.375,2
undesirability,0.125,0.5,1
impermeability,0.25,0.0,2
lawlessly,0.0,0.25,2
misconstruction,0.375,0.0,0
infallible,0.5,0.125,0
antimagnetic,0.375,0.0,0
impolitely,0.0,0.25,2
unseamanlike,0.0,0.0,2
uneasy,0.5,0.0,0
sleeveless,0.0,0.0,2
unstatesmanlike,0.0,0.0,2
antitype,0.0,0.0,2
unsociable,0.75,0.0,0
unregulated,0.625,0.0,0
unborn,0.125,0.0,2
impolite,0.0,0.0,2
inconsideration,0.5,0.375,2
incoherence,0.125,0.125,2
irresolute,0.0,0.0,2
incommodious,0.0,0.0,2
unsold,0.75,0.0,0
illegibility,0.0,0.0,2
undynamic,0.625,0.0,0
untwine,0.0,0.0,2
unimodal,0.0,0.0,2
nonrepetitive,0.125,0.0,2
unreliableness,0.625,0.25,0
untrained,0.5,0.125,0
unmalicious,0.778,0.222,0
unpatronized,0.0,0.0,2
understock,0.0,0.0,2
insubstantial,0.125,0.0,2
unaggressive,0.625,0.0,0
indeterminate,0.0,0.0,2
unpalatability,0.125,0.0,2
disenfranchised,0.0,0.0,2
discourteous,0.25,0.625,1
nonvolatile,0.0,0.0,2
unconventional,0.75,0.0,0
nonresidential,0.125,0.0,2
earless,0.0,0.0,2
unreverberant,0.375,0.125,2
unlawfully,0.0,0.25,2
unbelted,0.25,0.125,2
noncomprehensive,0.125,0.0,2
irrelevant,0.0,0.0,2
unweaned,0.25,0.0,2
unattributable,0.25,0.125,2
unfreeze,0.0,0.0,2
unrighteousness,0.0,0.625,1
inconsistently,0.0,0.0,2
uncross,0.0,0.0,2
uncomfortably,0.375,0.0,0
disobedient,0.0,0.0,2
nonexistent,0.0,0.0,2
unrifled,0.5,0.0,0
inconstant,0.0,0.0,2
disallow,0.0,0.0,2
unconcerned,0.25,0.25,2
disconnect,0.25,0.0,2
demonetization,0.5,0.0,0
inelegant,0.0,0.0,2
nonionic,0.125,0.375,2
insalubriousness,0.25,0.5,2
anticlimactic,0.0,0.0,2
unchanged,0.625,0.0,0
unresentful,0.5,0.0,0
loamless,0.0,0.0,2
imbalance,0.0,0.0,2
impassable,0.0,0.625,1
unrestrained,0.625,0.0,0
understatement,0.125,0.0,2
inability,0.25,0.125,2
immorally,0.625,0.0,0
artless,0.0,0.0,2
unrespectable,0.125,0.625,1
unequivocalness,0.0,0.25,2
impious,0.5,0.25,2
unreconstructed,0.0,0.0,2
unlaced,0.0,0.0,2
inappositeness,0.0,0.75,1
infrequently,0.0,0.0,2
dystopia,0.625,0.0,0
harmless,0.0,0.0,2
undesigned,0.75,0.0,0
indigestibility,0.375,0.0,0
unbind,0.0,0.0,2
demobilise,0.0,0.0,2
rimless,0.0,0.0,2
worthlessness,0.5,0.125,0
destabilisation,0.0,0.0,2
uncaulked,0.625,0.0,0
subhuman,0.0,0.0,2
disabling,0.0,0.0,2
unreportable,0.5,0.0,0
displeasing,0.0,0.0,2
ribless,0.0,0.0,2
nonmonotonic,0.375,0.0,0
unkindness,0.25,0.375,2
ingratitude,0.625,0.25,0
discontinuous,0.0,0.0,2
untanned,0.625,0.0,0
intangible,0.625,0.0,0
unexchangeability,0.5,0.0,0
inaudible,0.5,0.125,0
undeciphered,0.25,0.0,2
unpaid,0.125,0.0,2
unalert,0.5,0.25,2
decontamination,0.125,0.0,2
imprecise,0.0,0.0,2
nonspherical,0.125,0.0,2
insufficiently,0.0,0.0,2
purposeless,0.0,0.0,2
inexpressively,0.0,0.25,2
displeased,0.75,0.125,0
incalculable,0.625,0.125,0
antipyretic,0.0,0.5,1
spineless,0.0,0.0,2
disintegrate,0.0,0.0,2
intolerance,0.375,0.0,0
infinite,0.0,0.0,2
astigmatism,0.625,0.0,0
impatience,0.625,0.0,0
descend,0.0,0.0,2
unturned,0.125,0.0,2
unrefined,0.75,0.0,0
unconditioned,0.625,0.0,0
disorderly,0.0,0.0,2
unwind,0.0,0.0,2
abducent,0.0,0.0,2
unadorned,0.625,0.25,0
uncommunicativeness,0.125,0.25,2
dematerialise,0.0,0.0,2
inextricable,0.625,0.0,0
untied,0.125,0.0,2
undifferentiated,0.25,0.0,2
undeceive,0.0,0.0,2
desynchronize,0.0,0.0,2
unlash,0.0,0.0,2
off-season,0.0,0.0,2
indivisible,0.625,0.0,0
detachable,0.0,0.25,2
abnormality,0.0,0.25,2
disrepute,0.375,0.25,2
downwards,0.0,0.0,2
unconstitutional,0.75,0.0,0
nonfatal,0.375,0.0,0
disagreeableness,0.875,0.125,0
untune,0.0,0.0,2
noncollapsible,0.5,0.0,0
dissimilarity,0.5,0.25,2
unable,0.75,0.0,0
Nonconformist,0.625,0.0,0
untrimmed,0.125,0.0,2
subtraction,0.0,0.0,2
unaddressed,0.125,0.0,2
unstudied,0.75,0.0,0
unlubricated,0.125,0.0,2
injudiciously,0.0,0.25,2
unnatural,0.75,0.0,0
unaccustomed,0.75,0.0,0
underspend,0.0,0.0,2
unenlightened,0.0,0.5,1
discharge,0.0,0.0,2
unreassuring,0.0,0.0,2
undiplomatically,0.0,0.25,2
unrestraint,0.375,0.375,2
uncrannied,0.5,0.0,0
unprofessional,0.625,0.0,0
nonvolatile_storage,0.0,0.0,2
bibless,0.0,0.0,2
nonpolitical,0.125,0.125,2
uncritical,0.375,0.375,2
unclearness,0.5,0.25,2
depreciation,0.0,0.0,2
disobey,0.0,0.0,2
undiscriminating,0.0,0.0,2
unexportable,0.75,0.25,0
unobtrusively,0.0,0.25,2
decriminalisation,0.0,0.0,2
unalarming,0.0,0.0,2
unofficial,0.75,0.0,0
unburdened,0.75,0.0,0
nonalcoholic,0.0,0.0,2
nonhuman,0.0,0.0,2
unbox,0.0,0.0,2
unexpansive,0.5,0.25,2
unlivable,0.75,0.125,0
tactlessness,0.5,0.375,2
unplanted,0.125,0.0,2
inorganic,0.0,0.0,2
unsaddle,0.0,0.0,2
anaphrodisia,0.375,0.25,2
incredulously,0.0,0.25,2
unshockable,0.625,0.125,0
unmindfulness,0.125,0.125,2
unmyelinated,0.125,0.0,2
unshaded,0.5,0.0,0
uncle,0.0,0.0,2
inadvisability,0.625,0.125,0
unacceptable,0.75,0.0,0
disesteem,0.0,0.25,2
unamended,0.125,0.0,2
inarticulate,0.0,0.0,2
nonparticulate,0.0,0.0,2
underprivileged,0.375,0.0,0
imprecision,0.5,0.375,2
nondeductible,0.625,0.0,0
unintelligent,0.0,0.0,2
nonadsorbent,0.0,0.0,2
unlock,0.0,0.0,2
abnormal,0.75,0.0,0
unlimited,0.5,0.0,0
unenlightenment,0.375,0.0,0
invariability,0.625,0.0,0
incompetence,0.25,0.0,2
depigmentation,0.625,0.0,0
unpardonably,0.0,0.0,2
uncoated,0.625,0.0,0
odorless,0.0,0.0,2
imprecisely,0.0,0.125,2
unexhausted,0.25,0.375,2
disjunctive,0.0,0.0,2
defense,0.0,0.0,2
unangry,0.125,0.0,2
unworthiness,0.25,0.5,2
unattractively,0.0,0.375,1
uncoil,0.0,0.0,2
changelessness,0.0,0.0,2
gloveless,0.0,0.0,2
insoluble,0.0,0.25,2
hypothermia,0.25,0.0,2
unleaded,0.75,0.0,0
untidiness,0.25,0.0,2
unstring,0.0,0.0,2
unsnarl,0.0,0.0,2
inequitably,0.0,0.25,2
unwellness,0.0,0.0,2
uncontested,0.625,0.0,0
detransitivize,0.0,0.0,2
decolonise,0.0,0.0,2
degrade,0.0,0.0,2
nonproliferation,0.0,0.0,2
inutility,0.25,0.375,2
insensitiveness,0.625,0.125,0
unspecialized,0.75,0.0,0
impossible,0.75,0.0,0
unbarreled,0.75,0.0,0
ineligible,0.25,0.125,2
unrhetorical,0.125,0.125,2
nonresident,0.0,0.0,2
incorruptibility,0.75,0.25,0
incurableness,0.125,0.125,2
unpatriotic,0.25,0.375,2
incoherently,0.0,0.25,2
intolerably,0.375,0.0,0
unemployment,0.625,0.0,0
landless,0.0,0.0,2
dissociate,0.0,0.0,2
unconvincing,0.0,0.0,2
desynchronization,0.0,0.0,2
impenetrable,0.75,0.0,0
uncommitted,0.75,0.0,0
unapproachability,0.75,0.125,0
unforgettable,0.5,0.125,0
disapprobation,0.5,0.5,2
unrewarding,0.0,0.0,2
immutable,0.625,0.0,0
bedless,0.0,0.0,2
denationalise,0.0,0.0,2
detached,0.0,0.0,2
decalcify,0.0,0.0,2
noncausative,0.25,0.0,2
irregular,0.5,0.0,0
impenitent,0.0,0.0,2
disorderliness,0.25,0.0,2
uncouple,0.0,0.0,2
dehumanize,0.0,0.0,2
nonexplosive,0.375,0.0,0
acyclic,0.0,0.0,2
unmelodious,0.625,0.125,0
insalubrity,0.25,0.5,2
nonmoving,0.0,0.0,2
unmade,0.0,0.0,2
gracelessly,0.0,0.0,2
unhesitatingly,0.0,0.0,2
ungracious,0.0,0.75,1
dishonestly,0.0,0.25,2
unenlivened,0.625,0.0,0
unwrapped,0.625,0.0,0
unavailability,0.625,0.25,0
desensitize,0.0,0.0,2
disliked,0.0,0.0,2
incompatible,0.25,0.25,2
impermeable,0.0,0.0,2
underpay,0.0,0.0,2
nonpregnant,0.0,0.0,2
inexpressible,0.0,0.0,2
unadaptability,0.5,0.25,2
indestructible,0.125,0.375,2
disobediently,0.0,0.125,2
nonsubmersible,0.625,0.0,0
unservile,0.0,0.0,2
inexactness,0.75,0.125,0
outflow,0.0,0.0,2
undergarment,0.0,0.0,2
irrevocable,0.75,0.0,0
dysphemistic,0.75,0.0,0
incorporeal,0.0,0.0,2
unperceptiveness,0.0,0.625,1
joylessly,0.0,0.25,2
nonastringent,0.0,0.0,2
deflationary,0.0,0.125,2
unevenly,0.0,0.0,2
unapproachable,0.375,0.0,0
unmelted,0.25,0.0,2
undomestic,0.625,0.0,0
unfrozen,0.125,0.0,2
unlikeness,0.5,0.0,0
unemployed,0.625,0.0,0
disentangle,0.0,0.0,2
unpointedness,0.0,0.0,2
unsusceptibility,0.25,0.125,2
unrecognizably,0.0,0.375,1
unappealable,0.5,0.0,0
germfree,0.0,0.0,2
dishonest,0.0,0.0,2
unvoiced,0.0,0.0,2
unlighted,0.75,0.0,0
uncivilly,0.0,0.25,2
increment,0.0,0.0,2
unmindful,0.75,0.125,0
inadequately,0.375,0.0,0
inconspicuous,0.5,0.125,0
unlawful,0.75,0.0,0
legless,0.0,0.0,2
unmemorably,0.0,0.25,2
illiberality,0.5,0.125,0
disproportion,0.0,0.25,2
unchivalrously,0.0,0.25,2
unbelievably,0.5,0.0,0
uninformed,0.125,0.25,2
unflattering,0.0,0.0,2
hypoglycemia,0.625,0.0,0
inactivation,0.0,0.0,2
noncrystalline,0.0,0.0,2
uncamphorated,0.25,0.0,2
unjustifiably,0.0,0.0,2
disloyally,0.375,0.0,0
incompressibility,0.125,0.0,2
memberless,0.0,0.0,2
inadvisable,0.625,0.125,0
nonuniformity,0.25,0.5,2
gutlessness,0.5,0.0,0
uncommunicative,0.625,0.125,0
hornless,0.0,0.0,2
starless,0.0,0.0,2
uncongenial,0.667,0.333,0
malignity,0.875,0.0,0
inequity,0.625,0.25,0
unsinkable,0.625,0.0,0
immodestly,0.0,0.25,2
desensitizing,0.0,0.0,2
decriminalize,0.0,0.0,2
unscrupulousness,0.5,0.5,2
infertility,0.375,0.0,0
unprintable,0.25,0.75,1
unusual,0.625,0.125,0
offshore,0.0,0.0,2
unabused,0.25,0.375,2
inefficacious,0.0,0.25,2
dissimilar,0.0,0.0,2
incomparably,0.0,0.0,2
anhydrous,0.0,0.0,2
unpredictability,0.5,0.25,2
hopeless,0.0,0.0,2
unanalyzed,0.625,0.125,0
unseemliness,0.25,0.25,2
destructive,0.0,0.0,2
unskilled,0.625,0.0,0
declassification,0.0,0.0,2
unstratified_language,0.0,0.0,2
uncharged,0.0,0.0,2
ungrudgingly,0.0,0.375,1
ahistorical,0.375,0.0,0
bloodless,0.0,0.0,2
malevolence,0.875,0.0,0
unethically,0.375,0.0,0
toeless,0.0,0.0,2
unfriendliness,0.625,0.0,0
unusualness,0.125,0.5,1
unlamented,0.875,0.0,0
unseasonableness,0.25,0.0,2
unadventurous,0.375,0.25,2
agnostic,0.0,0.0,2
inconspicuously,0.0,0.0,2
unforgivingly,0.0,0.0,2
inglorious,0.5,0.125,0
unsaturated,0.0,0.25,2
unbranded,0.75,0.0,0
unsealed,0.625,0.0,0
unsuccessfully,0.125,0.0,2
immaturity,0.625,0.0,0
uninterested,0.625,0.0,0
decriminalization,0.0,0.0,2
indecision,0.0,0.0,2
offstage,0.0,0.0,2
unmanfully,0.5,0.0,0
unevenness,0.625,0.125,0
inhumaneness,0.5,0.5,2
inactivity,0.125,0.0,2
unguided,0.625,0.0,0
imperceptible,0.625,0.25,0
indecent,0.0,0.0,2
inexcusable,0.625,0.0,0
aperiodic,0.0,0.0,2
impossibility,0.25,0.0,2
indiscernible,0.75,0.25,0
footless,0.0,0.0,2
uselessness,0.25,0.375,2
underdress,0.0,0.0,2
unblock,0.0,0.0,2
incautiously,0.375,0.0,0
impermissibility,0.625,0.125,0
disenfranchisement,0.0,0.0,2
unbelievingly,0.0,0.25,2
uncooperative,0.625,0.0,0
unpersuasiveness,0.5,0.125,0
uncheerfulness,0.75,0.125,0
unfeelingly,0.0,0.125,2
nonrandom,0.0,0.0,2
nontechnical,0.75,0.125,0
counterfactuality,0.625,0.25,0
inconvertibility,0.625,0.25,0
depreciate,0.0,0.0,2
unreproducible,0.5,0.0,0
irreconcilable,0.5,0.0,0
unappetizingness,0.0,0.0,2
unsigned,0.25,0.125,2
ungusseted,0.5,0.0,0
immediate,0.0,0.0,2
unargumentative,0.75,0.0,0
unprofitability,0.625,0.125,0
incontinent,0.0,0.0,2
inevitable,0.625,0.0,0
inconclusive,0.5,0.0,0
unmitigated,0.625,0.0,0
unlikeliness,0.0,0.125,2
unfastened,0.5,0.0,0
uninterestingness,0.5,0.125,0
unpermissive,0.75,0.125,0
insufficient,0.0,0.0,2
immiscible,0.25,0.0,2
untucked,0.5,0.0,0
noneffervescent,0.0,0.0,2
deoxidise,0.0,0.0,2
rustless,0.0,0.0,2
nonconformist,0.625,0.0,0
nonsmoker,0.0,0.0,2
insecure,0.0,0.0,2
inaction,0.125,0.0,2
unconscious,0.375,0.0,0
unbecomingness,0.25,0.5,2
