,word,neg_score,pos_score,label,gpt4,thinh,yulia
0,ungodliness,0.625,0.25,0,0,0.0,
1,inadmissibility,0.75,0.125,0,0,0.0,
2,disorganise,0.0,0.0,2,0,0.0,
3,unyoke,0.0,0.0,2,2,2.0,
4,unconscientiousness,0.375,0.5,2,0,0.0,
5,unjustly,0.0,0.125,2,0,0.0,
6,unorthodox,0.0,0.0,2,2,2.0,
7,unhelpfully,0.0,0.25,2,0,0.0,
8,indecisive,0.375,0.375,2,0,0.0,
9,spiritless,0.0,0.0,2,0,0.0,
10,nonspecific,0.0,0.0,2,2,2.0,
11,inopportune,0.0,0.0,2,0,0.0,
12,nonaligned,0.0,0.0,2,2,2.0,
13,noninstitutional,0.125,0.0,2,2,2.0,
14,underhand,0.0,0.0,2,0,0.0,
15,nonmagnetic,0.625,0.0,0,2,2.0,
16,nonreticulate,0.0,0.0,2,2,2.0,
17,counterclockwise,0.0,0.0,2,2,2.0,
18,unequivocal,0.375,0.25,2,2,2.0,
19,noninvasive,0.625,0.0,0,2,2.0,
20,uneven,0.0,0.0,2,0,2.0,
21,desecrated,0.0,0.0,2,0,0.0,
22,uninsurability,0.25,0.25,2,0,0.0,
23,noncombinative,0.0,0.0,2,2,2.0,
24,uninflected,0.125,0.0,2,2,2.0,
25,untranslatable,0.5,0.0,0,2,2.0,
26,nonviolently,0.0,0.0,2,2,2.0,
27,irresponsibly,0.0,0.5,1,0,0.0,
28,unheaded,0.625,0.0,0,0,0.0,
29,unrespectability,0.25,0.75,1,0,0.0,
30,uncut,0.0,0.0,2,2,2.0,
31,atonic,0.0,0.0,2,0,2.0,
32,unsoured,0.625,0.0,0,2,1.0,
33,azonal,0.25,0.125,2,2,2.0,
34,keyless,0.0,0.0,2,2,2.0,
35,fearlessly,0.0,0.0,2,1,1.0,
36,unhygienically,0.0,0.25,2,0,0.0,
37,tasteless,0.0,0.0,2,0,0.0,
38,depersonalize,0.0,0.0,2,0,0.0,
39,inhumanely,0.0,0.25,2,0,0.0,
40,indecency,0.75,0.125,0,0,0.0,
41,unpreventable,0.25,0.125,2,0,2.0,
42,unreasonably,0.375,0.0,0,0,0.0,
43,inadequacy,0.125,0.0,2,0,0.0,
44,unpleasingness,0.75,0.125,0,0,0.0,
45,disprove,0.0,0.0,2,2,2.0,
46,discontinued,0.0,0.0,2,2,2.0,
47,unmanageable,0.0,0.125,2,0,0.0,
48,imperceptibility,0.125,0.0,2,2,2.0,
49,defensively,0.0,0.125,2,2,2.0,
50,unleaded_gasoline,0.75,0.0,0,2,2.0,
51,divergency,0.0,0.0,2,2,2.0,
52,unstuck,0.0,0.0,2,2,2.0,
53,unliveried,0.125,0.125,2,2,2.0,
54,nonpartisan,0.0,0.0,2,2,2.0,
55,untangled,0.125,0.0,2,2,2.0,
56,de-energize,0.0,0.0,2,0,0.0,
57,impatiently,0.0,0.25,2,0,0.0,
58,unstructured,0.0,0.125,2,2,2.0,
59,uninquiring,0.0,0.0,2,0,2.0,
60,unfortunately,0.875,0.0,0,0,0.0,
61,disproportionate,0.0,0.0,2,0,0.0,
62,nonmetallic,0.75,0.0,0,2,2.0,
63,unorganized,0.75,0.0,0,0,0.0,
64,unhitch,0.0,0.0,2,2,2.0,
65,unscrew,0.0,0.0,2,2,2.0,
66,uncommon,0.25,0.5,2,2,2.0,
67,unbutton,0.0,0.0,2,2,2.0,
68,noncitizen,0.0,0.0,2,2,2.0,
69,handleless,0.0,0.0,2,2,2.0,
70,indeterminable,0.625,0.125,0,2,2.0,
71,moonless,0.0,0.0,2,2,2.0,
72,nonimitative,0.75,0.0,0,2,2.0,
73,unstableness,0.25,0.375,2,0,0.0,
74,inhospitably,0.0,0.25,2,0,0.0,
75,unlike,0.0,0.0,2,2,2.0,
76,unmilitary,0.75,0.0,0,2,2.0,
77,effortlessness,0.625,0.125,0,1,1.0,
78,uncared-for,0.125,0.125,2,0,0.0,
79,fearlessness,0.75,0.125,0,1,1.0,
80,anticlinal,0.0,0.0,2,2,2.0,
81,inviolable,0.375,0.125,2,1,2.0,
82,insentience,0.25,0.125,2,2,2.0,
83,hairlessness,0.0,0.0,2,2,2.0,
84,impurity,0.0,0.125,2,0,0.0,
85,insensibility,0.75,0.0,0,0,0.0,
86,unhealthy,0.75,0.0,0,0,0.0,
87,nonphotosynthetic,0.125,0.0,2,2,2.0,
88,decompression,0.0,0.0,2,2,2.0,
89,intransitively,0.0,0.25,2,2,2.0,
90,ungathered,0.625,0.0,0,2,2.0,
91,untalented,0.0,0.375,1,0,0.0,
92,disagreement,0.0,0.125,2,0,0.0,
93,unaltered,0.0,0.0,2,2,2.0,
94,tubeless,0.625,0.0,0,2,2.0,
95,extrasensory,0.0,0.0,2,2,2.0,
96,unquietly,0.0,0.0,2,0,2.0,
97,undervalue,0.0,0.0,2,0,0.0,
98,noncivilized,0.0,0.0,2,0,0.0,
99,disloyal,0.0,0.0,2,0,0.0,
100,inhumane,0.0,0.0,2,0,0.0,
101,inconsiderate,0.0,0.0,2,0,0.0,
102,indecently,0.25,0.0,2,0,0.0,
103,untimeliness,0.25,0.0,2,0,0.0,
104,irregularly,0.0,0.0,2,2,2.0,
105,unnaturalness,0.875,0.0,0,0,0.0,
106,unmanageably,0.0,0.0,2,0,0.0,
107,unreliable,0.875,0.0,0,0,0.0,
108,undetermined,0.625,0.0,0,2,0.0,
109,unrealistic,0.75,0.0,0,0,0.0,
110,undrinkable,0.5,0.25,2,0,0.0,
111,inedible,0.75,0.25,0,0,0.0,
112,atypically,0.0,0.25,2,2,2.0,
113,inculpatory,0.0,0.0,2,0,0.0,
114,unpresidential,0.125,0.0,2,0,0.0,
115,untouched,0.5,0.0,0,2,2.0,
116,impiety,0.25,0.375,2,0,0.0,
117,unbreakable,0.625,0.0,0,1,1.0,
118,incomprehension,0.625,0.25,0,0,0.0,
119,unreal,0.0,0.0,2,2,2.0,
120,uneventful,0.375,0.25,2,2,2.0,
121,insectivorous,0.0,0.0,2,2,2.0,
122,inaudibility,0.5,0.25,2,2,2.0,
123,unsarcastic,0.625,0.0,0,2,2.0,
124,discourteously,0.0,0.25,2,0,0.0,
125,inextinguishable,0.875,0.0,0,2,2.0,
126,unbodied,0.25,0.0,2,2,2.0,
127,off-street,0.0,0.0,2,2,2.0,
128,disengage,0.0,0.0,2,2,2.0,
129,unsaponified,0.375,0.25,2,2,2.0,
130,inoperable,0.75,0.0,0,0,0.0,
131,inexpedience,0.25,0.375,2,0,0.0,
132,incorporeality,0.625,0.0,0,2,2.0,
133,unstoppable,0.625,0.0,0,1,1.0,
134,incapable,0.125,0.125,2,0,0.0,
135,inappropriate,0.0,0.0,2,0,0.0,
136,unframed,0.625,0.0,0,2,2.0,
137,impermanent,0.0,0.0,2,2,2.0,
138,unsteadiness,0.5,0.0,0,0,0.0,
139,denitrify,0.0,0.0,2,2,2.0,
140,unforgivably,0.0,0.0,2,0,0.0,
141,insomnia,0.75,0.0,0,0,0.0,
142,disembark,0.0,0.0,2,2,2.0,
143,inanimateness,0.625,0.0,0,2,2.0,
144,inelegance,0.125,0.625,1,0,0.0,
145,unfavorably,0.125,0.125,2,0,0.0,
146,disarm,0.0,0.0,2,2,2.0,
147,unreliably,0.0,0.25,2,0,0.0,
148,demagnetise,0.0,0.0,2,2,2.0,
149,inattentiveness,0.0,0.0,2,0,0.0,
150,dedifferentiate,0.0,0.0,2,2,2.0,
151,tactless,0.0,0.0,2,0,0.0,
152,unconstricted,0.5,0.125,0,2,1.0,
153,hypertrophied,0.0,0.0,2,2,2.0,
154,unclog,0.0,0.0,2,2,2.0,
155,immodesty,0.25,0.0,2,0,0.0,
156,unextended,0.75,0.0,0,2,2.0,
157,unpopularity,0.125,0.375,2,0,0.0,
158,nonprescription,0.0,0.0,2,2,2.0,
159,unadjusted,0.625,0.0,0,2,2.0,
160,noninstitutionalized,0.0,0.0,2,2,2.0,
161,disbelieve,0.0,0.0,2,0,0.0,
162,distrustful,0.0,0.0,2,0,0.0,
163,invariable,0.625,0.0,0,2,2.0,
164,discolor,0.0,0.0,2,0,2.0,
165,disreputably,0.0,0.125,2,0,0.0,
166,intolerant,0.0,0.0,2,0,0.0,
167,implausible,0.375,0.25,2,0,0.0,
168,unthinkable,0.625,0.0,0,0,0.0,
169,unappendaged,0.625,0.0,0,2,2.0,
170,unnoticeable,0.625,0.0,0,2,2.0,
171,discouragingly,0.0,0.125,2,0,0.0,
172,hypercatalectic,0.0,0.0,2,2,2.0,
173,intangibility,0.375,0.375,2,2,2.0,
174,unleavened,0.0,0.0,2,2,2.0,
175,uninviting,0.0,0.0,2,0,0.0,
176,unfortunate,0.25,0.0,2,0,0.0,
177,no-go,0.75,0.0,0,0,0.0,
178,incorrect,0.0,0.0,2,0,0.0,
179,juiceless,0.0,0.0,2,0,2.0,
180,understate,0.0,0.0,2,2,2.0,
181,nonintervention,0.125,0.0,2,2,2.0,
182,unposed,0.75,0.0,0,2,2.0,
183,demulsify,0.0,0.0,2,2,2.0,
184,downtick,0.0,0.0,2,0,0.0,
185,unpublished,0.125,0.0,2,2,2.0,
186,unpriestly,0.0,0.0,2,0,2.0,
187,decode,0.0,0.0,2,2,2.0,
188,untreated,0.875,0.0,0,0,0.0,
189,incontestable,0.625,0.0,0,1,1.0,
190,incoordination,0.625,0.0,0,0,0.0,
191,uncertainty,0.0,0.0,2,0,0.0,
192,abranchiate,0.0,0.0,2,2,2.0,
193,unobtrusiveness,0.625,0.125,0,2,1.0,
194,immeasurably,0.0,0.0,2,2,2.0,
195,uncompartmented,0.75,0.0,0,2,2.0,
196,ill-defined,0.125,0.375,2,0,0.0,
197,unpermissiveness,0.625,0.25,0,0,0.0,
198,hipless,0.0,0.0,2,2,2.0,
199,nonpsychoactive,0.75,0.0,0,2,2.0,
200,unappreciatively,0.0,0.25,2,0,0.0,
201,imperfect,0.0,0.0,2,0,0.0,
202,disenfranchise,0.0,0.0,2,0,0.0,
203,achondritic,0.0,0.0,2,2,2.0,
204,inauspiciously,0.0,0.25,2,0,0.0,
205,unsuitability,0.25,0.5,2,0,0.0,
206,unprecedentedly,0.0,0.25,2,2,2.0,
207,nonclassical,0.125,0.0,2,2,2.0,
208,unpronounceable,0.625,0.125,0,2,2.0,
209,ungenerous,0.25,0.375,2,0,0.0,
210,infelicitous,0.75,0.0,0,0,0.0,
211,irreducible,0.625,0.0,0,2,2.0,
212,infidelity,0.375,0.5,2,0,0.0,
213,unalterability,0.625,0.125,0,2,2.0,
214,malnourished,0.0,0.0,2,0,0.0,
215,noncritical,0.5,0.0,0,2,2.0,
216,unprofitable,0.625,0.0,0,0,0.0,
217,incurable,0.0,0.5,1,0,0.0,
218,inerrancy,0.375,0.25,2,2,2.0,
219,out-basket,0.0,0.0,2,2,2.0,
220,inapplicability,0.0,0.125,2,2,2.0,
221,uninspiring,0.0,0.0,2,0,0.0,
222,unnoticed,0.125,0.0,2,2,2.0,
223,nonbearing,0.0,0.0,2,2,2.0,
224,infeasibility,0.625,0.125,0,0,0.0,
225,immobile,0.0,0.0,2,2,2.0,
226,outdoors,0.0,0.0,2,2,2.0,
227,untraveled,0.625,0.0,0,2,2.0,
228,unconfirmed,0.625,0.0,0,2,2.0,
229,unscripted,0.625,0.0,0,2,2.0,
230,unsmilingly,0.0,0.25,2,0,0.0,
231,revealing,0.0,0.0,2,2,2.0,
232,unchain,0.0,0.0,2,2,2.0,
233,nonalignment,0.125,0.0,2,2,2.0,
234,undignified,0.25,0.0,2,0,0.0,
235,extraordinariness,0.375,0.5,2,1,1.0,
236,nonexempt,0.0,0.0,2,2,2.0,
237,inattentive,0.375,0.25,2,0,0.0,
238,unwire,0.0,0.0,2,2,2.0,
239,dysphoric,0.0,0.0,2,0,0.0,
240,trackless,0.0,0.0,2,2,2.0,
241,informality,0.25,0.375,2,2,2.0,
242,contraindication,0.0,0.0,2,0,2.0,
243,unsolvability,0.625,0.0,0,0,0.0,
244,unreported,0.125,0.0,2,2,2.0,
245,unintelligently,0.0,0.25,2,0,0.0,
246,immeasurable,0.375,0.125,2,2,2.0,
247,deflate,0.0,0.0,2,0,2.0,
248,unpleasantness,0.25,0.0,2,0,0.0,
249,untruthful,0.625,0.0,0,0,0.0,
250,unstable,0.375,0.25,2,0,0.0,
251,unofficially,0.0,0.0,2,2,2.0,
252,unplug,0.0,0.0,2,2,2.0,
253,unbelt,0.0,0.0,2,2,2.0,
254,unbeneficed,0.625,0.0,0,0,0.0,
255,unassertive,0.0,0.625,1,0,2.0,
256,unmask,0.0,0.0,2,2,2.0,
257,undercharge,0.5,0.0,0,1,0.0,
258,extraordinary,0.0,0.625,1,1,1.0,
259,insubordinate,0.0,0.0,2,0,0.0,
260,unhook,0.0,0.0,2,2,2.0,
261,disorder,0.375,0.0,0,0,0.0,
262,tastelessly,0.625,0.0,0,0,0.0,
263,improperness,0.5,0.0,0,0,0.0,
264,unquestionable,0.25,0.0,2,1,2.0,
265,undelineated,0.625,0.0,0,2,0.0,
266,deregulate,0.0,0.0,2,2,2.0,
267,infiniteness,0.75,0.0,0,2,2.0,
268,inauspicious,0.889,0.111,0,0,0.0,
269,neckless,0.0,0.0,2,2,2.0,
270,uncrate,0.0,0.0,2,2,2.0,
271,unfair,0.0,0.0,2,0,0.0,
272,uncollected,0.625,0.0,0,2,2.0,
273,inaudibly,0.0,0.25,2,2,2.0,
274,discontentment,0.0,0.125,2,0,0.0,
275,unsure,0.0,0.0,2,0,0.0,
276,unexploited,0.625,0.0,0,2,2.0,
277,incomprehensibility,0.375,0.375,2,2,2.0,
278,intense,0.0,0.0,2,2,2.0,
279,hypoparathyroidism,0.625,0.0,0,2,2.0,
280,imperceptibly,0.0,0.0,2,2,2.0,
281,unwillingly,0.125,0.0,2,0,0.0,
282,unoriginality,0.375,0.125,2,0,0.0,
283,unconsummated,0.0,0.0,2,2,2.0,
284,unkind,0.0,0.0,2,0,0.0,
285,unaffectedness,0.0,0.625,1,2,2.0,
286,unclutter,0.0,0.0,2,1,1.0,
287,unchristian,0.625,0.0,0,0,0.0,
288,impropriety,0.5,0.0,0,0,0.0,
289,uncomplaining,0.0,0.0,2,1,2.0,
290,unconquerable,0.75,0.125,0,1,2.0,
291,ungraciousness,0.444,0.556,2,0,0.0,
292,undrained,0.125,0.0,2,2,2.0,
293,disordered,0.0,0.0,2,0,0.0,
294,bottomless,0.0,0.0,2,2,2.0,
295,nonarboreal,0.0,0.0,2,2,2.0,
296,uncharacteristic,0.0,0.0,2,2,2.0,
297,uncleared,0.5,0.0,0,0,0.0,
298,unspell,0.0,0.0,2,2,2.0,
299,unobstructed,0.0,0.5,1,1,1.0,
300,disembarrassment,0.5,0.0,0,2,2.0,
301,unwholesome,0.75,0.125,0,0,0.0,
302,disobedience,0.0,0.125,2,0,0.0,
303,nonworker,0.0,0.0,2,2,2.0,
304,unarticulated,0.625,0.0,0,2,0.0,
305,atypical,0.75,0.0,0,2,2.0,
306,nonthermal,0.25,0.0,2,2,2.0,
307,unalike,0.0,0.0,2,2,2.0,
308,unbuttoned,0.125,0.0,2,2,2.0,
309,disenchant,0.0,0.0,2,0,2.0,
310,acatalectic,0.0,0.125,2,2,2.0,
311,unready,0.5,0.125,0,0,0.0,
312,nonstandard,0.0,0.0,2,2,2.0,
313,unproved,0.125,0.25,2,2,2.0,
314,unfruitful,0.75,0.0,0,0,0.0,
315,smokeless,0.0,0.0,2,2,2.0,
316,unequipped,0.5,0.125,0,0,0.0,
317,unprocessed,0.75,0.0,0,2,2.0,
318,demerit,0.0,0.0,2,0,0.0,
319,discontented,0.0,0.0,2,0,0.0,
320,inconsequence,0.5,0.25,2,0,0.0,
321,nonconformity,0.5,0.125,0,2,2.0,
322,disavow,0.0,0.0,2,0,2.0,
323,unaddicted,0.125,0.0,2,2,2.0,
324,undetected,0.5,0.25,2,2,2.0,
325,mercilessness,0.5,0.375,2,0,0.0,
326,indirect,0.0,0.0,2,2,2.0,
327,outspan,0.0,0.0,2,2,2.0,
328,disorganize,0.0,0.0,2,0,0.0,
329,unscramble,0.0,0.0,2,2,2.0,
330,unobligated,0.25,0.0,2,2,2.0,
331,disreputability,0.25,0.75,1,0,0.0,
332,inferiority,0.5,0.125,0,0,0.0,
333,indigestible,0.625,0.0,0,0,0.0,
334,inexperience,0.0,0.125,2,0,0.0,
335,unspaced,0.0,0.0,2,2,2.0,
336,demotion,0.0,0.0,2,0,0.0,
337,unseductive,0.25,0.0,2,0,0.0,
338,inexcusably,0.0,0.0,2,0,0.0,
339,indistinct,0.0,0.0,2,2,2.0,
340,improvident,0.0,0.0,2,0,0.0,
341,unregistered,0.625,0.0,0,2,2.0,
342,intradepartmental,0.0,0.0,2,2,2.0,
343,unexpired,0.625,0.0,0,2,2.0,
344,injustice,0.0,0.0,2,0,0.0,
345,immoderation,0.625,0.25,0,0,0.0,
346,immobility,0.0,0.0,2,2,2.0,
347,unwaxed,0.25,0.0,2,2,2.0,
348,illicit,0.0,0.0,2,0,0.0,
349,dysphemism,0.5,0.0,0,2,0.0,
350,demobilize,0.0,0.0,2,2,2.0,
351,unpainted,0.5,0.0,0,2,2.0,
352,indecorum,0.5,0.25,2,0,0.0,
353,unethical,0.75,0.0,0,0,0.0,
354,unsympathetically,0.0,0.25,2,0,0.0,
355,ineffectiveness,0.25,0.125,2,0,0.0,
356,nonexistence,0.125,0.0,2,0,0.0,
357,uninfluential,0.125,0.0,2,0,0.0,
358,syncategorematic,0.375,0.0,0,2,2.0,
359,nonlinear,0.5,0.0,0,2,2.0,
360,supernal,0.0,0.25,2,1,1.0,
361,insecurely,0.0,0.125,2,0,0.0,
362,inconsequentially,0.125,0.0,2,2,2.0,
363,unscientific,0.625,0.0,0,0,0.0,
364,unseasonable,0.625,0.0,0,0,0.0,
365,unbar,0.0,0.0,2,2,2.0,
366,irremovable,0.5,0.0,0,2,2.0,
367,inauspiciousness,0.625,0.0,0,0,0.0,
368,underachievement,0.0,0.125,2,0,0.0,
369,immovability,0.5,0.0,0,2,2.0,
370,unfledged,0.375,0.0,0,2,0.0,
371,nondrinker,0.0,0.0,2,2,2.0,
372,nonreturnable,0.125,0.25,2,0,0.0,
373,backless,0.0,0.0,2,2,2.0,
374,uncertain,0.125,0.25,2,0,0.0,
375,incompetent,0.625,0.0,0,0,0.0,
376,imperfectibility,0.0,0.25,2,0,0.0,
377,syncategorem,0.375,0.125,2,2,2.0,
378,uninstructively,0.125,0.0,2,0,0.0,
379,noncompetitive,0.75,0.0,0,2,2.0,
380,unloaded,0.625,0.0,0,2,2.0,
381,unactable,0.125,0.25,2,0,2.0,
382,unsociability,0.0,0.5,1,0,0.0,
383,unsentimentally,0.0,0.25,2,2,2.0,
384,unfretted,0.125,0.125,2,2,2.0,
385,unemployable,0.75,0.0,0,0,0.0,
386,noninheritable,0.25,0.0,2,2,2.0,
387,miscarry,0.0,0.0,2,0,0.0,
388,inexperienced,0.0,0.25,2,0,0.0,
389,dethrone,0.0,0.0,2,0,2.0,
390,incomparable,0.25,0.375,2,1,2.0,
391,distributive,0.0,0.0,2,2,2.0,
392,divest,0.0,0.0,2,2,2.0,
393,nonmember,0.0,0.0,2,2,2.0,
394,unburden,0.0,0.0,2,1,1.0,
395,inappropriately,0.125,0.125,2,0,0.0,
396,disqualify,0.0,0.0,2,0,0.0,
397,nonequivalence,0.25,0.0,2,2,2.0,
398,impotent,0.0,0.0,2,0,0.0,
399,unobvious,0.25,0.0,2,2,2.0,
400,unprofitableness,0.625,0.125,0,0,0.0,
401,dysphoria,0.75,0.0,0,0,0.0,
402,unenterprising,0.0,0.0,2,0,0.0,
403,uncontroversially,0.0,0.0,2,2,2.0,
404,disarming,0.0,0.0,2,1,1.0,
405,nonhierarchical,0.0,0.0,2,2,2.0,
406,unnaturally,0.0,0.0,2,2,2.0,
407,unshod,0.0,0.0,2,2,2.0,
408,immortality,0.375,0.25,2,2,2.0,
409,unfriendly,0.0,0.0,2,0,0.0,
410,unprotective,0.375,0.0,0,0,0.0,
411,destabilization,0.0,0.0,2,0,0.0,
412,unpleasant,0.625,0.125,0,0,0.0,
413,unpremeditated,0.5,0.0,0,2,0.0,
414,unplayable,0.625,0.125,0,0,0.0,
415,undefeated,0.0,0.5,1,1,1.0,
416,intransitive,0.5,0.0,0,2,2.0,
417,hypokalemia,0.5,0.0,0,2,0.0,
418,insignificant,0.0,0.0,2,0,0.0,
419,painless,0.0,0.0,2,1,1.0,
420,detribalisation,0.0,0.0,2,2,2.0,
421,disproportionately,0.0,0.0,2,2,2.0,
422,nonpayment,0.0,0.0,2,0,0.0,
423,unrequested,0.5,0.0,0,2,2.0,
424,insatiate,0.0,0.0,2,0,2.0,
425,impolitic,0.625,0.125,0,0,0.0,
426,undiplomatic,0.75,0.0,0,0,0.0,
427,dishearten,0.0,0.0,2,0,0.0,
428,unequally,0.0,0.125,2,0,0.0,
429,unsaddled,0.0,0.0,2,2,2.0,
430,misbehave,0.0,0.0,2,0,0.0,
431,unmoved,0.25,0.25,2,0,0.0,
432,disagreeable,0.875,0.125,0,0,0.0,
433,unresponsive,0.75,0.0,0,0,0.0,
434,unemotional_person,0.25,0.5,2,2,2.0,
435,incongruous,0.375,0.375,2,0,0.0,
436,unrevived,0.125,0.0,2,0,2.0,
437,inaptitude,0.375,0.375,2,0,0.0,
438,innumerate,0.0,0.0,2,0,0.0,
439,indirectly,0.75,0.0,0,2,2.0,
440,nonfinancial,0.5,0.0,0,2,2.0,
441,implode,0.0,0.0,2,0,0.0,
442,purposelessness,0.0,0.625,1,0,0.0,
443,nonindustrial,0.5,0.125,0,2,2.0,
444,noncurrent,0.0,0.0,2,2,2.0,
445,incredible,0.0,0.0,2,1,1.0,
446,non-involvement,0.0,0.0,2,2,2.0,
447,imperviousness,0.375,0.5,2,2,2.0,
448,unimpressive,0.5,0.125,0,0,0.0,
449,disorganized,0.0,0.0,2,0,0.0,
450,inhibitor,0.0,0.0,2,2,2.0,
451,undemanding,0.0,0.0,2,1,1.0,
452,unswept,0.75,0.0,0,0,0.0,
453,dissuade,0.0,0.0,2,0,0.0,
454,unsupported,0.75,0.0,0,0,0.0,
455,unspecified,0.625,0.0,0,2,2.0,
456,unselfish,0.125,0.375,2,1,1.0,
457,maladjusted,0.0,0.0,2,0,0.0,
458,subsonic,0.0,0.0,2,2,2.0,
459,divergent,0.0,0.0,2,2,2.0,
460,decentralizing,0.0,0.0,2,2,2.0,
461,inactive,0.625,0.0,0,2,0.0,
462,inconspicuousness,0.25,0.5,2,2,2.0,
463,weedless,0.0,0.0,2,2,2.0,
464,incongruent,0.0,0.0,2,2,2.0,
465,invisibility,0.625,0.125,0,2,2.0,
466,nonracial,0.0,0.0,2,2,2.0,
467,hypertonic,0.0,0.0,2,2,2.0,
468,unpotted,0.625,0.0,0,2,2.0,
469,incompatibility,0.25,0.0,2,0,0.0,
470,unnecessarily,0.0,0.375,1,0,0.0,
471,indiscipline,0.375,0.0,0,0,0.0,
472,unmanned,0.25,0.0,2,2,2.0,
473,tongueless,0.0,0.0,2,2,2.0,
474,unwanted,0.25,0.0,2,0,0.0,
475,dishonorableness,0.75,0.125,0,0,0.0,
476,disoblige,0.0,0.0,2,0,0.0,
477,illegal,0.0,0.0,2,0,0.0,
478,meaninglessness,0.0,0.0,2,0,0.0,
479,unadoptable,0.0,0.0,2,0,0.0,
480,unplowed,0.0,0.25,2,2,2.0,
481,unparented,0.5,0.0,0,0,0.0,
482,undependable,0.75,0.0,0,0,0.0,
483,hatless,0.0,0.0,2,2,2.0,
484,unearned_run,0.125,0.0,2,2,2.0,
485,acaulescent,0.0,0.0,2,2,2.0,
486,non-engagement,0.0,0.0,2,0,0.0,
487,unstained,0.25,0.0,2,2,2.0,
488,uncharacteristically,0.0,0.25,2,2,2.0,
489,undeniable,0.875,0.0,0,2,2.0,
490,uninformatively,0.125,0.0,2,0,0.0,
491,depressurize,0.0,0.0,2,2,2.0,
492,topless,0.0,0.0,2,2,2.0,
493,unbridle,0.0,0.0,2,2,2.0,
494,discomfort,0.25,0.0,2,0,0.0,
495,unkindly,0.125,0.625,1,0,0.0,
496,achromatinic,0.0,0.0,2,2,2.0,
497,untrustworthiness,0.75,0.0,0,0,0.0,
498,unsusceptible,0.75,0.125,0,2,2.0,
499,detribalization,0.0,0.0,2,2,2.0,
500,irresolutely,0.125,0.0,2,2,2.0,
501,noninterference,0.125,0.0,2,2,2.0,
502,divergent_thinking,0.0,0.0,2,2,2.0,
503,inferior,0.75,0.0,0,0,0.0,
504,nondisposable,0.0,0.125,2,2,2.0,
505,unbraid,0.0,0.0,2,2,2.0,
506,cheerlessness,0.75,0.125,0,0,0.0,
507,impermissibly,0.125,0.0,2,0,2.0,
508,indecorousness,0.5,0.25,2,0,0.0,
509,destabilise,0.0,0.0,2,0,0.0,
510,unexpectedness,0.25,0.5,2,2,2.0,
511,imprudence,0.0,0.375,1,0,0.0,
512,maladroitly,0.0,0.5,1,0,0.0,
513,unmalleability,0.5,0.0,0,2,0.0,
514,unawed,0.125,0.0,2,2,2.0,
515,insufficiency,0.625,0.375,2,0,0.0,
516,immoral,0.75,0.125,0,0,0.0,
517,unclothed,0.125,0.125,2,2,2.0,
518,unveiled,0.0,0.0,2,2,2.0,
519,seedless,0.0,0.0,2,2,2.0,
520,inelegantly,0.0,0.0,2,0,0.0,
521,ineffectually,0.0,0.25,2,0,0.0,
522,unfaithful,0.625,0.0,0,0,0.0,
523,noncommissioned,0.0,0.0,2,2,2.0,
524,unsupportive,0.625,0.0,0,0,0.0,
525,inactivate,0.0,0.0,2,2,2.0,
526,unhealthfulness,0.556,0.444,2,0,0.0,
527,malignancy,0.5,0.125,0,0,0.0,
528,desynchronizing,0.0,0.0,2,2,2.0,
529,desalinate,0.0,0.0,2,2,2.0,
530,malodorous,0.875,0.0,0,0,0.0,
531,supersonic,0.0,0.0,2,2,2.0,
532,uninstructive,0.375,0.125,2,0,0.0,
533,unemotionally,0.0,0.25,2,2,2.0,
534,wigless,0.0,0.0,2,2,2.0,
535,subsurface,0.0,0.0,2,2,2.0,
536,inland,0.0,0.0,2,2,2.0,
537,indispensability,0.375,0.375,2,2,2.0,
538,undefined,0.375,0.25,2,2,2.0,
539,malfunctioning,0.0,0.0,2,0,0.0,
540,uncompromising,0.0,0.0,2,2,2.0,
541,misused,0.0,0.0,2,0,0.0,
542,disapprovingly,0.125,0.125,2,0,0.0,
543,uncomplimentary,0.5,0.125,0,0,0.0,
544,irresistible,0.625,0.0,0,1,1.0,
545,unregenerate,0.0,0.0,2,0,0.0,
546,unmusically,0.0,0.25,2,2,2.0,
547,invariableness,0.5,0.0,0,2,2.0,
548,unsurprising,0.0,0.0,2,2,2.0,
549,undependableness,0.625,0.25,0,0,0.0,
550,unbalconied,0.5,0.0,0,2,2.0,
551,unqualified,0.0,0.0,2,0,0.0,
552,immaterial,0.625,0.0,0,0,0.0,
553,illegitimate,0.125,0.0,2,0,0.0,
554,nonbiodegradable_pollution,0.0,0.0,2,0,0.0,
555,untroubled,0.625,0.0,0,1,1.0,
556,nonwoody,0.0,0.0,2,2,2.0,
557,inaptness,0.0,0.75,1,0,0.0,
558,malfunction,0.0,0.0,2,0,0.0,
559,nonwashable,0.25,0.25,2,0,0.0,
560,immateriality,0.0,0.625,1,2,2.0,
561,immutableness,0.5,0.125,0,2,2.0,
562,irreparable,0.5,0.0,0,0,0.0,
563,inconclusiveness,0.375,0.5,2,2,2.0,
564,nonharmonic,0.25,0.0,2,2,2.0,
565,thoughtlessness,0.5,0.375,2,0,0.0,
566,inconclusively,0.125,0.0,2,2,2.0,
567,unreserved,0.125,0.0,2,2,2.0,
568,nonpasserine,0.0,0.0,2,2,2.0,
569,devitalize,0.0,0.0,2,0,0.0,
570,unsystematically,0.0,0.25,2,2,2.0,
571,unreflected,0.0,0.25,2,2,2.0,
572,on-site,0.0,0.0,2,2,2.0,
573,unambitiously,0.0,0.25,2,2,2.0,
574,unfree,0.0,0.125,2,0,0.0,
575,unfaceted,0.0,0.0,2,2,2.0,
576,unaffixed,0.25,0.0,2,2,2.0,
577,insensitive,0.625,0.0,0,0,0.0,
578,unwearable,0.625,0.125,0,0,0.0,
579,hypovolemia,0.0,0.0,2,2,2.0,
580,unequal,0.375,0.125,2,0,0.0,
581,unacknowledged,0.625,0.0,0,0,0.0,
582,unsanitary,0.125,0.5,1,0,0.0,
583,gutless,0.0,0.0,2,0,0.0,
584,infallibility,0.625,0.0,0,2,2.0,
585,undesirous,0.375,0.125,2,0,0.0,
586,unselected,0.25,0.0,2,2,2.0,
587,unrestrictive,0.75,0.0,0,2,1.0,
588,ungratefully,0.0,0.25,2,0,0.0,
589,discouraging,0.0,0.0,2,0,0.0,
590,unceremoniously,0.0,0.125,2,0,0.0,
591,atomistic,0.0,0.0,2,2,2.0,
592,unstimulating,0.0,0.0,2,0,0.0,
593,unconventionally,0.25,0.5,2,2,2.0,
594,inaccurately,0.0,0.25,2,0,0.0,
595,undedicated,0.25,0.0,2,0,0.0,
596,nonexploratory,0.0,0.0,2,2,2.0,
597,unexchangeable,0.75,0.25,0,0,0.0,
598,integration,0.0,0.0,2,2,2.0,
599,unsurprised,0.5,0.0,0,2,2.0,
600,skinless,0.0,0.0,2,2,2.0,
601,unfit,0.0,0.0,2,0,0.0,
602,outboard,0.0,0.0,2,2,2.0,
603,unenclosed,0.5,0.0,0,2,2.0,
604,invulnerable,0.0,0.25,2,1,1.0,
605,unmodulated,0.0,0.25,2,2,2.0,
606,unsteady,0.0,0.125,2,0,0.0,
607,impermissible,0.25,0.0,2,0,0.0,
608,intransitivity,0.0,0.0,2,2,2.0,
609,undiluted,0.25,0.0,2,2,2.0,
610,unsatisfactorily,0.125,0.0,2,0,0.0,
611,unshared,0.25,0.0,2,2,2.0,
612,unknot,0.0,0.0,2,2,2.0,
613,unpaintable,0.75,0.0,0,2,2.0,
614,inoperative,0.125,0.0,2,0,0.0,
615,indefeasible,0.75,0.0,0,1,1.0,
616,asymmetrical,0.375,0.0,0,2,2.0,
617,uninsured,0.25,0.375,2,0,0.0,
618,adiabatic,0.625,0.0,0,2,2.0,
619,deceleration,0.0,0.0,2,2,2.0,
620,inseparably,0.5,0.0,0,2,2.0,
621,insulator,0.0,0.0,2,2,2.0,
622,forceless,0.0,0.0,2,0,0.0,
623,unforgiving,0.0,0.0,2,0,0.0,
624,nonionized,0.0,0.0,2,2,2.0,
625,unearned,0.5,0.125,0,0,0.0,
626,inefficiently,0.0,0.25,2,0,0.0,
627,unprincipled,0.375,0.375,2,0,0.0,
628,unambitious,0.0,0.5,1,0,0.0,
629,intemperate,0.0,0.0,2,0,0.0,
630,irregularity,0.0,0.5,1,2,2.0,
631,ungrateful,0.75,0.0,0,0,0.0,
632,imperfection,0.125,0.0,2,0,0.0,
633,immersion,0.0,0.0,2,2,2.0,
634,unwooded,0.25,0.0,2,2,2.0,
635,unafraid,0.0,0.0,2,1,1.0,
636,nonfissile,0.0,0.0,2,2,2.0,
637,infelicity,0.375,0.0,0,0,0.0,
638,unhappily,0.625,0.0,0,0,0.0,
639,unopposable,0.5,0.0,0,1,2.0,
640,nonrepresentational,0.0,0.0,2,2,2.0,
641,unsworn,0.625,0.0,0,2,2.0,
642,disrespect,1.0,0.0,0,0,0.0,
643,unchaste,0.0,0.0,2,0,0.0,
644,impalpable,0.625,0.125,0,2,2.0,
645,dejected,0.0,0.0,2,0,0.0,
646,unashamed,0.25,0.25,2,1,2.0,
647,unseeded,0.125,0.375,2,2,2.0,
648,unhurried,0.75,0.0,0,2,2.0,
649,disingenuous,0.875,0.0,0,0,0.0,
650,inconsolable,0.75,0.0,0,0,0.0,
651,indecorous,0.0,0.625,1,0,0.0,
652,unpardonable,0.625,0.0,0,0,0.0,
653,colorless,0.0,0.0,2,2,2.0,
654,unformed,0.75,0.0,0,2,2.0,
655,noncellular,0.5,0.0,0,2,2.0,
656,unconcern,0.0,0.0,2,0,2.0,
657,demobilization,0.0,0.0,2,2,2.0,
658,inoffensive,0.75,0.125,0,1,1.0,
659,illogicalness,0.75,0.25,0,0,0.0,
660,incompetently,0.0,0.125,2,0,0.0,
661,unhelpful,0.25,0.125,2,0,0.0,
662,inessentiality,0.75,0.125,0,0,0.0,
663,incurious,0.625,0.125,0,0,0.0,
664,unestablished,0.75,0.0,0,2,0.0,
665,illogical,0.0,0.5,1,0,0.0,
666,unbrainwashed,0.625,0.0,0,2,1.0,
667,nonmodern,0.125,0.0,2,2,2.0,
668,ungregarious,0.375,0.0,0,0,0.0,
669,untipped,0.625,0.0,0,2,2.0,
670,uncreativeness,0.5,0.0,0,0,0.0,
671,irresponsible,0.0,0.5,1,0,0.0,
672,intractability,0.125,0.0,2,0,0.0,
673,unveil,0.0,0.0,2,2,2.0,
674,insolvent,0.625,0.0,0,0,0.0,
675,untempered,0.625,0.0,0,2,2.0,
676,unchangeable,0.5,0.375,2,2,2.0,
677,outfield,0.0,0.0,2,2,2.0,
678,unfixed,0.625,0.125,0,2,2.0,
679,unregretful,0.75,0.125,0,1,1.0,
680,unmake,0.0,0.0,2,0,0.0,
681,nonarbitrary,0.625,0.0,0,2,2.0,
682,unworthy,0.25,0.625,1,0,0.0,
683,incredulous,0.75,0.0,0,2,0.0,
684,nontaxable,0.375,0.0,0,2,2.0,
685,handless,0.0,0.0,2,0,2.0,
686,decreased,0.0,0.0,2,0,2.0,
687,unrealistically,0.0,0.25,2,2,2.0,
688,dishonesty,0.75,0.125,0,0,0.0,
689,nonreversible,0.625,0.0,0,2,2.0,
690,inexhaustible,0.25,0.375,2,1,2.0,
691,limbless,0.0,0.0,2,0,2.0,
692,undamaged,0.375,0.375,2,1,1.0,
693,bellyless,0.0,0.0,2,2,2.0,
694,unimproved,0.625,0.0,0,0,0.0,
695,unenforceable,0.625,0.125,0,0,0.0,
696,unsanitariness,0.625,0.125,0,0,0.0,
697,impoliteness,0.125,0.5,1,0,0.0,
698,impalpability,0.375,0.375,2,2,2.0,
699,nonconductive,0.625,0.0,0,2,2.0,
700,unarmed,0.5,0.0,0,2,2.0,
701,inhospitality,0.375,0.125,2,0,0.0,
702,unbridgeable,0.125,0.0,2,0,2.0,
703,insensible,0.5,0.0,0,0,0.0,
704,disassembly,0.0,0.0,2,2,2.0,
705,unbuckle,0.0,0.0,2,2,2.0,
706,undiversified,0.125,0.0,2,0,0.0,
707,unloving,0.0,0.0,2,0,0.0,
708,unfamiliar,0.625,0.0,0,2,2.0,
709,intolerable,0.625,0.0,0,0,0.0,
710,unwrinkled,0.625,0.0,0,2,2.0,
711,indiscriminate,0.0,0.0,2,0,2.0,
712,disclaim,0.0,0.0,2,2,2.0,
713,unavailable,0.5,0.375,2,0,2.0,
714,demilitarise,0.0,0.0,2,2,2.0,
715,unlabeled,0.25,0.0,2,2,2.0,
716,carelessness,0.75,0.125,0,0,0.0,
717,unambiguously,0.0,0.25,2,2,2.0,
718,uncompassionate,0.0,0.0,2,0,0.0,
719,unbreakableness,0.25,0.0,2,2,2.0,
720,inattention,0.375,0.0,0,0,0.0,
721,impatient,0.0,0.0,2,0,0.0,
722,impracticability,0.75,0.0,0,0,0.0,
723,uncongeniality,0.75,0.25,0,0,0.0,
724,unhurriedly,0.0,0.0,2,2,2.0,
725,unskillfulness,0.0,0.375,1,0,0.0,
726,decrease,0.0,0.0,2,0,2.0,
727,sugarless,0.0,0.0,2,2,2.0,
728,unwelcome,0.75,0.0,0,0,0.0,
729,dissimilitude,0.5,0.0,0,2,2.0,
730,insincerity,0.625,0.125,0,0,0.0,
731,undress,0.0,0.625,1,2,2.0,
732,inefficient,0.0,0.0,2,0,0.0,
733,uninjectable,0.5,0.125,0,2,2.0,
734,unfairness,0.75,0.125,0,0,0.0,
735,unblemished,0.0,0.625,1,1,1.0,
736,untheatrical,0.75,0.0,0,2,2.0,
737,asymmetrically,0.0,0.125,2,2,2.0,
738,unambiguous,0.0,0.375,1,2,2.0,
739,uncrystallized,0.5,0.0,0,2,2.0,
740,inaccessibility,0.625,0.25,0,0,0.0,
741,unwomanly,0.0,0.0,2,0,2.0,
742,unreality,0.375,0.375,2,2,2.0,
743,imperfectly,0.5,0.0,0,0,0.0,
744,uncomplainingly,0.0,0.0,2,2,2.0,
745,unarmored,0.125,0.0,2,2,2.0,
746,breathless,0.0,0.0,2,2,2.0,
747,disadvantage,0.75,0.0,0,0,0.0,
748,unpopular,0.125,0.125,2,0,0.0,
749,inadmissible,0.75,0.0,0,0,0.0,
750,inorganically,0.0,0.0,2,2,2.0,
751,unhealthful,0.125,0.5,1,0,0.0,
752,unneurotic,0.375,0.0,0,2,2.0,
753,untraceable,0.625,0.0,0,2,0.0,
754,disunion,0.0,0.0,2,0,0.0,
755,off-line,0.0,0.0,2,2,2.0,
756,unrighteously,0.0,0.25,2,0,0.0,
757,unrhymed,0.5,0.0,0,2,2.0,
758,unendowed,0.625,0.0,0,0,0.0,
759,disapprove,0.0,0.0,2,0,0.0,
760,uninitiate,0.5,0.0,0,2,2.0,
761,incapableness,0.25,0.0,2,0,0.0,
762,undemocratic,0.625,0.0,0,0,0.0,
763,humorless,0.0,0.0,2,0,0.0,
764,incorrectness,0.5,0.125,0,0,0.0,
765,unfitness,0.5,0.25,2,0,0.0,
766,weightless,0.0,0.0,2,2,2.0,
767,unconvincingly,0.0,0.25,2,0,0.0,
768,inoffensively,0.0,0.0,2,2,2.0,
769,immovableness,0.5,0.0,0,2,2.0,
770,unpin,0.0,0.0,2,2,2.0,
771,incommensurate,0.0,0.0,2,2,2.0,
772,unselfconsciously,0.0,0.25,2,2,2.0,
773,unreceptive,0.125,0.0,2,0,0.0,
774,depersonalise,0.0,0.0,2,0,2.0,
775,scentless,0.0,0.0,2,2,2.0,
776,desensitise,0.0,0.0,2,2,2.0,
777,inexpediency,0.25,0.375,2,0,0.0,
778,irreversible,0.5,0.0,0,2,0.0,
779,unadaptable,0.125,0.0,2,0,0.0,
780,instability,0.0,0.0,2,0,0.0,
781,discontinue,0.0,0.0,2,0,0.0,
782,unimportant,0.25,0.375,2,0,0.0,
783,non-dedicated_file_server,0.0,0.0,2,2,2.0,
784,unwariness,0.375,0.25,2,0,0.0,
785,unowned,0.0,0.0,2,2,2.0,
786,unconstipated,0.5,0.0,0,2,2.0,
787,uncontrolled,0.5,0.0,0,0,0.0,
788,unpropitiousness,0.625,0.0,0,0,0.0,
789,invertebrate,0.25,0.0,2,2,2.0,
790,unknown,0.25,0.0,2,2,2.0,
791,inactiveness,0.125,0.0,2,0,0.0,
792,unbalanced,0.125,0.0,2,0,0.0,
793,discalced,0.0,0.0,2,2,2.0,
794,incorrupt,0.0,0.0,2,1,1.0,
795,nonunion,0.0,0.0,2,2,2.0,
796,unappealing,0.0,0.0,2,0,0.0,
797,irreverent,0.0,0.0,2,0,0.0,
798,efflux,0.0,0.0,2,2,2.0,
799,unfocused,0.625,0.0,0,0,0.0,
800,unexciting,0.0,0.0,2,0,0.0,
801,beakless,0.0,0.0,2,2,2.0,
802,unmarried,0.75,0.0,0,2,2.0,
803,inharmonious,0.75,0.0,0,0,0.0,
804,uncrowded,0.25,0.0,2,2,2.0,
805,unthoughtfulness,0.25,0.0,2,0,0.0,
806,disassortative_mating,0.0,0.0,2,2,2.0,
807,unimpressively,0.0,0.25,2,0,0.0,
808,irrational,0.5,0.125,0,0,0.0,
809,destabilize,0.0,0.0,2,0,0.0,
810,disinfect,0.0,0.0,2,2,2.0,
811,depress,0.0,0.0,2,0,0.0,
812,incompleteness,0.125,0.125,2,0,0.0,
813,anovulation,0.625,0.0,0,2,2.0,
814,unsilenced,0.25,0.0,2,2,2.0,
815,hypotonus,0.0,0.0,2,2,2.0,
816,achromatic,0.375,0.25,2,2,2.0,
817,contraindicate,0.0,0.0,2,2,2.0,
818,dematerialize,0.0,0.0,2,2,2.0,
819,immotility,0.25,0.125,2,2,2.0,
820,improvidence,0.25,0.25,2,0,0.0,
821,inaccurate,0.0,0.0,2,0,0.0,
822,tactlessly,0.0,0.125,2,0,0.0,
823,indefinite,0.0,0.0,2,2,2.0,
824,imponderable,0.875,0.0,0,2,2.0,
825,unpunctual,0.0,0.0,2,0,0.0,
826,uncastrated,0.25,0.0,2,2,2.0,
827,nonretractile,0.0,0.0,2,2,2.0,
828,unprotected,0.375,0.0,0,0,0.0,
829,incivility,0.125,0.25,2,0,0.0,
830,distrust,0.0,0.375,1,0,0.0,
831,unmalted,0.0,0.5,1,2,2.0,
832,uncarpeted,0.125,0.0,2,2,2.0,
833,unseaworthy,0.375,0.0,0,0,0.0,
834,inequality,0.625,0.0,0,0,0.0,
835,disloyalty,0.25,0.5,2,0,0.0,
836,unconcealed,0.375,0.125,2,2,2.0,
837,immaturely,0.0,0.125,2,0,0.0,
838,fernless,0.0,0.0,2,2,2.0,
839,denationalization,0.0,0.0,2,2,2.0,
840,inconvertible,0.5,0.0,0,2,2.0,
841,nonfictional,0.125,0.0,2,2,2.0,
842,uncharitable,0.375,0.25,2,0,0.0,
843,insolubility,0.625,0.0,0,2,2.0,
844,untrustworthy,0.75,0.0,0,0,0.0,
845,noncombustible,0.0,0.5,1,2,2.0,
846,unremarkably,0.0,0.0,2,2,2.0,
847,nontranslational,0.5,0.0,0,2,2.0,
848,cheerlessly,0.125,0.125,2,0,0.0,
849,unrelated,0.25,0.5,2,2,2.0,
850,unagitated,0.75,0.0,0,2,1.0,
851,unshelled,0.25,0.0,2,2,2.0,
852,astomatous,0.5,0.0,0,2,2.0,
853,uncritically,0.0,0.25,2,2,2.0,
854,unneighborliness,0.875,0.0,0,0,0.0,
855,unaccompanied,0.25,0.0,2,2,2.0,
856,unshrinkable,0.625,0.0,0,2,2.0,
857,unconfined,0.125,0.0,2,2,2.0,
858,unproductive,0.625,0.0,0,0,0.0,
859,nonobservance,0.25,0.0,2,0,0.0,
860,nontoxic,0.0,0.0,2,1,1.0,
861,displease,0.0,0.0,2,0,0.0,
862,inadvertently,0.375,0.0,0,2,2.0,
863,impartial,0.125,0.5,1,2,2.0,
864,impersonally,0.0,0.0,2,2,2.0,
865,immortal,0.0,0.0,2,2,2.0,
866,unmelodiously,0.0,0.25,2,0,0.0,
867,inaccessible,0.125,0.5,1,0,0.0,
868,unmindfully,0.0,0.125,2,0,0.0,
869,unenthusiastically,0.0,0.375,1,0,0.0,
870,unawakened,0.625,0.0,0,2,2.0,
871,insolvency,0.25,0.0,2,0,0.0,
872,unpropitious,0.625,0.0,0,0,0.0,
873,independent,0.0,0.125,2,1,2.0,
874,indistinctness,0.375,0.5,2,2,2.0,
875,unaware,0.0,0.0,2,2,2.0,
876,inaesthetic,0.5,0.5,2,0,0.0,
877,unimpaired,0.5,0.25,2,1,1.0,
878,implicit,0.0,0.0,2,2,2.0,
879,unpunished,0.25,0.0,2,0,2.0,
880,impracticality,0.0,0.25,2,0,0.0,
881,deflation,0.0,0.0,2,0,0.0,
882,lidless,0.0,0.0,2,2,2.0,
883,unguiculate,0.0,0.0,2,2,2.0,
884,asyndetic,0.25,0.0,2,2,2.0,
885,unserviceable,0.625,0.0,0,0,0.0,
886,derequisition,0.0,0.0,2,2,2.0,
887,inconsistent,0.0,0.0,2,0,0.0,
888,inanimate,0.0,0.0,2,2,2.0,
889,undock,0.0,0.0,2,2,2.0,
890,disarrange,0.0,0.0,2,0,0.0,
891,stemless,0.0,0.0,2,2,2.0,
892,impracticableness,0.75,0.0,0,0,0.0,
893,disagree,0.0,0.0,2,0,0.0,
894,malignant,0.0,0.0,2,0,0.0,
895,unknowingly,0.375,0.0,0,2,2.0,
896,unfeathered,0.0,0.0,2,2,2.0,
897,incognizance,0.0,0.5,1,2,2.0,
898,derestrict,0.0,0.0,2,2,2.0,
899,inefficacy,0.375,0.25,2,0,0.0,
900,unpack,0.0,0.0,2,2,2.0,
901,unbroken,0.0,0.0,2,1,1.0,
902,unconsciously,0.0,0.0,2,2,2.0,
903,unfaithfulness,0.375,0.5,2,0,0.0,
904,awnless,0.0,0.0,2,2,2.0,
905,uninvolved,0.125,0.125,2,0,0.0,
906,hopelessly,0.0,0.375,1,0,0.0,
907,irrationally,0.0,0.125,2,0,0.0,
908,supernatural,0.75,0.0,0,2,2.0,
909,unassertively,0.0,0.25,2,2,2.0,
910,de-energise,0.0,0.0,2,0,0.0,
911,unshaven,0.0,0.0,2,2,2.0,
912,unbalance,0.0,0.0,2,0,0.0,
913,uninhibited,0.625,0.0,0,1,1.0,
914,insensitivity,0.625,0.125,0,0,0.0,
915,insensitively,0.0,0.25,2,0,0.0,
916,untruthfulness,0.375,0.375,2,0,0.0,
917,ineligibility,0.375,0.25,2,0,0.0,
918,unsent,0.0,0.0,2,2,2.0,
919,colourless,0.0,0.0,2,2,2.0,
920,undeservedly,0.0,0.25,2,0,0.0,
921,immutability,0.5,0.125,0,2,2.0,
922,infamy,0.0,0.0,2,0,0.0,
923,unplayful,0.375,0.25,2,0,0.0,
924,unimportance,0.25,0.125,2,0,0.0,
925,unmanly,0.5,0.0,0,0,0.0,
926,indiscreet,0.0,0.0,2,0,0.0,
927,antiseptic,0.5,0.375,2,2,2.0,
928,ineffective,0.625,0.0,0,0,0.0,
929,nonintellectual,0.125,0.375,2,0,0.0,
930,anisotropic,0.0,0.0,2,2,2.0,
931,asynchronism,0.0,0.0,2,2,2.0,
932,disintegrative,0.0,0.0,2,0,2.0,
933,dissimilate,0.0,0.0,2,2,2.0,
934,unexcited,0.125,0.125,2,0,0.0,
935,powerless,0.0,0.0,2,0,0.0,
936,illogically,0.0,0.125,2,0,0.0,
937,unconnectedness,0.0,0.0,2,2,2.0,
938,involuntarily,0.0,0.0,2,2,2.0,
939,uncolored,0.0,0.0,2,2,2.0,
940,untie,0.0,0.0,2,2,2.0,
941,inner,0.0,0.0,2,2,2.0,
942,colorlessness,0.0,0.0,2,2,2.0,
943,breastless,0.0,0.0,2,2,2.0,
944,unapologetic,0.25,0.0,2,2,2.0,
945,ebracteate,0.0,0.0,2,2,2.0,
946,non-proliferation,0.0,0.0,2,2,2.0,
947,unpalatable,0.75,0.125,0,0,0.0,
948,unfinished,0.625,0.0,0,2,0.0,
949,indispose,0.0,0.0,2,0,0.0,
950,outward,0.0,0.0,2,2,2.0,
951,unfunded,0.0,0.0,2,0,0.0,
952,unloved,0.125,0.0,2,0,0.0,
953,ununderstood,0.0,0.0,2,0,0.0,
954,nonfissionable,0.5,0.0,0,2,2.0,
955,unconditionally,0.5,0.0,0,2,2.0,
956,anticatalyst,0.0,0.0,2,2,2.0,
957,disinflation,0.0,0.0,2,2,2.0,
958,decrescendo,0.0,0.0,2,2,2.0,
959,descending,0.0,0.0,2,2,2.0,
960,inappropriateness,0.75,0.0,0,0,0.0,
961,noncolumned,0.0,0.0,2,2,2.0,
962,denazify,0.0,0.0,2,2,2.0,
963,involuntary,0.75,0.0,0,2,2.0,
964,incredibility,0.125,0.5,1,1,1.0,
965,outgo,0.0,0.0,2,2,2.0,
966,immoderately,0.0,0.125,2,0,0.0,
967,unstrap,0.0,0.0,2,2,2.0,
968,unsheathe,0.0,0.0,2,2,2.0,
969,unintelligibility,0.0,0.0,2,2,2.0,
970,deflationary_spiral,0.0,0.0,2,0,2.0,
971,unseasoned,0.625,0.0,0,2,2.0,
972,unbaptized,0.625,0.0,0,2,2.0,
973,incoherent,0.0,0.0,2,0,0.0,
974,improbable,0.625,0.0,0,0,0.0,
975,unquotable,0.5,0.0,0,0,0.0,
976,insincere,0.0,0.0,2,0,0.0,
977,inexpedient,0.0,0.0,2,0,0.0,
978,unconvinced,0.625,0.125,0,0,0.0,
979,inflexibly,0.0,0.125,2,0,0.0,
980,malevolently,0.0,0.25,2,0,0.0,
981,disagreeably,0.25,0.0,2,0,0.0,
982,unscrupulous,0.625,0.0,0,0,0.0,
983,demystify,0.0,0.0,2,2,2.0,
984,misfortune,0.5,0.0,0,0,0.0,
985,unromantically,0.0,0.25,2,2,2.0,
986,disappearance,0.0,0.0,2,0,0.0,
987,uncombined,0.5,0.125,0,2,2.0,
988,atonal,0.375,0.0,0,2,2.0,
989,undependably,0.0,0.25,2,0,0.0,
990,unpredictable,0.625,0.0,0,2,2.0,
991,unsystematic,0.125,0.0,2,0,0.0,
992,unbend,0.0,0.0,2,2,2.0,
993,insurmountable,0.75,0.0,0,0,0.0,
994,unwieldy,0.0,0.0,2,0,0.0,
995,unfurrowed,0.5,0.0,0,2,2.0,
996,noninfectious,0.375,0.0,0,2,1.0,
997,unavenged,0.5,0.0,0,0,0.0,
998,incurability,0.125,0.125,2,0,0.0,
999,contralateral,0.0,0.0,2,2,2.0,
1000,unclip,0.0,0.0,2,2,2.0,
1001,unicameral,0.0,0.0,2,2,2.0,
1002,inconsistency,0.25,0.0,2,0,0.0,
1003,decriminalise,0.0,0.0,2,2,2.0,
1004,undeclared,0.75,0.0,0,2,2.0,
1005,artlessness,0.375,0.625,2,2,2.0,
1006,unintentionally,0.125,0.25,2,2,2.0,
1007,nonradioactive,0.25,0.0,2,2,2.0,
1008,avascular,0.0,0.0,2,2,2.0,
1009,unhappy,0.75,0.0,0,0,0.0,
1010,unstaged,0.625,0.0,0,2,2.0,
1011,indistinguishable,0.5,0.125,0,2,2.0,
1012,unperceptive,0.25,0.125,2,0,0.0,
1013,undeveloped,0.25,0.0,2,0,0.0,
1014,discontinuation,0.0,0.0,2,2,2.0,
1015,disjoin,0.0,0.0,2,2,2.0,
1016,dishonor,0.0,0.0,2,0,0.0,
1017,uncousinly,0.0,0.0,2,0,2.0,
1018,disingenuousness,0.625,0.25,0,0,0.0,
1019,inhospitableness,0.5,0.125,0,0,0.0,
1020,unclean,0.75,0.0,0,0,0.0,
1021,desynchronise,0.0,0.0,2,2,2.0,
1022,decompress,0.0,0.0,2,2,2.0,
1023,impervious,0.625,0.0,0,2,2.0,
1024,inexpediently,0.0,0.25,2,0,0.0,
1025,ineloquently,0.0,0.125,2,0,0.0,
1026,nonporous,0.625,0.0,0,2,2.0,
1027,nonmetamorphic,0.125,0.0,2,2,2.0,
1028,syncategoreme,0.375,0.125,2,2,2.0,
1029,decentralise,0.0,0.0,2,2,2.0,
1030,disable,0.0,0.0,2,0,0.0,
1031,unproductively,0.0,0.125,2,0,0.0,
1032,insignificance,0.25,0.375,2,0,0.0,
1033,unshapely,0.0,0.0,2,0,0.0,
1034,ineradicable,0.5,0.125,0,2,0.0,
1035,invalidate,0.0,0.0,2,0,0.0,
1036,unpeaceful,0.75,0.0,0,0,0.0,
1037,debilitating,0.0,0.0,2,0,0.0,
1038,noncomprehensively,0.0,0.0,2,2,2.0,
1039,inflexibility,0.5,0.0,0,0,0.0,
1040,soleless,0.0,0.0,2,0,2.0,
1041,disassemble,0.0,0.0,2,2,2.0,
1042,unmined,0.25,0.0,2,2,2.0,
1043,unrighteous,0.625,0.375,2,0,0.0,
1044,maleficence,0.5,0.0,0,0,0.0,
1045,unreactive,0.0,0.0,2,2,2.0,
1046,disincentive,0.125,0.0,2,0,0.0,
1047,incorruptness,0.25,0.75,1,1,1.0,
1048,inconvenient,0.0,0.0,2,0,0.0,
1049,unselfishly,0.0,0.375,1,1,1.0,
1050,undue,0.25,0.125,2,0,0.0,
1051,aplacental,0.0,0.0,2,2,2.0,
1052,abactinal,0.0,0.0,2,2,2.0,
1053,inconsiderately,0.0,0.25,2,0,0.0,
1054,unmodifiable,0.625,0.0,0,2,2.0,
1055,uncomfortable,0.75,0.0,0,0,0.0,
1056,unpublishable,0.75,0.25,0,0,0.0,
1057,atypicality,0.0,0.0,2,2,2.0,
1058,irrelevance,0.0,0.0,2,0,0.0,
1059,fruitlessly,0.0,0.125,2,0,0.0,
1060,unalterable,0.75,0.0,0,2,2.0,
1061,humorlessly,0.0,0.25,2,0,0.0,
1062,nonattendance,0.0,0.0,2,0,0.0,
1063,unlined,0.625,0.0,0,2,2.0,
1064,indestructibility,0.25,0.0,2,2,2.0,
1065,inelasticity,0.5,0.0,0,2,2.0,
1066,nonreflective,0.625,0.0,0,2,2.0,
1067,disinclination,0.625,0.25,0,0,0.0,
1068,disservice,0.0,0.0,2,0,0.0,
1069,incorrectly,0.0,0.25,2,0,0.0,
1070,untidy,0.0,0.0,2,0,0.0,
1071,uselessly,0.0,0.25,2,0,0.0,
1072,deodourise,0.0,0.0,2,2,2.0,
1073,inefficaciously,0.0,0.25,2,0,0.0,
1074,armless,0.0,0.0,2,2,2.0,
1075,impotence,0.375,0.125,2,0,0.0,
1076,overtime,0.0,0.0,2,2,2.0,
1077,unwillingness,0.5,0.0,0,0,0.0,
1078,unloading,0.0,0.0,2,2,2.0,
1079,nondriver,0.0,0.0,2,2,2.0,
1080,ungrammatically,0.0,0.25,2,0,0.0,
1081,inconsiderable,0.0,0.125,2,0,0.0,
1082,uncork,0.0,0.0,2,2,2.0,
1083,maleficent,0.0,0.0,2,0,0.0,
1084,disadvantageous,0.25,0.75,1,0,0.0,
1085,unsheared,0.125,0.0,2,2,2.0,
1086,unwarily,0.375,0.0,0,2,0.0,
1087,unashamedly,0.0,0.0,2,2,2.0,
1088,infinitely,0.0,0.125,2,2,2.0,
1089,unrelatedness,0.5,0.0,0,2,2.0,
1090,unintelligible,0.0,0.375,1,0,0.0,
1091,unappealingly,0.0,0.25,2,0,0.0,
1092,unburied,0.25,0.0,2,0,2.0,
1093,dissonance,0.0,0.125,2,0,0.0,
1094,unblended,0.625,0.0,0,2,2.0,
1095,ungracefully,0.0,0.0,2,0,0.0,
1096,untapped,0.625,0.0,0,2,2.0,
1097,illegitimacy,0.0,0.0,2,0,0.0,
1098,unoccupied,0.75,0.0,0,2,2.0,
1099,insane,0.0,0.0,2,0,0.0,
1100,disinherit,0.0,0.0,2,0,2.0,
1101,disappear,0.0,0.0,2,2,2.0,
1102,nonindulgent,0.0,0.0,2,2,2.0,
1103,unmotorized,0.0,0.0,2,2,2.0,
1104,merciless,0.0,0.0,2,0,0.0,
1105,unfavorableness,0.625,0.0,0,0,0.0,
1106,detach,0.0,0.0,2,2,2.0,
1107,unattached,0.0,0.0,2,2,2.0,
1108,undramatically,0.0,0.25,2,2,2.0,
1109,uncontroversial,0.625,0.125,0,2,2.0,
1110,irresoluteness,0.375,0.25,2,0,0.0,
1111,downstairs,0.0,0.0,2,2,2.0,
1112,toneless,0.0,0.0,2,0,0.0,
1113,inconveniently,0.0,0.125,2,0,0.0,
1114,intemperance,0.375,0.375,2,0,0.0,
1115,unsettled,0.0,0.0,2,0,0.0,
1116,inequitable,0.625,0.25,0,0,0.0,
1117,unfaithfully,0.0,0.25,2,0,0.0,
1118,implacable,0.444,0.556,2,0,2.0,
1119,inexplicable,0.5,0.125,0,2,2.0,
1120,joyless,0.0,0.0,2,0,0.0,
1121,unrenewable,0.125,0.125,2,0,0.0,
1122,insincerely,0.0,0.0,2,0,0.0,
1123,unfurl,0.0,0.0,2,2,2.0,
1124,dishonorably,0.0,0.25,2,0,0.0,
1125,anestrous,0.0,0.0,2,2,2.0,
1126,denationalize,0.0,0.0,2,2,2.0,
1127,nonechoic,0.0,0.0,2,2,2.0,
1128,dislodge,0.0,0.0,2,2,2.0,
1129,impersonal,0.625,0.0,0,0,0.0,
1130,asexual,0.625,0.0,0,2,2.0,
1131,nonabsorbent,0.0,0.0,2,2,2.0,
1132,ungroomed,0.75,0.125,0,0,0.0,
1133,decelerate,0.0,0.0,2,2,2.0,
1134,discordant,0.0,0.0,2,0,0.0,
1135,harmlessly,0.0,0.25,2,2,2.0,
1136,uncoiled,0.5,0.0,0,2,2.0,
1137,unoiled,0.125,0.0,2,2,2.0,
1138,nonsteroidal,0.375,0.0,0,2,2.0,
1139,unsatisfactoriness,0.0,0.75,1,0,0.0,
1140,decentralize,0.0,0.0,2,2,2.0,
1141,nonbeing,0.0,0.0,2,2,2.0,
1142,nonspeaking,0.0,0.0,2,2,2.0,
1143,unlisted_security,0.0,0.0,2,2,2.0,
1144,undemonstrative,0.75,0.0,0,2,2.0,
1145,uncontaminated,0.625,0.125,0,1,1.0,
1146,demagnetize,0.0,0.0,2,2,2.0,
1147,undemocratically,0.0,0.25,2,0,0.0,
1148,demythologize,0.0,0.0,2,2,2.0,
1149,unwrap,0.0,0.0,2,2,2.0,
1150,nonsyllabic,0.5,0.0,0,2,2.0,
1151,disorienting,0.0,0.0,2,0,0.0,
1152,unrepentant,0.75,0.0,0,0,0.0,
1153,unsexy,0.0,0.0,2,0,0.0,
1154,unwritten,0.25,0.375,2,2,2.0,
1155,useless,0.0,0.0,2,0,0.0,
1156,dishonorable,0.5,0.5,2,0,0.0,
1157,nonslippery,0.0,0.0,2,2,2.0,
1158,unappetizing,0.0,0.0,2,0,0.0,
1159,decentralized,0.0,0.0,2,2,2.0,
1160,decentralization,0.0,0.0,2,2,2.0,
1161,ungraciously,0.0,0.0,2,0,0.0,
1162,desecrate,0.0,0.0,2,0,0.0,
1163,uncivil,0.0,0.875,1,0,0.0,
1164,disenchanted,0.0,0.0,2,0,0.0,
1165,unfueled,0.625,0.0,0,2,2.0,
1166,downwardly,0.125,0.0,2,0,2.0,
1167,irresponsibility,0.375,0.0,0,0,0.0,
1168,heedless,0.0,0.0,2,0,0.0,
1169,moneyless,0.0,0.0,2,0,0.0,
1170,unstuff,0.0,0.0,2,2,2.0,
1171,tastelessness,0.0,0.0,2,0,0.0,
1172,unabridged,0.0,0.0,2,2,2.0,
1173,excommunicate,0.0,0.0,2,0,2.0,
1174,inaccuracy,0.75,0.125,0,0,0.0,
1175,indehiscent,0.0,0.0,2,2,2.0,
1176,unpalatably,0.0,0.0,2,0,0.0,
1177,invalid,0.75,0.0,0,0,0.0,
1178,unrentable,0.375,0.25,2,0,2.0,
1179,diverge,0.0,0.0,2,2,2.0,
1180,incompressible,0.625,0.0,0,2,2.0,
1181,nonrigid,0.0,0.125,2,2,2.0,
1182,nondevelopment,0.25,0.0,2,0,0.0,
1183,unenforced,0.5,0.0,0,2,2.0,
1184,immodest,0.0,0.0,2,0,0.0,
1185,uninteresting,0.0,0.0,2,0,0.0,
1186,inexplicitness,0.625,0.25,0,2,2.0,
1187,noncrucial,0.25,0.5,2,0,0.0,
1188,intractable,0.75,0.0,0,0,0.0,
1189,inadequate,0.0,0.0,2,0,0.0,
1190,declassify,0.0,0.0,2,2,2.0,
1191,unretentive,0.125,0.0,2,0,0.0,
1192,inflexible,0.25,0.125,2,0,0.0,
1193,deglycerolize,0.0,0.0,2,2,2.0,
1194,analphabetic,0.0,0.0,2,0,2.0,
1195,uncorrected,0.75,0.0,0,0,0.0,
1196,unconscientious,0.75,0.0,0,0,0.0,
1197,unreasonable,0.375,0.375,2,0,0.0,
1198,uncultivated,0.0,0.0,2,0,0.0,
1199,indispensable,0.0,0.0,2,1,1.0,
1200,dissuasive,0.0,0.0,2,0,0.0,
1201,antinode,0.0,0.0,2,2,2.0,
1202,inhospitable,0.125,0.125,2,0,0.0,
1203,unprovocative,0.25,0.375,2,2,2.0,
1204,outgoing,0.0,0.0,2,1,1.0,
1205,asymmetry,0.375,0.0,0,2,2.0,
1206,incongruousness,0.875,0.125,0,2,2.0,
1207,inclement,0.0,0.0,2,0,0.0,
1208,uncombed,0.0,0.0,2,2,2.0,
1209,unfold,0.0,0.0,2,2,2.0,
1210,unostentatious,0.125,0.0,2,2,2.0,
1211,unproductiveness,0.375,0.125,2,0,0.0,
1212,uninjured,0.5,0.375,2,1,1.0,
1213,unvaried,0.25,0.125,2,2,2.0,
1214,indecisiveness,0.0,0.0,2,0,0.0,
1215,underexpose,0.0,0.0,2,0,2.0,
1216,underestimate,0.5,0.0,0,0,0.0,
1217,illegitimately,0.0,0.25,2,0,0.0,
1218,nonjudgmental,0.125,0.0,2,1,1.0,
1219,unexcitable,0.125,0.375,2,0,0.0,
1220,unfurnished,0.0,0.0,2,2,2.0,
1221,immorality,0.75,0.25,0,0,0.0,
1222,de-ionate,0.0,0.0,2,2,2.0,
1223,incaution,0.125,0.375,2,0,0.0,
1224,unshuttered,0.75,0.0,0,2,2.0,
1225,uninhabited,0.5,0.0,0,2,2.0,
1226,unprophetic,0.0,0.0,2,2,2.0,
1227,unexpected,0.375,0.125,2,2,2.0,
1228,disunify,0.0,0.0,2,0,0.0,
1229,non-invertible,0.625,0.0,0,2,2.0,
1230,hypotonic,0.0,0.0,2,2,2.0,
1231,improper,0.0,0.0,2,0,0.0,
1232,unpaved,0.75,0.0,0,2,2.0,
1233,unsuitableness,0.25,0.5,2,0,0.0,
1234,inopportuneness,0.25,0.375,2,0,0.0,
1235,unsolved,0.125,0.125,2,2,2.0,
1236,unscheduled,0.625,0.0,0,2,2.0,
1237,unsympathetic,0.875,0.0,0,0,0.0,
1238,unbound,0.0,0.0,2,2,2.0,
1239,imprudent,0.0,0.0,2,0,0.0,
1240,irreversibility,0.25,0.375,2,2,2.0,
1241,subjacent,0.0,0.0,2,2,2.0,
1242,lossless,0.0,0.0,2,2,2.0,
1243,impure,0.0,0.0,2,0,0.0,
1244,indirectness,0.25,0.0,2,2,2.0,
1245,unpackaged,0.5,0.125,0,2,2.0,
1246,inconvenience,0.875,0.0,0,0,0.0,
1247,unassisted,0.25,0.0,2,2,2.0,
1248,unquiet,0.75,0.0,0,0,0.0,
1249,unencumbered,0.375,0.5,2,1,1.0,
1250,undimmed,0.75,0.0,0,2,2.0,
1251,discourtesy,1.0,0.0,0,0,0.0,
1252,ungeared,0.625,0.0,0,2,2.0,
1253,unerect,0.625,0.0,0,2,2.0,
1254,unopposed,0.75,0.0,0,2,2.0,
1255,unsoundness,0.25,0.0,2,0,0.0,
1256,nonprehensile,0.0,0.0,2,2,2.0,
1257,implausibility,0.5,0.375,2,2,2.0,
1258,deductive,0.0,0.0,2,2,2.0,
1259,disjunct,0.0,0.0,2,2,2.0,
1260,disapproval,0.375,0.125,2,0,0.0,
1261,uninterestingly,0.0,0.375,1,0,0.0,
1262,desegregate,0.0,0.0,2,2,2.0,
1263,unprepared,0.5,0.125,0,0,0.0,
1264,punctureless,0.0,0.0,2,1,2.0,
1265,disreputable,0.25,0.375,2,0,0.0,
1266,unsatisfactory,0.0,0.0,2,0,0.0,
1267,uncrossed,0.125,0.0,2,2,2.0,
1268,unenthusiastic,0.5,0.25,2,0,0.0,
1269,imperishable,0.375,0.0,0,1,1.0,
1270,irreligious,0.5,0.125,0,2,2.0,
1271,insentient,0.0,0.0,2,2,2.0,
1272,acarpelous,0.0,0.0,2,2,2.0,
1273,unweave,0.0,0.0,2,2,2.0,
1274,unmuzzle,0.0,0.0,2,2,2.0,
1275,hypotensive,0.5,0.0,0,2,2.0,
1276,maladroit,0.0,0.0,2,0,0.0,
1277,hypotonicity,0.0,0.0,2,2,2.0,
1278,uncertified,0.25,0.0,2,0,0.0,
1279,incomprehensible,0.5,0.125,0,0,0.0,
1280,effortless,0.0,0.0,2,1,1.0,
1281,asynchronous,0.0,0.0,2,2,2.0,
1282,unconsciousness,0.25,0.0,2,0,0.0,
1283,illiterate,0.5,0.0,0,0,0.0,
1284,unprejudiced,0.0,0.5,1,1,1.0,
1285,unenlightening,0.0,0.0,2,0,0.0,
1286,roofless,0.0,0.0,2,0,2.0,
1287,infelicitously,0.0,0.25,2,0,0.0,
1288,insignificantly,0.0,0.125,2,0,0.0,
1289,unreliability,0.625,0.25,0,0,0.0,
1290,avirulent,0.0,0.0,2,2,2.0,
1291,unportable,0.375,0.125,2,0,2.0,
1292,jawless,0.0,0.0,2,2,2.0,
1293,inalienable,0.375,0.125,2,2,2.0,
1294,disrespectfully,0.0,0.125,2,0,0.0,
1295,unpleasantly,0.25,0.0,2,0,0.0,
1296,untwist,0.0,0.0,2,2,2.0,
1297,uneducated,0.75,0.25,0,0,0.0,
1298,distributed,0.0,0.0,2,2,2.0,
1299,subartesian,0.125,0.0,2,2,2.0,
1300,unfashionably,0.0,0.25,2,0,0.0,
1301,unconstitutionally,0.0,0.25,2,2,2.0,
1302,irreverence,0.375,0.25,2,0,0.0,
1303,unseal,0.0,0.0,2,2,2.0,
1304,impenetrability,0.375,0.5,2,2,2.0,
1305,import,0.0,0.0,2,2,2.0,
1306,nonterritorial,0.125,0.0,2,2,2.0,
1307,unpropitiously,0.0,0.25,2,0,0.0,
1308,uninformative,0.25,0.0,2,0,0.0,
1309,demilitarize,0.0,0.0,2,2,2.0,
1310,insecurity,0.125,0.0,2,0,0.0,
1311,flowerless,0.0,0.0,2,2,2.0,
1312,indiscreetly,0.25,0.0,2,0,0.0,
1313,unbordered,0.0,0.0,2,2,2.0,
1314,unsportingly,0.0,0.125,2,0,0.0,
1315,noncyclic,0.25,0.125,2,2,2.0,
1316,impossibly,0.125,0.0,2,0,2.0,
1317,unconnected,0.625,0.0,0,2,2.0,
1318,undescriptive,0.75,0.125,0,0,0.0,
1319,immature,0.0,0.0,2,0,0.0,
1320,intestate,0.0,0.0,2,2,2.0,
1321,distrustfully,0.0,0.0,2,0,0.0,
1322,unmodified,0.75,0.0,0,2,2.0,
1323,unjust,0.375,0.375,2,0,0.0,
1324,unclear,0.125,0.375,2,0,0.0,
1325,unrigged,0.0,0.0,2,2,2.0,
1326,dislike,0.0,0.0,2,0,0.0,
1327,unmoving,0.0,0.0,2,2,2.0,
1328,nonarbitrable,0.625,0.0,0,2,2.0,
1329,unairworthy,0.5,0.25,2,0,0.0,
1330,insubordination,0.125,0.125,2,0,0.0,
1331,heedlessness,0.0,0.0,2,0,0.0,
1332,unlikelihood,0.0,0.125,2,2,2.0,
1333,unsized,0.625,0.0,0,2,2.0,
1334,unworldly,0.0,0.0,2,2,2.0,
1335,meatless,0.0,0.0,2,2,2.0,
1336,disequilibrium,0.0,0.0,2,0,0.0,
1337,nonadhesive,0.75,0.0,0,2,2.0,
1338,achromatic_color,0.125,0.0,2,2,2.0,
1339,nonrepresentative,0.625,0.0,0,0,0.0,
1340,unsavory,0.0,0.0,2,0,0.0,
1341,nonabsorbency,0.0,0.0,2,2,2.0,
1342,unplanned,0.375,0.125,2,2,2.0,
1343,unventilated,0.25,0.0,2,0,0.0,
1344,insecureness,0.125,0.0,2,0,0.0,
1345,disrespectful,0.0,0.0,2,0,0.0,
1346,unemotional,0.444,0.556,2,2,2.0,
1347,nonsuppurative,0.25,0.0,2,2,2.0,
1348,unknowable,0.25,0.125,2,2,2.0,
1349,discontent,0.0,0.125,2,0,0.0,
1350,unintelligibly,0.0,0.125,2,2,2.0,
1351,unrecoverable,0.5,0.0,0,0,0.0,
1352,unsound,0.0,0.0,2,0,0.0,
1353,incommutable,0.5,0.0,0,2,2.0,
1354,inopportunely,0.0,0.0,2,0,0.0,
1355,unresponsiveness,0.5,0.0,0,0,0.0,
1356,irresponsibleness,0.375,0.0,0,0,0.0,
1357,untruthfully,0.0,0.25,2,0,0.0,
1358,unstrain,0.0,0.0,2,1,1.0,
1359,illiteracy,0.5,0.125,0,0,0.0,
1360,painlessly,0.375,0.0,0,1,1.0,
1361,impermanence,0.25,0.0,2,2,2.0,
1362,imprudently,0.0,0.25,2,0,0.0,
1363,incapability,0.25,0.0,2,0,0.0,
1364,boneless,0.0,0.0,2,2,2.0,
1365,unimpressionable,0.75,0.0,0,0,0.0,
1366,unsuitably,0.125,0.125,2,0,0.0,
1367,disincarnate,0.0,0.0,2,2,2.0,
1368,incapacity,0.0,0.375,1,0,0.0,
1369,unpretentiousness,0.5,0.375,2,2,2.0,
1370,unlikely,0.625,0.0,0,0,0.0,
1371,decertify,0.0,0.0,2,0,0.0,
1372,unexcitingly,0.0,0.25,2,0,0.0,
1373,unwittingly,0.375,0.0,0,2,2.0,
1374,discomposed,0.0,0.0,2,0,0.0,
1375,unrestricted,0.625,0.0,0,2,2.0,
1376,unbolt,0.0,0.0,2,2,2.0,
1377,lipless,0.0,0.0,2,2,2.0,
1378,unwoven,0.0,0.0,2,2,2.0,
1379,unmusical,0.25,0.0,2,0,2.0,
1380,nonspatial,0.25,0.0,2,2,2.0,
1381,dissuasion,0.0,0.0,2,0,0.0,
1382,irreplaceable,0.75,0.0,0,1,1.0,
1383,unnecessary,0.25,0.25,2,0,0.0,
1384,fruitlessness,0.375,0.125,2,0,0.0,
1385,nonmechanical,0.25,0.0,2,2,2.0,
1386,pointless,0.0,0.0,2,0,0.0,
1387,insanely,0.25,0.5,2,2,2.0,
1388,unpatriotically,0.0,0.25,2,0,0.0,
1389,tramontane,0.0,0.0,2,2,2.0,
1390,immoderate,0.0,0.0,2,0,0.0,
1391,disarmament,0.0,0.0,2,2,2.0,
1392,unattractiveness,0.25,0.0,2,0,0.0,
1393,nonextensile,0.0,0.0,2,2,2.0,
1394,inexpensiveness,0.125,0.375,2,1,1.0,
1395,unsecured_bond,0.0,0.0,2,2,2.0,
1396,motionlessness,0.375,0.0,0,2,2.0,
1397,ungrammatical,0.75,0.0,0,0,0.0,
1398,unfathomable,0.625,0.0,0,2,2.0,
1399,branchless,0.0,0.0,2,2,2.0,
1400,immigrate,0.0,0.0,2,2,2.0,
1401,unmerited,0.625,0.125,0,0,0.0,
1402,disadvantageously,0.625,0.125,0,0,0.0,
1403,nonconformism,0.0,0.0,2,2,2.0,
1404,thoughtless,0.0,0.0,2,0,0.0,
1405,disembarkation,0.0,0.0,2,2,2.0,
1406,unsupervised,0.5,0.125,0,2,2.0,
1407,unpolished,0.5,0.0,0,0,0.0,
1408,unrepeatable,0.5,0.0,0,2,2.0,
1409,nonprofessional,0.625,0.0,0,0,0.0,
1410,unfasten,0.0,0.0,2,2,2.0,
1411,illicitly,0.0,0.25,2,0,0.0,
1412,unseasonably,0.5,0.0,0,2,2.0,
1413,unglazed,0.625,0.0,0,2,2.0,
1414,mismatched,0.0,0.0,2,0,0.0,
1415,infrequent,0.0,0.0,2,2,2.0,
1416,unceremoniousness,0.25,0.5,2,0,2.0,
1417,nonaddictive,0.5,0.25,2,1,1.0,
1418,destalinize,0.0,0.0,2,2,2.0,
1419,illicitness,0.75,0.0,0,0,0.0,
1420,de-iodinating,0.0,0.0,2,2,2.0,
1421,unpretentiously,0.0,0.375,1,2,1.0,
1422,unpretentious,0.375,0.25,2,1,1.0,
1423,non-market_economy,0.0,0.0,2,2,2.0,
1424,underact,0.0,0.0,2,2,2.0,
1425,thoughtlessly,0.0,0.25,2,0,0.0,
1426,nonassociative,0.125,0.0,2,2,2.0,
1427,dissent,0.0,0.0,2,0,0.0,
1428,unacceptability,0.75,0.125,0,0,0.0,
1429,uneager,0.0,0.0,2,0,0.0,
1430,wheelless,0.0,0.0,2,2,2.0,
1431,impreciseness,0.5,0.375,2,0,0.0,
1432,illegality,0.375,0.0,0,0,0.0,
1433,outlaw,0.25,0.0,2,0,0.0,
1434,unprecedented,0.0,0.0,2,2,2.0,
1435,nonreciprocal,0.125,0.0,2,2,2.0,
1436,unsensational,0.625,0.125,0,0,0.0,
1437,inexact,0.0,0.0,2,0,0.0,
1438,indecisively,0.125,0.0,2,2,2.0,
1439,insanity,0.375,0.25,2,0,0.0,
1440,aborad,0.0,0.0,2,2,2.0,
1441,denaturalize,0.0,0.0,2,0,2.0,
1442,unimaginatively,0.0,0.125,2,0,2.0,
1443,unmated,0.0,0.0,2,2,2.0,
1444,nonparticipation,0.0,0.0,2,2,2.0,
1445,undershoot,0.0,0.0,2,0,0.0,
1446,unacceptably,0.375,0.0,0,0,0.0,
1447,carelessly,0.375,0.0,0,0,0.0,
1448,indecorously,0.0,0.0,2,0,0.0,
1449,undramatic,0.5,0.125,0,2,2.0,
1450,unscalable,0.0,0.625,1,0,0.0,
1451,disfluency,0.0,0.0,2,2,2.0,
1452,nonfunctional,0.75,0.0,0,0,0.0,
1453,downgrade,0.0,0.0,2,0,0.0,
1454,unpowered,0.625,0.0,0,2,2.0,
1455,ill-advised,0.125,0.0,2,0,0.0,
1456,aboral,0.0,0.0,2,2,2.0,
1457,hypotonia,0.0,0.0,2,2,2.0,
1458,undesirable,0.5,0.125,0,0,0.0,
1459,uncommonness,0.0,0.375,1,2,2.0,
1460,unlucky,0.75,0.125,0,0,0.0,
1461,unoriginal,0.75,0.0,0,0,0.0,
1462,nontraditional,0.875,0.0,0,2,2.0,
1463,unclasp,0.0,0.0,2,2,2.0,
1464,illegibly,0.0,0.25,2,0,0.0,
1465,ineffectively,0.0,0.25,2,0,0.0,
1466,inarticulately,0.0,0.125,2,2,2.0,
1467,irremediable,0.625,0.0,0,0,0.0,
1468,de-escalate,0.0,0.0,2,1,1.0,
1469,nonsingular_matrix,0.0,0.0,2,2,2.0,
1470,informal,0.25,0.0,2,2,2.0,
1471,unwebbed,0.125,0.0,2,2,2.0,
1472,unexpendable,0.75,0.25,0,1,1.0,
1473,atonality,0.25,0.0,2,2,2.0,
1474,unlisted,0.75,0.0,0,2,2.0,
1475,decolonize,0.0,0.0,2,2,2.0,
1476,dissatisfy,0.0,0.0,2,0,0.0,
1477,incompatibly,0.0,0.0,2,0,0.0,
1478,unsociably,0.0,0.25,2,0,0.0,
1479,uncleanliness,0.5,0.125,0,0,0.0,
1480,unstratified,0.75,0.0,0,2,2.0,
1481,paranormal,0.0,0.0,2,2,2.0,
1482,unconditional,0.125,0.0,2,2,2.0,
1483,unstressed,0.75,0.0,0,2,1.0,
1484,unholy,0.0,0.0,2,0,0.0,
1485,unironed,0.25,0.0,2,2,2.0,
1486,uncreative,0.5,0.0,0,0,0.0,
1487,disassociation,0.0,0.0,2,2,2.0,
1488,unfavorable,0.75,0.0,0,0,0.0,
1489,unluckily,0.875,0.0,0,0,0.0,
1490,insubstantiality,0.0,0.0,2,2,2.0,
1491,inefficiency,0.5,0.0,0,0,0.0,
1492,unstaple,0.0,0.0,2,2,2.0,
1493,dystopian,0.375,0.125,2,0,0.0,
1494,anticholinergic,0.0,0.0,2,2,2.0,
1495,discomposure,0.75,0.0,0,0,0.0,
1496,unscholarly,0.0,0.0,2,0,0.0,
1497,unobtrusive,0.625,0.0,0,2,2.0,
1498,unbelief,0.0,0.0,2,0,0.0,
1499,unidentifiable,0.5,0.0,0,2,2.0,
1500,illogicality,0.75,0.25,0,0,0.0,
1501,informally,0.0,0.0,2,2,2.0,
1502,unfashionable,0.75,0.0,0,0,0.0,
1503,unlaureled,0.625,0.0,0,2,2.0,
1504,unmotivated,0.0,0.0,2,0,0.0,
1505,unclassified,0.75,0.0,0,2,2.0,
1506,illegible,0.0,0.0,2,0,0.0,
1507,unanimated,0.5,0.375,2,0,0.0,
1508,nonintegrated,0.0,0.0,2,2,2.0,
1509,dysgenics,0.25,0.0,2,0,0.0,
1510,hypertensive,0.5,0.0,0,0,0.0,
1511,unassigned,0.25,0.0,2,2,2.0,
1512,unfilled,0.125,0.0,2,0,2.0,
1513,undatable,0.75,0.0,0,0,0.0,
1514,incautious,0.25,0.25,2,0,0.0,
1515,exclude,0.0,0.0,2,0,2.0,
1516,unsalable,0.5,0.0,0,0,0.0,
1517,misconception,0.625,0.25,0,0,0.0,
1518,depressurise,0.0,0.0,2,2,2.0,
1519,unattractive,0.25,0.5,2,0,0.0,
1520,inexactly,0.0,0.125,2,2,2.0,
1521,mistrust,0.0,0.375,1,0,0.0,
1522,uncensored,0.5,0.0,0,2,2.0,
1523,improbability,0.375,0.5,2,2,2.0,
1524,passionless,0.0,0.0,2,0,0.0,
1525,nonmigratory,0.0,0.0,2,2,2.0,
1526,immediacy,0.0,0.0,2,2,2.0,
1527,nonnative,0.625,0.0,0,2,2.0,
1528,uncarved,0.125,0.0,2,2,2.0,
1529,disinclined,0.0,0.0,2,0,0.0,
1530,unsuccessful,0.5,0.0,0,0,0.0,
1531,unfastidious,0.625,0.0,0,0,0.0,
1532,unoriented,0.625,0.0,0,2,2.0,
1533,impractical,0.625,0.0,0,0,0.0,
1534,offside,0.0,0.0,2,2,2.0,
1535,inessential,0.75,0.0,0,0,0.0,
1536,nonsurgical,0.125,0.0,2,2,2.0,
1537,injudiciousness,0.0,0.875,1,0,0.0,
1538,unemotionality,0.5,0.25,2,2,2.0,
1539,underbid,0.0,0.0,2,2,2.0,
1540,unintrusive,0.625,0.0,0,2,2.0,
1541,demote,0.0,0.0,2,0,0.0,
1542,tearless,0.0,0.0,2,2,2.0,
1543,incomplete,0.0,0.0,2,0,0.0,
1544,nonlinguistic,0.75,0.0,0,2,2.0,
1545,intolerantly,0.0,0.5,1,0,0.0,
1546,nonruminant,0.0,0.0,2,2,2.0,
1547,unchartered,0.125,0.0,2,2,2.0,
1548,unperplexed,0.75,0.0,0,2,1.0,
1549,powerlessness,0.375,0.125,2,0,0.0,
1550,unwary,0.625,0.125,0,0,0.0,
1551,unhappiness,0.75,0.0,0,0,0.0,
1552,dehumidify,0.0,0.0,2,2,2.0,
1553,disarranged,0.0,0.0,2,0,0.0,
1554,undiscerning,0.0,0.0,2,0,0.0,
1555,uncover,0.0,0.0,2,2,2.0,
1556,unaffected,0.125,0.125,2,2,2.0,
1557,unvariedness,0.5,0.125,0,2,2.0,
1558,unmown,0.5,0.0,0,2,2.0,
1559,unmarked,0.625,0.0,0,2,2.0,
1560,inelastic,0.125,0.0,2,2,2.0,
1561,discourage,0.0,0.0,2,0,0.0,
1562,unsteadily,0.125,0.0,2,0,0.0,
1563,noncompetitively,0.0,0.25,2,2,2.0,
1564,unedifying,0.0,0.0,2,0,0.0,
1565,innocuous,0.75,0.0,0,2,2.0,
1566,disorient,0.0,0.0,2,0,0.0,
1567,dissatisfaction,0.5,0.125,0,0,0.0,
1568,undocumented,0.0,0.0,2,2,2.0,
1569,incredibly,0.5,0.0,0,2,1.0,
1570,unbanded,0.75,0.0,0,2,2.0,
1571,nonsignificant,0.0,0.0,2,2,2.0,
1572,outpatient,0.5,0.0,0,2,2.0,
1573,discontinuance,0.0,0.0,2,0,0.0,
1574,unfamiliarity,0.375,0.0,0,2,2.0,
1575,invisible,0.625,0.25,0,2,2.0,
1576,unprofitably,0.5,0.0,0,0,0.0,
1577,ill-natured,0.875,0.0,0,0,0.0,
1578,deconcentrate,0.0,0.0,2,2,2.0,
1579,counterrevolutionary,0.0,0.0,2,2,2.0,
1580,unintended,0.5,0.0,0,2,2.0,
1581,grassless,0.0,0.0,2,2,2.0,
1582,destructiveness,0.625,0.0,0,0,0.0,
1583,undependability,0.625,0.25,0,0,0.0,
1584,styleless,0.0,0.0,2,0,0.0,
1585,untimbered,0.25,0.125,2,2,2.0,
1586,unharness,0.0,0.0,2,2,2.0,
1587,unauthorized,0.875,0.0,0,0,0.0,
1588,unwitting,0.0,0.0,2,2,2.0,
1589,de-iodinate,0.0,0.0,2,2,2.0,
1590,internally,0.0,0.0,2,2,2.0,
1591,deactivation,0.0,0.0,2,2,2.0,
1592,toothless,0.0,0.0,2,0,0.0,
1593,nonoperational,0.5,0.0,0,0,0.0,
1594,apetalous,0.0,0.0,2,2,2.0,
1595,discouragement,0.375,0.125,2,0,0.0,
1596,unlawfulness,0.5,0.0,0,0,0.0,
1597,underived,0.25,0.375,2,2,2.0,
1598,indispensableness,0.375,0.375,2,1,1.0,
1599,unselfconsciousness,0.25,0.5,2,2,2.0,
1600,unsocial,0.625,0.0,0,0,0.0,
1601,nonviolent,0.0,0.0,2,1,1.0,
1602,impartiality,0.0,0.0,2,2,2.0,
1603,atonicity,0.5,0.0,0,2,2.0,
1604,unoffending,0.0,0.0,2,1,1.0,
1605,incongruity,0.875,0.125,0,2,2.0,
1606,unacquisitive,0.5,0.0,0,2,2.0,
1607,hopelessness,0.5,0.375,2,0,0.0,
1608,deodorize,0.0,0.0,2,2,2.0,
1609,unsheathed,0.75,0.0,0,2,2.0,
1610,unwilling,0.75,0.0,0,0,0.0,
1611,unrhythmical,0.75,0.0,0,2,2.0,
1612,unwholesomeness,0.75,0.125,0,0,0.0,
1613,careless,0.0,0.0,2,0,0.0,
1614,uncrowned,0.5,0.0,0,2,2.0,
1615,unfairly,0.0,0.25,2,0,0.0,
1616,incorrigible,0.5,0.0,0,0,0.0,
1617,malign,0.0,0.0,2,0,0.0,
1618,headless,0.0,0.0,2,0,2.0,
1619,nonfat,0.0,0.0,2,2,2.0,
1620,nonsectarian,0.625,0.0,0,2,2.0,
1621,untrustiness,0.75,0.0,0,0,0.0,
1622,unaccommodating,0.0,0.0,2,0,0.0,
1623,noncommercial,0.75,0.0,0,2,2.0,
1624,tuneless,0.0,0.0,2,0,0.0,
1625,unholiness,0.375,0.375,2,0,0.0,
1626,undesirability,0.125,0.5,1,0,0.0,
1627,impermeability,0.25,0.0,2,2,2.0,
1628,lawlessly,0.0,0.25,2,0,0.0,
1629,misconstruction,0.375,0.0,0,0,0.0,
1630,infallible,0.5,0.125,0,1,1.0,
1631,antimagnetic,0.375,0.0,0,2,2.0,
1632,impolitely,0.0,0.25,2,0,0.0,
1633,unseamanlike,0.0,0.0,2,0,2.0,
1634,uneasy,0.5,0.0,0,0,0.0,
1635,sleeveless,0.0,0.0,2,2,2.0,
1636,unstatesmanlike,0.0,0.0,2,0,2.0,
1637,antitype,0.0,0.0,2,2,2.0,
1638,unsociable,0.75,0.0,0,0,0.0,
1639,unregulated,0.625,0.0,0,2,0.0,
1640,unborn,0.125,0.0,2,2,2.0,
1641,impolite,0.0,0.0,2,0,0.0,
1642,inconsideration,0.5,0.375,2,0,0.0,
1643,incoherence,0.125,0.125,2,0,0.0,
1644,irresolute,0.0,0.0,2,0,0.0,
1645,incommodious,0.0,0.0,2,0,0.0,
1646,unsold,0.75,0.0,0,0,0.0,
1647,illegibility,0.0,0.0,2,0,0.0,
1648,undynamic,0.625,0.0,0,0,0.0,
1649,untwine,0.0,0.0,2,2,2.0,
1650,unimodal,0.0,0.0,2,2,2.0,
1651,nonrepetitive,0.125,0.0,2,2,2.0,
1652,unreliableness,0.625,0.25,0,0,0.0,
1653,untrained,0.5,0.125,0,0,0.0,
1654,unmalicious,0.778,0.222,0,2,1.0,
1655,unpatronized,0.0,0.0,2,2,2.0,
1656,understock,0.0,0.0,2,2,2.0,
1657,insubstantial,0.125,0.0,2,0,0.0,
1658,unaggressive,0.625,0.0,0,2,2.0,
1659,indeterminate,0.0,0.0,2,2,2.0,
1660,unpalatability,0.125,0.0,2,0,0.0,
1661,disenfranchised,0.0,0.0,2,0,0.0,
1662,discourteous,0.25,0.625,1,0,0.0,
1663,nonvolatile,0.0,0.0,2,2,2.0,
1664,unconventional,0.75,0.0,0,2,2.0,
1665,nonresidential,0.125,0.0,2,2,2.0,
1666,earless,0.0,0.0,2,2,2.0,
1667,unreverberant,0.375,0.125,2,2,2.0,
1668,unlawfully,0.0,0.25,2,0,0.0,
1669,unbelted,0.25,0.125,2,2,2.0,
1670,noncomprehensive,0.125,0.0,2,0,0.0,
1671,irrelevant,0.0,0.0,2,0,0.0,
1672,unweaned,0.25,0.0,2,2,2.0,
1673,unattributable,0.25,0.125,2,2,2.0,
1674,unfreeze,0.0,0.0,2,2,2.0,
1675,unrighteousness,0.0,0.625,1,0,0.0,
1676,inconsistently,0.0,0.0,2,0,0.0,
1677,uncross,0.0,0.0,2,2,2.0,
1678,uncomfortably,0.375,0.0,0,0,0.0,
1679,disobedient,0.0,0.0,2,0,0.0,
1680,nonexistent,0.0,0.0,2,2,2.0,
1681,unrifled,0.5,0.0,0,2,2.0,
1682,inconstant,0.0,0.0,2,0,2.0,
1683,disallow,0.0,0.0,2,0,0.0,
1684,unconcerned,0.25,0.25,2,0,0.0,
1685,disconnect,0.25,0.0,2,0,0.0,
1686,demonetization,0.5,0.0,0,2,2.0,
1687,inelegant,0.0,0.0,2,0,0.0,
1688,nonionic,0.125,0.375,2,2,2.0,
1689,insalubriousness,0.25,0.5,2,0,0.0,
1690,anticlimactic,0.0,0.0,2,0,0.0,
1691,unchanged,0.625,0.0,0,2,2.0,
1692,unresentful,0.5,0.0,0,2,1.0,
1693,loamless,0.0,0.0,2,2,2.0,
1694,imbalance,0.0,0.0,2,0,0.0,
1695,impassable,0.0,0.625,1,0,1.0,
1696,unrestrained,0.625,0.0,0,2,2.0,
1697,understatement,0.125,0.0,2,2,2.0,
1698,inability,0.25,0.125,2,0,0.0,
1699,immorally,0.625,0.0,0,0,0.0,
1700,artless,0.0,0.0,2,0,0.0,
1701,unrespectable,0.125,0.625,1,0,0.0,
1702,unequivocalness,0.0,0.25,2,2,2.0,
1703,impious,0.5,0.25,2,0,0.0,
1704,unreconstructed,0.0,0.0,2,2,2.0,
1705,unlaced,0.0,0.0,2,2,2.0,
1706,inappositeness,0.0,0.75,1,0,0.0,
1707,infrequently,0.0,0.0,2,2,2.0,
1708,dystopia,0.625,0.0,0,0,0.0,
1709,harmless,0.0,0.0,2,1,1.0,
1710,undesigned,0.75,0.0,0,2,2.0,
1711,indigestibility,0.375,0.0,0,0,0.0,
1712,unbind,0.0,0.0,2,2,2.0,
1713,demobilise,0.0,0.0,2,2,2.0,
1714,rimless,0.0,0.0,2,2,2.0,
1715,worthlessness,0.5,0.125,0,0,0.0,
1716,destabilisation,0.0,0.0,2,0,0.0,
1717,uncaulked,0.625,0.0,0,2,2.0,
1718,subhuman,0.0,0.0,2,0,0.0,
1719,disabling,0.0,0.0,2,0,0.0,
1720,unreportable,0.5,0.0,0,2,2.0,
1721,displeasing,0.0,0.0,2,0,0.0,
1722,ribless,0.0,0.0,2,2,2.0,
1723,nonmonotonic,0.375,0.0,0,2,2.0,
1724,unkindness,0.25,0.375,2,0,0.0,
1725,ingratitude,0.625,0.25,0,0,0.0,
1726,discontinuous,0.0,0.0,2,2,2.0,
1727,untanned,0.625,0.0,0,2,2.0,
1728,intangible,0.625,0.0,0,2,2.0,
1729,unexchangeability,0.5,0.0,0,2,2.0,
1730,inaudible,0.5,0.125,0,2,0.0,
1731,undeciphered,0.25,0.0,2,2,2.0,
1732,unpaid,0.125,0.0,2,0,0.0,
1733,unalert,0.5,0.25,2,0,0.0,
1734,decontamination,0.125,0.0,2,2,2.0,
1735,imprecise,0.0,0.0,2,0,0.0,
1736,nonspherical,0.125,0.0,2,2,2.0,
1737,insufficiently,0.0,0.0,2,0,0.0,
1738,purposeless,0.0,0.0,2,0,0.0,
1739,inexpressively,0.0,0.25,2,2,2.0,
1740,displeased,0.75,0.125,0,0,0.0,
1741,incalculable,0.625,0.125,0,2,2.0,
1742,antipyretic,0.0,0.5,1,2,1.0,
1743,spineless,0.0,0.0,2,0,0.0,
1744,disintegrate,0.0,0.0,2,0,0.0,
1745,intolerance,0.375,0.0,0,0,0.0,
1746,infinite,0.0,0.0,2,2,2.0,
1747,astigmatism,0.625,0.0,0,2,2.0,
1748,impatience,0.625,0.0,0,0,0.0,
1749,descend,0.0,0.0,2,2,2.0,
1750,unturned,0.125,0.0,2,2,2.0,
1751,unrefined,0.75,0.0,0,0,0.0,
1752,unconditioned,0.625,0.0,0,2,2.0,
1753,disorderly,0.0,0.0,2,0,0.0,
1754,unwind,0.0,0.0,2,1,2.0,
1755,abducent,0.0,0.0,2,2,2.0,
1756,unadorned,0.625,0.25,0,2,2.0,
1757,uncommunicativeness,0.125,0.25,2,0,0.0,
1758,dematerialise,0.0,0.0,2,2,2.0,
1759,inextricable,0.625,0.0,0,2,2.0,
1760,untied,0.125,0.0,2,2,2.0,
1761,undifferentiated,0.25,0.0,2,2,2.0,
1762,undeceive,0.0,0.0,2,2,2.0,
1763,desynchronize,0.0,0.0,2,2,2.0,
1764,unlash,0.0,0.0,2,2,2.0,
1765,off-season,0.0,0.0,2,2,2.0,
1766,indivisible,0.625,0.0,0,2,2.0,
1767,detachable,0.0,0.25,2,2,2.0,
1768,abnormality,0.0,0.25,2,0,0.0,
1769,disrepute,0.375,0.25,2,0,0.0,
1770,downwards,0.0,0.0,2,2,2.0,
1771,unconstitutional,0.75,0.0,0,0,0.0,
1772,nonfatal,0.375,0.0,0,2,1.0,
1773,disagreeableness,0.875,0.125,0,0,0.0,
1774,untune,0.0,0.0,2,0,0.0,
1775,noncollapsible,0.5,0.0,0,2,2.0,
1776,dissimilarity,0.5,0.25,2,2,2.0,
1777,unable,0.75,0.0,0,0,0.0,
1778,Nonconformist,0.625,0.0,0,2,2.0,
1779,untrimmed,0.125,0.0,2,2,2.0,
1780,subtraction,0.0,0.0,2,2,2.0,
1781,unaddressed,0.125,0.0,2,0,2.0,
1782,unstudied,0.75,0.0,0,2,2.0,
1783,unlubricated,0.125,0.0,2,0,2.0,
1784,injudiciously,0.0,0.25,2,0,0.0,
1785,unnatural,0.75,0.0,0,0,0.0,
1786,unaccustomed,0.75,0.0,0,2,2.0,
1787,underspend,0.0,0.0,2,2,2.0,
1788,unenlightened,0.0,0.5,1,0,0.0,
1789,discharge,0.0,0.0,2,2,2.0,
1790,unreassuring,0.0,0.0,2,0,0.0,
1791,undiplomatically,0.0,0.25,2,0,0.0,
1792,unrestraint,0.375,0.375,2,0,2.0,
1793,uncrannied,0.5,0.0,0,2,2.0,
1794,unprofessional,0.625,0.0,0,0,0.0,
1795,nonvolatile_storage,0.0,0.0,2,2,2.0,
1796,bibless,0.0,0.0,2,2,2.0,
1797,nonpolitical,0.125,0.125,2,2,2.0,
1798,uncritical,0.375,0.375,2,2,2.0,
1799,unclearness,0.5,0.25,2,0,0.0,
1800,depreciation,0.0,0.0,2,0,0.0,
1801,disobey,0.0,0.0,2,0,0.0,
1802,undiscriminating,0.0,0.0,2,0,1.0,
1803,unexportable,0.75,0.25,0,2,2.0,
1804,unobtrusively,0.0,0.25,2,2,2.0,
1805,decriminalisation,0.0,0.0,2,2,2.0,
1806,unalarming,0.0,0.0,2,2,2.0,
1807,unofficial,0.75,0.0,0,2,2.0,
1808,unburdened,0.75,0.0,0,1,1.0,
1809,nonalcoholic,0.0,0.0,2,2,2.0,
1810,nonhuman,0.0,0.0,2,2,2.0,
1811,unbox,0.0,0.0,2,2,2.0,
1812,unexpansive,0.5,0.25,2,2,2.0,
1813,unlivable,0.75,0.125,0,0,0.0,
1814,tactlessness,0.5,0.375,2,0,0.0,
1815,unplanted,0.125,0.0,2,2,2.0,
1816,inorganic,0.0,0.0,2,2,2.0,
1817,unsaddle,0.0,0.0,2,2,2.0,
1818,anaphrodisia,0.375,0.25,2,0,2.0,
1819,incredulously,0.0,0.25,2,2,2.0,
1820,unshockable,0.625,0.125,0,2,2.0,
1821,unmindfulness,0.125,0.125,2,0,0.0,
1822,unmyelinated,0.125,0.0,2,2,2.0,
1823,unshaded,0.5,0.0,0,2,2.0,
1824,uncle,0.0,0.0,2,2,2.0,
1825,inadvisability,0.625,0.125,0,0,0.0,
1826,unacceptable,0.75,0.0,0,0,0.0,
1827,disesteem,0.0,0.25,2,0,0.0,
1828,unamended,0.125,0.0,2,2,2.0,
1829,inarticulate,0.0,0.0,2,0,0.0,
1830,nonparticulate,0.0,0.0,2,2,2.0,
1831,underprivileged,0.375,0.0,0,0,0.0,
1832,imprecision,0.5,0.375,2,0,0.0,
1833,nondeductible,0.625,0.0,0,0,0.0,
1834,unintelligent,0.0,0.0,2,0,0.0,
1835,nonadsorbent,0.0,0.0,2,2,2.0,
1836,unlock,0.0,0.0,2,2,2.0,
1837,abnormal,0.75,0.0,0,0,0.0,
1838,unlimited,0.5,0.0,0,1,2.0,
1839,unenlightenment,0.375,0.0,0,0,0.0,
1840,invariability,0.625,0.0,0,2,2.0,
1841,incompetence,0.25,0.0,2,0,0.0,
1842,depigmentation,0.625,0.0,0,2,2.0,
1843,unpardonably,0.0,0.0,2,0,0.0,
1844,uncoated,0.625,0.0,0,2,2.0,
1845,odorless,0.0,0.0,2,2,2.0,
1846,imprecisely,0.0,0.125,2,0,0.0,
1847,unexhausted,0.25,0.375,2,2,2.0,
1848,disjunctive,0.0,0.0,2,2,2.0,
1849,defense,0.0,0.0,2,2,2.0,
1850,unangry,0.125,0.0,2,1,2.0,
1851,unworthiness,0.25,0.5,2,0,0.0,
1852,unattractively,0.0,0.375,1,0,0.0,
1853,uncoil,0.0,0.0,2,2,2.0,
1854,changelessness,0.0,0.0,2,2,2.0,
1855,gloveless,0.0,0.0,2,2,2.0,
1856,insoluble,0.0,0.25,2,2,2.0,
1857,hypothermia,0.25,0.0,2,0,0.0,
1858,unleaded,0.75,0.0,0,2,2.0,
1859,untidiness,0.25,0.0,2,0,0.0,
1860,unstring,0.0,0.0,2,2,2.0,
1861,unsnarl,0.0,0.0,2,2,2.0,
1862,inequitably,0.0,0.25,2,0,0.0,
1863,unwellness,0.0,0.0,2,0,0.0,
1864,uncontested,0.625,0.0,0,2,2.0,
1865,detransitivize,0.0,0.0,2,2,2.0,
1866,decolonise,0.0,0.0,2,2,2.0,
1867,degrade,0.0,0.0,2,0,0.0,
1868,nonproliferation,0.0,0.0,2,2,2.0,
1869,inutility,0.25,0.375,2,0,0.0,
1870,insensitiveness,0.625,0.125,0,0,0.0,
1871,unspecialized,0.75,0.0,0,0,0.0,
1872,impossible,0.75,0.0,0,0,0.0,
1873,unbarreled,0.75,0.0,0,2,2.0,
1874,ineligible,0.25,0.125,2,0,0.0,
1875,unrhetorical,0.125,0.125,2,2,2.0,
1876,nonresident,0.0,0.0,2,2,2.0,
1877,incorruptibility,0.75,0.25,0,1,1.0,
1878,incurableness,0.125,0.125,2,0,0.0,
1879,unpatriotic,0.25,0.375,2,0,0.0,
1880,incoherently,0.0,0.25,2,0,0.0,
1881,intolerably,0.375,0.0,0,0,0.0,
1882,unemployment,0.625,0.0,0,0,0.0,
1883,landless,0.0,0.0,2,0,2.0,
1884,dissociate,0.0,0.0,2,2,2.0,
1885,unconvincing,0.0,0.0,2,0,0.0,
1886,desynchronization,0.0,0.0,2,2,2.0,
1887,impenetrable,0.75,0.0,0,2,2.0,
1888,uncommitted,0.75,0.0,0,2,0.0,
1889,unapproachability,0.75,0.125,0,0,0.0,
1890,unforgettable,0.5,0.125,0,1,1.0,
1891,disapprobation,0.5,0.5,2,0,0.0,
1892,unrewarding,0.0,0.0,2,0,0.0,
1893,immutable,0.625,0.0,0,2,2.0,
1894,bedless,0.0,0.0,2,0,2.0,
1895,denationalise,0.0,0.0,2,2,2.0,
1896,detached,0.0,0.0,2,0,2.0,
1897,decalcify,0.0,0.0,2,2,2.0,
1898,noncausative,0.25,0.0,2,2,2.0,
1899,irregular,0.5,0.0,0,2,2.0,
1900,impenitent,0.0,0.0,2,0,0.0,
1901,disorderliness,0.25,0.0,2,0,0.0,
1902,uncouple,0.0,0.0,2,2,2.0,
1903,dehumanize,0.0,0.0,2,0,0.0,
1904,nonexplosive,0.375,0.0,0,2,2.0,
1905,acyclic,0.0,0.0,2,2,2.0,
1906,unmelodious,0.625,0.125,0,0,0.0,
1907,insalubrity,0.25,0.5,2,0,0.0,
1908,nonmoving,0.0,0.0,2,2,2.0,
1909,unmade,0.0,0.0,2,0,2.0,
1910,gracelessly,0.0,0.0,2,0,0.0,
1911,unhesitatingly,0.0,0.0,2,2,2.0,
1912,ungracious,0.0,0.75,1,0,0.0,
1913,dishonestly,0.0,0.25,2,0,0.0,
1914,unenlivened,0.625,0.0,0,0,0.0,
1915,unwrapped,0.625,0.0,0,2,2.0,
1916,unavailability,0.625,0.25,0,0,0.0,
1917,desensitize,0.0,0.0,2,2,2.0,
1918,disliked,0.0,0.0,2,0,0.0,
1919,incompatible,0.25,0.25,2,0,0.0,
1920,impermeable,0.0,0.0,2,2,2.0,
1921,underpay,0.0,0.0,2,0,0.0,
1922,nonpregnant,0.0,0.0,2,2,2.0,
1923,inexpressible,0.0,0.0,2,2,2.0,
1924,unadaptability,0.5,0.25,2,0,0.0,
1925,indestructible,0.125,0.375,2,1,1.0,
1926,disobediently,0.0,0.125,2,0,0.0,
1927,nonsubmersible,0.625,0.0,0,2,2.0,
1928,unservile,0.0,0.0,2,2,2.0,
1929,inexactness,0.75,0.125,0,0,0.0,
1930,outflow,0.0,0.0,2,2,2.0,
1931,undergarment,0.0,0.0,2,2,2.0,
1932,irrevocable,0.75,0.0,0,2,2.0,
1933,dysphemistic,0.75,0.0,0,0,0.0,
1934,incorporeal,0.0,0.0,2,2,2.0,
1935,unperceptiveness,0.0,0.625,1,0,0.0,
1936,joylessly,0.0,0.25,2,0,0.0,
1937,nonastringent,0.0,0.0,2,2,2.0,
1938,deflationary,0.0,0.125,2,0,0.0,
1939,unevenly,0.0,0.0,2,2,2.0,
1940,unapproachable,0.375,0.0,0,0,0.0,
1941,unmelted,0.25,0.0,2,2,2.0,
1942,undomestic,0.625,0.0,0,2,2.0,
1943,unfrozen,0.125,0.0,2,2,2.0,
1944,unlikeness,0.5,0.0,0,2,0.0,
1945,unemployed,0.625,0.0,0,0,0.0,
1946,disentangle,0.0,0.0,2,2,2.0,
1947,unpointedness,0.0,0.0,2,2,2.0,
1948,unsusceptibility,0.25,0.125,2,2,2.0,
1949,unrecognizably,0.0,0.375,1,2,2.0,
1950,unappealable,0.5,0.0,0,0,0.0,
1951,germfree,0.0,0.0,2,1,1.0,
1952,dishonest,0.0,0.0,2,0,0.0,
1953,unvoiced,0.0,0.0,2,2,2.0,
1954,unlighted,0.75,0.0,0,2,2.0,
1955,uncivilly,0.0,0.25,2,0,0.0,
1956,increment,0.0,0.0,2,2,2.0,
1957,unmindful,0.75,0.125,0,0,0.0,
1958,inadequately,0.375,0.0,0,0,0.0,
1959,inconspicuous,0.5,0.125,0,2,2.0,
1960,unlawful,0.75,0.0,0,0,0.0,
1961,legless,0.0,0.0,2,0,2.0,
1962,unmemorably,0.0,0.25,2,0,0.0,
1963,illiberality,0.5,0.125,0,0,0.0,
1964,disproportion,0.0,0.25,2,0,0.0,
1965,unchivalrously,0.0,0.25,2,0,0.0,
1966,unbelievably,0.5,0.0,0,2,2.0,
1967,uninformed,0.125,0.25,2,0,0.0,
1968,unflattering,0.0,0.0,2,0,0.0,
1969,hypoglycemia,0.625,0.0,0,2,0.0,
1970,inactivation,0.0,0.0,2,2,2.0,
1971,noncrystalline,0.0,0.0,2,2,2.0,
1972,uncamphorated,0.25,0.0,2,2,2.0,
1973,unjustifiably,0.0,0.0,2,0,0.0,
1974,disloyally,0.375,0.0,0,0,0.0,
1975,incompressibility,0.125,0.0,2,2,2.0,
1976,memberless,0.0,0.0,2,0,2.0,
1977,inadvisable,0.625,0.125,0,0,0.0,
1978,nonuniformity,0.25,0.5,2,2,2.0,
1979,gutlessness,0.5,0.0,0,0,0.0,
1980,uncommunicative,0.625,0.125,0,0,0.0,
1981,hornless,0.0,0.0,2,2,2.0,
1982,starless,0.0,0.0,2,2,2.0,
1983,uncongenial,0.667,0.333,0,0,0.0,
1984,malignity,0.875,0.0,0,0,0.0,
1985,inequity,0.625,0.25,0,0,0.0,
1986,unsinkable,0.625,0.0,0,1,2.0,
1987,immodestly,0.0,0.25,2,0,0.0,
1988,desensitizing,0.0,0.0,2,0,2.0,
1989,decriminalize,0.0,0.0,2,2,2.0,
1990,unscrupulousness,0.5,0.5,2,0,0.0,
1991,infertility,0.375,0.0,0,0,0.0,
1992,unprintable,0.25,0.75,1,0,2.0,
1993,unusual,0.625,0.125,0,2,2.0,
1994,offshore,0.0,0.0,2,2,2.0,
1995,unabused,0.25,0.375,2,2,2.0,
1996,inefficacious,0.0,0.25,2,0,0.0,
1997,dissimilar,0.0,0.0,2,2,2.0,
1998,incomparably,0.0,0.0,2,2,2.0,
1999,anhydrous,0.0,0.0,2,2,2.0,
2000,unpredictability,0.5,0.25,2,2,2.0,
2001,hopeless,0.0,0.0,2,0,0.0,
2002,unanalyzed,0.625,0.125,0,2,2.0,
2003,unseemliness,0.25,0.25,2,0,0.0,
2004,destructive,0.0,0.0,2,0,0.0,
2005,unskilled,0.625,0.0,0,0,0.0,
2006,declassification,0.0,0.0,2,2,2.0,
2007,unstratified_language,0.0,0.0,2,2,2.0,
2008,uncharged,0.0,0.0,2,2,2.0,
2009,ungrudgingly,0.0,0.375,1,1,1.0,
2010,ahistorical,0.375,0.0,0,2,2.0,
2011,bloodless,0.0,0.0,2,2,2.0,
2012,malevolence,0.875,0.0,0,0,0.0,
2013,unethically,0.375,0.0,0,0,0.0,
2014,toeless,0.0,0.0,2,2,2.0,
2015,unfriendliness,0.625,0.0,0,0,0.0,
2016,unusualness,0.125,0.5,1,2,2.0,
2017,unlamented,0.875,0.0,0,0,0.0,
2018,unseasonableness,0.25,0.0,2,0,2.0,
2019,unadventurous,0.375,0.25,2,0,2.0,
2020,agnostic,0.0,0.0,2,2,2.0,
2021,inconspicuously,0.0,0.0,2,2,2.0,
2022,unforgivingly,0.0,0.0,2,0,0.0,
2023,inglorious,0.5,0.125,0,0,0.0,
2024,unsaturated,0.0,0.25,2,2,2.0,
2025,unbranded,0.75,0.0,0,2,2.0,
2026,unsealed,0.625,0.0,0,2,2.0,
2027,unsuccessfully,0.125,0.0,2,0,0.0,
2028,immaturity,0.625,0.0,0,0,0.0,
2029,uninterested,0.625,0.0,0,0,0.0,
2030,decriminalization,0.0,0.0,2,2,2.0,
2031,indecision,0.0,0.0,2,0,0.0,
2032,offstage,0.0,0.0,2,2,2.0,
2033,unmanfully,0.5,0.0,0,0,0.0,
2034,unevenness,0.625,0.125,0,2,2.0,
2035,inhumaneness,0.5,0.5,2,0,0.0,
2036,inactivity,0.125,0.0,2,0,0.0,
2037,unguided,0.625,0.0,0,0,0.0,
2038,imperceptible,0.625,0.25,0,2,2.0,
2039,indecent,0.0,0.0,2,0,0.0,
2040,inexcusable,0.625,0.0,0,0,0.0,
2041,aperiodic,0.0,0.0,2,2,2.0,
2042,impossibility,0.25,0.0,2,0,2.0,
2043,indiscernible,0.75,0.25,0,2,2.0,
2044,footless,0.0,0.0,2,2,2.0,
2045,uselessness,0.25,0.375,2,0,0.0,
2046,underdress,0.0,0.0,2,0,0.0,
2047,unblock,0.0,0.0,2,2,2.0,
2048,incautiously,0.375,0.0,0,0,0.0,
2049,impermissibility,0.625,0.125,0,0,0.0,
2050,disenfranchisement,0.0,0.0,2,0,0.0,
2051,unbelievingly,0.0,0.25,2,2,2.0,
2052,uncooperative,0.625,0.0,0,0,0.0,
2053,unpersuasiveness,0.5,0.125,0,0,0.0,
2054,uncheerfulness,0.75,0.125,0,0,0.0,
2055,unfeelingly,0.0,0.125,2,0,0.0,
2056,nonrandom,0.0,0.0,2,2,2.0,
2057,nontechnical,0.75,0.125,0,2,2.0,
2058,counterfactuality,0.625,0.25,0,2,2.0,
2059,inconvertibility,0.625,0.25,0,2,2.0,
2060,depreciate,0.0,0.0,2,0,0.0,
2061,unreproducible,0.5,0.0,0,2,2.0,
2062,irreconcilable,0.5,0.0,0,0,0.0,
2063,unappetizingness,0.0,0.0,2,0,0.0,
2064,unsigned,0.25,0.125,2,2,2.0,
2065,ungusseted,0.5,0.0,0,2,2.0,
2066,immediate,0.0,0.0,2,2,2.0,
2067,unargumentative,0.75,0.0,0,2,2.0,
2068,unprofitability,0.625,0.125,0,0,0.0,
2069,incontinent,0.0,0.0,2,0,0.0,
2070,inevitable,0.625,0.0,0,2,2.0,
2071,inconclusive,0.5,0.0,0,2,0.0,
2072,unmitigated,0.625,0.0,0,0,0.0,
2073,unlikeliness,0.0,0.125,2,2,2.0,
2074,unfastened,0.5,0.0,0,2,2.0,
2075,uninterestingness,0.5,0.125,0,0,0.0,
2076,unpermissive,0.75,0.125,0,0,0.0,
2077,insufficient,0.0,0.0,2,0,0.0,
2078,immiscible,0.25,0.0,2,2,2.0,
2079,untucked,0.5,0.0,0,2,2.0,
2080,noneffervescent,0.0,0.0,2,2,2.0,
2081,deoxidise,0.0,0.0,2,2,2.0,
2082,rustless,0.0,0.0,2,1,1.0,
2083,nonconformist,0.625,0.0,0,2,2.0,
2084,nonsmoker,0.0,0.0,2,2,2.0,
2085,insecure,0.0,0.0,2,0,0.0,
2086,inaction,0.125,0.0,2,0,0.0,
2087,unconscious,0.375,0.0,0,2,2.0,
2088,unbecomingness,0.25,0.5,2,0,2.0,
