word,pred,gold,type
conformity,1,1,
tracked,1,1,
ungodliness,0,0,
inadmissibility,0,0,
aggrade,1,1,
disorganise,0,0,
unyoke,0,0,
unconscientiousness,0,0,
assertively,1,1,
unjustly,0,0,
militarize,1,1,
unorthodox,0,0,
pretentious,1,1,
unhelpfully,0,0,
indecisive,0,0,
accelerate,1,1,
confirmed,1,1,
spiritless,0,0,
inspiring,1,1,
destructibility,1,1,
nonspecific,0,0,
inopportune,0,0,
nonaligned,0,0,
noninstitutional,0,0,
desirous,1,1,
underhand,1,0,spa
nonmagnetic,0,0,
diplomatic,1,1,
nonreticulate,0,0,
counterclockwise,0,0,
tapped,1,1,
unequivocal,1,0,pos
noninvasive,0,0,
corporeal,1,1,
ceremoniously,1,1,
sexy,1,1,
lubricated,1,1,
uneven,0,0,
photosynthetic,1,1,
compromising,1,1,
desecrated,1,0,act
fearfully,1,1,
uninsurability,0,0,
noncombinative,0,0,
uninflected,0,0,
symmetrical,1,1,
orient,1,1,
obvious,1,1,
established,1,1,
humaneness,1,1,
capability,1,1,
untranslatable,0,0,
exploited,1,1,
beaked,1,1,
Anglican,1,1,
nonviolently,0,0,
surmountable,1,1,
irresponsibly,0,0,
unheaded,0,0,
equivalence,1,1,
reducible,1,1,
unrespectability,0,0,
balance,1,1,
conspicuous,1,1,
uncut,0,0,
atonic,0,0,
leaded_gasoline,1,1,
congenial,1,1,
unsoured,0,0,
azonal,0,0,
keyless,0,0,
arm,1,1,
fearlessly,1,0,pos
just,1,1,
observance,1,1,
violent,1,1,
savory,1,1,
unhygienically,0,0,
tasteless,0,0,
agitated,1,1,
depersonalize,0,0,
inhumanely,0,0,
indecency,0,0,
unpreventable,0,0,
unreasonably,0,0,
reversibility,1,1,
favorably,1,1,
conditioned,1,1,
inadequacy,0,0,
standard,1,1,
harmonious,1,1,
unpleasingness,0,0,
treated,1,1,
reliability,1,1,
disprove,0,0,
crystallized,1,1,
influential,1,1,
discontinued,0,0,
overachievement,1,1,
apologetic,1,1,
unmanageable,0,0,
hurriedly,1,1,
principled,1,1,
imperceptibility,0,0,
defensively,1,0,act
perceptible,1,1,
efficacy,1,1,
faithful,1,1,
organized,1,1,
unleaded_gasoline,0,0,
divergency,1,0,act
sonic,1,1,
felicitously,1,1,
unstuck,0,0,
participation,1,1,
juicy,1,1,
unliveried,0,0,
nonpartisan,0,0,
untangled,0,0,
forgivably,1,1,
de-energize,0,0,
impatiently,0,0,
unstructured,0,0,
involved,1,1,
uninquiring,0,0,
adequacy,1,1,
consummated,1,1,
market_economy,1,1,
unfortunately,0,0,
disproportionate,0,0,
nonmetallic,0,0,
effortful,1,1,
unorganized,0,0,
bend,1,1,
unhitch,0,0,
onside,1,1,
aphrodisia,1,1,
commodious,1,1,
unscrew,0,0,
connected,1,1,
uncommon,0,0,
compressible,1,1,
unbutton,0,0,
agree,1,1,
sociably,1,1,
noncitizen,0,0,
respectful,1,1,
handleless,0,0,
predictability,1,1,
indeterminable,0,0,
polished,1,1,
moonless,0,0,
nonimitative,0,0,
loyally,1,1,
fatty,1,1,
discernible,1,1,
unstableness,0,0,
inhospitably,0,0,
desirable,1,1,
statesmanlike,1,1,
moved,1,1,
articulate,1,1,
unlike,0,0,
carefully,1,1,
maturity,1,1,
unmilitary,0,0,
metallic,1,1,
effortlessness,0,0,
ribbed,1,1,
overexpose,1,1,
uncared-for,0,0,
fearlessness,0,0,
anticlinal,1,0,amb
motorized,1,1,
inviolable,0,0,
driver,1,1,
insentience,0,0,
expensiveness,1,1,
compression,1,1,
concerned,1,1,
hairlessness,0,0,
moderate,1,1,
wrapped,1,1,
usefully,1,1,
elegantly,1,1,
impurity,0,0,
insensibility,0,0,
honor,1,1,
unhealthy,0,0,
armored,1,1,
activity,1,1,
nonphotosynthetic,0,0,
decompression,1,0,act
proliferation,1,1,
demanding,1,1,
willingness,1,1,
intransitively,0,0,
forceful,1,1,
endowed,1,1,
ungathered,0,0,
constitutionally,1,1,
traceable,1,1,
obtrusive,1,1,
decision,1,1,
discerning,1,1,
untalented,0,0,
disagreement,0,0,
unaltered,0,0,
powerfulness,1,1,
patiently,1,1,
tangible,1,1,
exact,1,1,
sane,1,1,
assortative_mating,1,1,
tubeless,0,0,
penitent,1,1,
attentive,1,1,
extrasensory,1,0,noi
staged,1,1,
enthrone,1,1,
recoverable,1,1,
decorousness,1,1,
unquietly,0,0,
common,1,1,
loyal,1,1,
creativeness,1,1,
integrate,1,1,
undervalue,0,0,
adequate,1,1,
noncivilized,0,0,
disloyal,0,0,
inhumane,0,0,
scrupulousness,1,1,
godliness,1,1,
inconsiderate,0,0,
ready,1,1,
cognizance,1,1,
extinguishable,1,1,
syndetic,1,1,
renewable,1,1,
demonstrative,1,1,
naturally,1,1,
measurable,1,1,
colourful,1,1,
indecently,0,0,
allow,1,1,
untimeliness,0,0,
irregularly,0,0,
unnaturalness,0,0,
unmanageably,0,0,
unreliable,0,0,
undetermined,0,0,
unrealistic,0,0,
undrinkable,0,0,
moving,1,1,
inedible,0,0,
convergent_thinking,1,1,
correctly,1,1,
high_season,1,1,
atypically,0,0,
headed,1,1,
ambitious,1,1,
inculpatory,1,0,amb
felicity,1,1,
patriotic,1,1,
specified,1,1,
unpresidential,0,0,
untouched,0,0,
impiety,0,0,
unbreakable,0,0,
incomprehension,0,0,
dispensable,1,1,
unreal,0,0,
uneventful,0,0,
insectivorous,1,0,noi
comparable,1,1,
inaudibility,0,0,
unsarcastic,0,0,
discourteously,1,0,gen
inextinguishable,0,0,
conspicuously,1,1,
unbodied,0,0,
representative,1,1,
off-street,1,0,spa
disengage,0,0,
owned,1,1,
unsaponified,0,0,
constricted,1,1,
inoperable,0,0,
mechanical,1,1,
bind,1,1,
overbid,1,1,
inexpedience,0,0,
hypertonia,1,1,
incorporeality,0,0,
toxic,1,1,
unstoppable,0,0,
soled,1,1,
incapable,0,0,
inappropriate,0,0,
silenced,1,1,
unframed,0,0,
impermanent,0,0,
unsteadiness,0,0,
cautiously,1,1,
denitrify,1,0,act
unforgivably,0,0,
insomnia,0,0,
ordered,1,1,
known,1,1,
wire,1,1,
disembark,1,0,gen
lash,1,1,
eventful,1,1,
profitableness,1,1,
petalous,1,1,
necessary,1,1,
continuous,1,1,
inanimateness,0,0,
determinable,1,1,
obligated,1,1,
related,1,1,
inelegance,0,0,
unfavorably,0,0,
disarm,0,0,
unreliably,0,0,
retentive,1,1,
enchant,1,1,
imitative,1,1,
volatile,1,1,
demagnetise,0,0,
cross,1,1,
inattentiveness,0,0,
dedifferentiate,0,0,
animated,1,1,
tactless,0,0,
fruitful,1,1,
merit,1,1,
tactfully,1,1,
benign,1,1,
unconstricted,0,0,
perplexed,1,1,
hypertrophied,1,0,noi
reputably,1,1,
unclog,0,0,
immodesty,0,0,
puncturable,1,1,
unextended,0,0,
exhausted,1,1,
unpopularity,0,0,
inflationary,1,1,
nonprescription,0,0,
advisable,1,1,
unadjusted,0,0,
noninstitutionalized,0,0,
disbelieve,0,0,
assembly,1,1,
distrustful,0,0,
invariable,1,0,gen
discolor,0,0,
disreputably,0,0,
rentable,1,1,
intentionally,1,1,
equilibrium,1,1,
correct,1,1,
involvement,1,1,
intolerant,0,0,
analyzed,1,1,
implausible,0,0,
existent,1,1,
unthinkable,0,0,
unappendaged,0,0,
unnoticeable,0,0,
breathing,1,1,
discouragingly,0,0,
propitiously,1,1,
sensibility,1,1,
equitably,1,1,
fallibility,1,1,
isotonic,1,1,
advantage,1,1,
argumentative,1,1,
criminalise,1,1,
requested,1,1,
hypercatalectic,1,0,noi
conclusively,1,1,
intangibility,1,0,gen
unleavened,0,0,
freeze,1,1,
literacy,1,1,
uninviting,0,0,
appetizing,1,1,
fairness,1,1,
unfortunate,0,0,
harmony,1,1,
spirited,1,1,
curious,1,1,
overpay,1,1,
hook,1,1,
agreeableness,1,1,
no-go,0,0,
overgarment,1,1,
rhetorical,1,1,
incorrect,0,0,
juiceless,0,0,
punished,1,1,
conventionally,1,1,
satisfaction,1,1,
understate,1,0,spa
nonintervention,0,0,
unposed,0,0,
demulsify,1,0,act
downtick,1,0,
unpublished,0,0,
unpriestly,0,0,
decode,1,0,act
untreated,0,0,
incontestable,1,0,pos
acceptably,1,1,
incoordination,0,0,
materiality,1,1,
uncertainty,0,0,
abranchiate,0,0,
unobtrusiveness,0,0,
incentive,1,1,
mitigated,1,1,
rhythmical,1,1,
pleasantly,1,1,
immeasurably,0,0,
playful,1,1,
uncompartmented,0,0,
predictable,1,1,
ill-defined,1,0,gen
unpermissiveness,0,0,
hipless,0,0,
fortunate,1,1,
ascend,1,1,
nonpsychoactive,0,0,
alphabetic,1,1,
unappreciatively,0,0,
imperfect,0,0,
disenfranchise,0,0,
order,1,1,
shod,1,1,
achondritic,1,0,rar
conception,1,1,
symmetrically,1,1,
credible,1,1,
inauspiciously,0,0,
modified,1,1,
responsibleness,1,1,
bottomed,1,1,
confined,1,1,
esteem,1,1,
unsuitability,0,0,
unprecedentedly,0,0,
nonclassical,0,0,
rigid,1,1,
equality,1,1,
combinative,1,1,
unpronounceable,0,0,
ungenerous,0,0,
infelicitous,0,0,
irreducible,0,0,
chromatinic,1,1,
infidelity,0,0,
unalterability,0,0,
malnourished,0,0,
externally,1,1,
offending,1,1,
manfully,1,1,
noncritical,0,0,
unprofitable,0,0,
patronized,1,1,
oral,1,1,
incurable,0,0,
patience,1,1,
laureled,1,1,
inerrancy,1,0,rar
superhuman,1,1,
attach,1,1,
out-basket,1,0,spa
inapplicability,0,0,
uninspiring,0,0,
politely,1,1,
unnoticed,0,0,
benignancy,1,1,
excited,1,1,
nonbearing,0,0,
infeasibility,0,0,
immobile,0,0,
outdoors,1,0,spa
synclinal,1,1,
association,1,1,
untraveled,0,0,
unconfirmed,0,0,
definite,1,1,
mutability,1,1,
astringent,1,1,
articulately,1,1,
complaining,1,1,
screw,1,1,
unscripted,0,0,
unsmilingly,0,0,
revealing,1,0,act
relevant,1,1,
unchain,0,0,
nonalignment,0,0,
activator,1,1,
undignified,0,0,
extraordinariness,1,0,pos
nonexempt,0,0,
inattentive,0,0,
unwire,0,0,
suppurative,1,1,
enforced,1,1,
connectedness,1,1,
quotable,1,1,
hospitable,1,1,
dysphoric,0,0,
trackless,0,0,
informality,1,0,gen
normality,1,1,
contraindication,0,0,
uptick,1,1,
fastidious,1,1,
intelligent,1,1,
unsolvability,0,0,
unreported,0,0,
wooded,1,1,
unintelligently,0,0,
emigrate,1,1,
immeasurable,0,0,
approbation,1,1,
fidelity,1,1,
mythologize,1,1,
employed,1,1,
deflate,0,0,
fit,1,1,
unpleasantness,0,0,
wellness,1,1,
untruthful,0,0,
commercial,1,1,
unstable,0,0,
scrupulous,1,1,
unofficially,0,0,
unplug,0,0,
unbelt,0,0,
encouragement,1,1,
precision,1,1,
unbeneficed,0,0,
unassertive,0,0,
unmask,0,0,
attentiveness,1,1,
commonness,1,1,
undercharge,1,0,spa
extraordinary,1,0,pos
exhaustible,1,1,
trustworthy,1,1,
tactfulness,1,1,
insubordinate,0,0,
initiate,1,1,
unhook,0,0,
oiled,1,1,
disorder,0,0,
tastelessly,1,0,gen
collapsible,1,1,
improperness,0,0,
unquestionable,0,0,
undelineated,0,0,
deregulate,0,0,
realistic,1,1,
aptitude,1,1,
cared-for,1,1,
tidiness,1,1,
infiniteness,1,0,gen
pleasingness,1,1,
preciseness,1,1,
gratefully,1,1,
inauspicious,0,0,
forgettable,1,1,
formed,1,1,
neckless,0,0,
baptized,1,1,
uncrate,0,0,
unfair,0,0,
uncollected,0,0,
inaudibly,0,0,
discontentment,0,0,
unsure,0,0,
odorize,1,1,
unexploited,0,0,
enfranchise,1,1,
earned_run,1,1,
incomprehensibility,0,0,
intense,1,0,noi
hypoparathyroidism,1,0,rar
imperceptibly,0,0,
scalable,1,1,
unwillingly,0,0,
unoriginality,0,0,
entangle,1,1,
compressibility,1,1,
unconsummated,0,0,
cooperative,1,1,
unkind,0,0,
romantically,1,1,
unaffectedness,0,0,
grassy,1,1,
unclutter,0,0,
unchristian,0,0,
fertility,1,1,
impropriety,0,0,
trustful,1,1,
uncomplaining,0,0,
unconquerable,0,0,
capableness,1,1,
ungraciousness,0,0,
understood,1,1,
undrained,0,0,
disordered,0,0,
lamented,1,1,
bottomless,0,0,
nonarboreal,0,0,
uncharacteristic,0,0,
uncleared,0,0,
unspell,0,0,
excitable,1,1,
belt,1,1,
fair,1,1,
efficaciously,1,1,
crossed,1,1,
unobstructed,0,0,
disembarrassment,0,0,
unwholesome,0,0,
typicality,1,1,
disobedience,0,0,
nonworker,0,0,
reported,1,1,
unarticulated,0,0,
acquisitive,1,1,
logically,1,1,
shrinkable,1,1,
atypical,0,0,
nonthermal,0,0,
wearable,1,1,
fashionably,1,1,
sensational,1,1,
interdepartmental,1,1,
forgivingly,1,1,
credibility,1,1,
unalike,0,0,
arbitrable,1,1,
committed,1,1,
unbuttoned,0,0,
isotropic,1,1,
proportionate,1,1,
alterability,1,1,
disenchant,0,0,
acatalectic,1,0,rar
unready,0,0,
fold,1,1,
nonstandard,0,0,
artfulness,1,1,
courteous,1,1,
lucky,1,1,
synchronous,1,1,
unproved,0,0,
unfruitful,0,0,
smokeless,0,0,
arming,1,1,
ashamed,1,1,
unequipped,0,0,
unprocessed,0,0,
classical,1,1,
mystify,1,1,
demerit,0,0,
dock,1,1,
engage,1,1,
discontented,0,0,
inconsequence,0,0,
nonconformity,0,0,
disavow,0,0,
unaddicted,0,0,
undetected,0,0,
mercilessness,0,0,
indirect,0,0,
outspan,1,0,spa
fortunately,1,1,
disorganize,0,0,
unscramble,0,0,
unobligated,0,0,
disreputability,0,0,
resoluteness,1,1,
inferiority,1,0,gen
indigestible,0,0,
inexperience,0,0,
familiarity,1,1,
plug_in,1,1,
breasted,1,1,
upwardly,1,1,
eloquently,1,1,
unspaced,0,0,
demotion,1,0,act
coherence,1,1,
unseductive,0,0,
inexcusably,0,0,
indistinct,0,0,
improvident,0,0,
acknowledged,1,1,
unregistered,0,0,
intradepartmental,1,0,amb
unexpired,0,0,
insurability,1,1,
injustice,0,0,
indoors,1,1,
professional,1,1,
ceremoniousness,1,1,
immoderation,0,0,
graciousness,1,1,
immobility,0,0,
unwaxed,0,0,
perishable,1,1,
transitivize,1,1,
illicit,1,0,gen
alert,1,1,
continued,1,1,
dysphemism,0,0,
demobilize,0,0,
shuttered,1,1,
unpainted,0,0,
indecorum,0,0,
unethical,0,0,
sensitize,1,1,
expediently,1,1,
unsympathetically,0,0,
appetizingness,1,1,
scripted,1,1,
sanitariness,1,1,
ineffectiveness,0,0,
nonexistence,0,0,
dependability,1,1,
uninfluential,0,0,
syncategorematic,1,0,rar
nonlinear,0,0,
supernal,1,0,noi
tonic,1,1,
chondritic,1,1,
permeability,1,1,
banded,1,1,
insecurely,0,0,
inconsequentially,0,0,
unscientific,0,0,
unseasonable,0,0,
lawfully,1,1,
commensurate,1,1,
radioactive,1,1,
unbar,0,0,
connect,1,1,
potence,1,1,
expansive,1,1,
irremovable,0,0,
inauspiciousness,0,0,
miscible,1,1,
escalate,1,1,
underachievement,1,0,spa
immovability,0,0,
unfledged,0,0,
nondrinker,0,0,
nonreturnable,0,0,
regularly,1,1,
backless,0,0,
uncertain,0,0,
profitability,1,1,
incompetent,0,0,
imperfectibility,0,0,
overhand,1,1,
courtesy,1,1,
syncategorem,1,0,rar
cellular,1,1,
uninstructively,0,0,
delineated,1,1,
decrement,0,1,act
chaste,1,1,
go,1,1,
noncompetitive,0,0,
translatable,1,1,
unloaded,0,0,
keyed,1,1,
unactable,0,0,
unsociability,0,0,
unsentimentally,0,0,
matched,1,1,
translational,1,1,
flexibility,1,1,
unfretted,0,0,
supportive,1,1,
unemployable,0,0,
attached,1,1,
noninheritable,0,0,
miscarry,0,0,
inexperienced,0,0,
avow,1,1,
camphorated,1,1,
powered,1,1,
eligible,1,1,
glorious,1,1,
democratically,1,1,
dethrone,0,0,
incomparable,0,0,
distributive,1,0,act
divest,1,0,act
elated,1,1,
nonmember,0,0,
similarity,1,1,
unburden,0,0,
hypersomnia,1,1,
button,1,1,
inappropriately,0,0,
disqualify,0,0,
comprehension,1,1,
nonequivalence,0,0,
impotent,0,0,
congruous,1,1,
unobvious,0,0,
unprofitableness,0,0,
dysphoria,0,0,
prophetic,1,1,
elegance,1,1,
ionic,1,1,
clement,1,1,
sensitivity,1,1,
publishable,1,1,
unenterprising,0,0,
uncontroversially,0,0,
disarming,0,0,
nonhierarchical,0,0,
unnaturally,0,0,
unshod,0,0,
logicalness,1,1,
fluency,1,1,
immortality,1,0,gen
passionate,1,1,
fallible,1,1,
unfriendly,0,0,
seal,1,1,
beneficed,1,1,
unprotective,0,0,
convenient,1,1,
destabilization,0,0,
unpleasant,0,0,
unpremeditated,0,0,
obedience,1,1,
unplayable,0,0,
inclined,1,1,
undefeated,0,0,
intransitive,0,0,
hypokalemia,1,0,rar
insignificant,0,0,
friendly,1,1,
proper,1,1,
painless,0,0,
scholarly,1,1,
enlightenment,1,1,
detribalisation,1,0,act
specific,1,1,
fledged,1,1,
intelligently,1,1,
nourished,1,1,
material,1,1,
disproportionately,0,0,
nonpayment,0,0,
unrequested,0,0,
adequately,1,1,
insatiate,0,0,
impolitic,0,0,
undiplomatic,0,0,
dishearten,0,0,
unequally,0,0,
unsaddled,0,0,
resentful,1,1,
opposable,1,1,
causative,1,1,
misbehave,0,0,
vulnerable,1,1,
focused,1,1,
unmoved,0,0,
tolerably,1,1,
addition,1,1,
operative,1,1,
disagreeable,0,0,
wigged,1,1,
unresponsive,0,0,
unemotional_person,0,0,
weighty,1,1,
accessibility,1,1,
opportune,1,1,
humorously,1,1,
incongruous,0,0,
competence,1,1,
defined,1,1,
twine,1,1,
unrevived,0,0,
sleeved,1,1,
inaptitude,0,0,
innumerate,0,0,
decorous,1,1,
indirectly,0,0,
eradicable,1,1,
nonfinancial,0,0,
implode,0,0,
equitable,1,1,
expressible,1,1,
purposelessness,0,0,
coherently,1,1,
nonindustrial,0,0,
noncurrent,0,0,
incredible,0,0,
non-involvement,0,0,
inflow,1,1,
adroit,1,1,
imperviousness,0,0,
coated,1,1,
dimmed,1,1,
hitch,1,1,
trustiness,1,1,
cork,1,1,
unimpressive,0,0,
sociability,1,1,
disorganized,0,0,
furrowed,1,1,
inhibitor,0,0,
undemanding,0,0,
sympathetically,1,1,
unswept,0,0,
cut,1,1,
dissuade,0,0,
impressive,1,1,
tasty,1,1,
saddled,1,1,
unsupported,0,0,
replaceable,1,1,
partiality,1,1,
unspecified,0,0,
unselfish,0,0,
maladjusted,0,0,
subsonic,1,0,spa
divergent,1,0,act
decentralizing,0,0,
penetrability,1,1,
plausibility,1,1,
obtrusively,1,1,
inactive,0,0,
inconspicuousness,0,0,
weedless,0,0,
voiced,1,1,
washable,1,1,
incongruent,0,0,
invisibility,0,0,
hurried,1,1,
traditional,1,1,
increased,1,1,
nonracial,0,0,
protected,1,1,
hypertonic,1,0,noi
indication,1,1,
rusted,1,1,
enabling,1,1,
unpotted,0,0,
hyperparathyroidism,1,1,
incompatibility,0,0,
alarming,1,1,
reverberant,1,1,
unnecessarily,0,0,
evitable,1,1,
voluntary,1,1,
indiscipline,0,0,
unmanned,0,0,
decency,1,1,
worthy,1,1,
tongueless,0,0,
assent,1,1,
unwanted,0,0,
dishonorableness,0,0,
identifiable,1,1,
grammatical,1,1,
disoblige,0,0,
illegal,0,0,
meaninglessness,0,0,
overvalue,1,1,
unadoptable,0,0,
unplowed,0,0,
unparented,0,0,
palatable,1,1,
undependable,0,0,
contamination,1,1,
animateness,1,1,
hatless,0,0,
sentimentally,1,1,
unearned_run,0,0,
lock,1,1,
acaulescent,0,0,
non-engagement,0,0,
unstained,0,0,
uncharacteristically,1,0,gen
undeniable,0,0,
constant,1,1,
airworthy,1,1,
uninformatively,0,0,
prudently,1,1,
joyous,1,1,
adventurous,1,1,
cleared,1,1,
fretted,1,1,
pleasant,1,1,
enthusiastic,1,1,
depressurize,0,0,
topless,0,0,
unbridle,0,0,
discomfort,0,0,
unkindly,0,0,
migratory,1,1,
tonicity,1,1,
touched,1,1,
achromatinic,0,0,
industrial,1,1,
untrustworthiness,0,0,
adjusted,1,1,
unsusceptible,0,0,
detribalization,1,0,act
inward,1,1,
irresolutely,0,0,
exchangeability,1,1,
noninterference,0,0,
divergent_thinking,1,0,act
assisted,1,1,
inferior,1,0,gen
nondisposable,0,0,
dispensableness,1,1,
comprehensible,1,1,
unbraid,0,0,
cheerlessness,0,0,
overcharge,1,1,
sensory,1,1,
fashionable,1,1,
mined,1,1,
impermissibly,0,0,
indecorousness,0,0,
destabilise,0,0,
patriotically,1,1,
unexpectedness,0,0,
due,1,1,
violable,1,1,
imprudence,0,0,
starry,1,1,
maladroitly,0,0,
unmalleability,0,0,
naturalness,1,1,
unawed,0,0,
insufficiency,0,0,
restrained,1,1,
immoral,0,0,
formal,1,1,
suitably,1,1,
cholinergic,1,1,
wheeled,1,1,
manly,1,1,
emersion,1,1,
unclothed,0,0,
suitability,1,1,
unveiled,0,0,
seedless,0,0,
pervious,1,1,
inelegantly,0,0,
ineffectually,0,0,
practical,1,1,
unfaithful,0,0,
noncommissioned,0,0,
exchangeable,1,1,
effectiveness,1,1,
unsupportive,0,0,
tune,1,1,
willingly,1,1,
inactivate,0,0,
unhealthfulness,0,0,
sold,1,1,
malignancy,1,0,amb
desynchronizing,0,0,
desalinate,0,0,
invasive,1,1,
sworn,1,1,
sanitary,1,1,
articulated,1,1,
sugary,1,1,
accuracy,1,1,
syllabic,1,1,
qualified,1,1,
malodorous,0,0,
usefulness,1,1,
supersonic,1,0,noi
organic,1,1,
uninstructive,0,0,
operational,1,1,
unemotionally,0,0,
criminalize,1,1,
wigless,0,0,
subsurface,1,0,spa
tongued,1,1,
footed,1,1,
inland,1,0,spa
indispensability,1,0,pos
holistic,1,1,
undefined,0,0,
compatibly,1,1,
malfunctioning,0,0,
synchronism,1,1,
honorable,1,1,
uncompromising,0,0,
appropriate,1,1,
misused,0,0,
onstage,1,1,
purposefulness,1,1,
extensile,1,1,
member,1,1,
stratified_language,1,1,
disapprovingly,0,0,
uncomplimentary,0,0,
ordinary,1,1,
effortfulness,1,1,
irresistible,0,0,
unregenerate,0,0,
tonality,1,1,
informatively,1,1,
abused,1,1,
unmusically,0,0,
inflected,1,1,
invariableness,1,0,gen
altered,1,1,
differentiate,1,1,
unsurprising,0,0,
congeniality,1,1,
undependableness,0,0,
clear,1,1,
unbalconied,0,0,
equally,1,1,
limbed,1,1,
unqualified,0,0,
immaterial,0,0,
illegitimate,0,0,
modifiable,1,1,
mild,1,1,
pardonably,1,1,
advantageously,1,1,
interested,1,1,
nonbiodegradable_pollution,0,0,
untroubled,0,0,
inhabited,1,1,
thinkable,1,1,
absorbency,1,1,
nonwoody,0,0,
precise,1,1,
heedful,1,1,
cleanliness,1,1,
categorematic,1,1,
inaptness,0,0,
helpful,1,1,
important,1,1,
malfunction,0,0,
ungulate,1,1,
nonwashable,0,0,
spaced,1,1,
pronounceable,1,1,
ferned,1,1,
immateriality,0,0,
exempt,1,1,
immutableness,0,0,
irreparable,0,0,
inconclusiveness,0,0,
racial,1,1,
reputable,1,1,
nonharmonic,0,0,
chartered,1,1,
popularity,1,1,
thoughtlessness,0,0,
designed,1,1,
inconclusively,0,0,
staple,1,1,
unreserved,0,0,
nonpasserine,0,0,
devitalize,0,0,
unsystematically,0,0,
tipped,1,1,
contentment,1,1,
enforceable,1,1,
kind,1,1,
unreflected,0,0,
on-site,1,0,noi
unambitiously,0,0,
necessarily,1,1,
perfect,1,1,
unfree,0,0,
probability,1,1,
unfaceted,0,0,
factuality,1,1,
unaffixed,0,0,
ostentatious,1,1,
finished,1,1,
reserved,1,1,
typically,1,1,
arbitrary,1,1,
dedicated_file_server,1,1,
subordinate,1,1,
mobilization,1,1,
liked,1,1,
buried,1,1,
insensitive,0,0,
unwearable,0,0,
hypovolemia,1,0,amb
unequal,0,0,
credibly,1,1,
unacknowledged,0,0,
unsanitary,0,0,
gutless,0,0,
infallibility,1,0,pos
undesirous,0,0,
unselected,0,0,
unrestrictive,0,0,
balconied,1,1,
action,1,1,
ungratefully,0,0,
symmetry,1,1,
licitness,1,1,
discouraging,0,0,
promotion,1,1,
variable,1,1,
unceremoniously,0,0,
atomistic,1,0,noi
unstimulating,0,0,
unconventionally,0,0,
affectedness,1,1,
inaccurately,0,0,
considerately,1,1,
undedicated,0,0,
on-street,1,1,
nonexploratory,0,0,
unexchangeable,0,0,
integration,1,0,act
explicit,1,1,
unsurprised,0,0,
skinless,0,0,
unfit,0,0,
outboard,1,0,spa
concentrated,1,1,
credulously,1,1,
unenclosed,0,0,
invulnerable,0,0,
infernal,1,1,
awed,1,1,
unmodulated,0,0,
reproducible,1,1,
stabilisation,1,1,
unsteady,0,0,
thoughtfully,1,1,
permissiveness,1,1,
impermissible,0,0,
serviceable,1,1,
conspicuousness,1,1,
intransitivity,0,0,
emotionally,1,1,
colorful,1,1,
hopeful,1,1,
undiluted,0,0,
unsatisfactorily,0,0,
supervised,1,1,
unshared,0,0,
unknot,0,0,
variedness,1,1,
contested,1,1,
advisability,1,1,
unpaintable,0,0,
portable,1,1,
honorableness,1,1,
aptness,1,1,
inoperative,0,0,
welcome,1,1,
indefeasible,0,0,
asymmetrical,0,0,
convinced,1,1,
original,1,1,
uninsured,0,0,
intervention,1,1,
broken,1,1,
adiabatic,1,0,rar
deceleration,1,0,act
intrusive,1,1,
offensive,1,1,
inseparably,1,0,pos
orderly,1,1,
insulator,1,0,amb
forceless,0,0,
unforgiving,0,0,
hopefully,1,1,
enlightened,1,1,
nonionized,0,0,
unearned,0,0,
registered,1,1,
humidify,1,1,
inefficiently,0,0,
unprincipled,0,0,
synchronise,1,1,
unambitious,0,0,
declared,1,1,
magnetize,1,1,
intemperate,0,0,
categorem,1,1,
irregularity,0,0,
ungrateful,0,0,
imperfection,0,0,
motion,1,1,
immersion,1,0,spa
unwooded,0,0,
unafraid,0,0,
nonfissile,0,0,
infelicity,0,0,
significant,1,1,
wholesomeness,1,1,
unhappily,0,0,
secure,1,1,
classified,1,1,
charitable,1,1,
possible,1,1,
unopposable,0,0,
plowed,1,1,
nonrepresentational,0,0,
likely,1,1,
unsworn,0,0,
disrespect,0,0,
unchaste,0,0,
impalpable,0,0,
dejected,0,0,
permeable,1,1,
unashamed,0,0,
rewarding,1,1,
revolutionary,1,1,
bibbed,1,1,
unseeded,0,0,
adorned,1,1,
unhurried,0,0,
disingenuous,0,0,
lined,1,1,
sincere,1,1,
aware,1,1,
catalectic,1,1,
elegant,1,1,
inconsolable,0,0,
indecorous,0,0,
unpardonable,0,0,
decisively,1,1,
visibility,1,1,
colorless,0,0,
unformed,0,0,
noncellular,0,0,
stalinize,1,1,
unconcern,0,0,
fitness,1,1,
mobile,1,1,
demobilization,1,0,act
inoffensive,0,0,
illogicalness,0,0,
incompetently,0,0,
unhelpful,0,0,
flowering,1,1,
inessentiality,0,0,
incurious,0,0,
unestablished,0,0,
illogical,0,0,
unbrainwashed,0,0,
technical,1,1,
holy,1,1,
legalise,1,1,
powerful,1,1,
digestible,1,1,
nonmodern,0,0,
chivalrously,1,1,
critical,1,1,
ungregarious,0,0,
untipped,0,0,
injured,1,1,
hospitableness,1,1,
palatability,1,1,
uncreativeness,0,0,
repetitive,1,1,
assemble,1,1,
irresponsible,0,0,
intractability,0,0,
accommodating,1,1,
unveil,1,0,act
trained,1,1,
wrinkled,1,1,
benevolence,1,1,
politic,1,1,
mindfulness,1,1,
sarcastic,1,1,
submersible,1,1,
manageable,1,1,
colored,1,1,
sufficiency,1,1,
personalize,1,1,
insolvent,0,0,
opportuneness,1,1,
untempered,0,0,
personal,1,1,
crucial,1,1,
formally,1,1,
unchangeable,0,0,
outfield,1,0,spa
inquiring,1,1,
prescription,1,1,
rimmed,1,1,
unfixed,0,0,
stability,1,1,
unregretful,0,0,
essentiality,1,1,
unmake,0,0,
nonarbitrary,0,0,
unworthy,0,0,
incredulous,0,0,
nontaxable,0,0,
moderation,1,1,
approve,1,1,
handless,0,0,
decreased,1,0,act
unrealistically,0,0,
dishonesty,0,0,
nonreversible,0,0,
development,1,1,
rhymed,1,1,
changed,1,1,
inexhaustible,0,0,
limbless,0,0,
expressively,1,1,
slippery,1,1,
reliable,1,1,
incoming,1,1,
undamaged,0,0,
bellyless,0,0,
increase,1,1,
unimproved,0,0,
union,1,1,
humanely,1,1,
unenforceable,0,0,
comfort,1,1,
steady,1,1,
consciously,1,1,
colonize,1,1,
unsanitariness,0,0,
impoliteness,0,0,
impalpability,0,0,
residential,1,1,
nonconductive,0,0,
unarmed,0,0,
invest,1,1,
equivocalness,1,1,
inhospitality,0,0,
unbridgeable,0,0,
insensible,0,0,
cultivated,1,1,
reverent,1,1,
turned,1,1,
healthfulness,1,1,
steadily,1,1,
lidded,1,1,
tangibility,1,1,
melodiously,1,1,
controversial,1,1,
disassembly,0,0,
incarnate,1,1,
regular,1,1,
enlightening,1,1,
military,1,1,
unbuckle,0,0,
undiversified,0,0,
unloving,0,0,
noxious,1,1,
seasonableness,1,1,
unfamiliar,0,0,
intolerable,0,0,
published,1,1,
unwrinkled,0,0,
indiscriminate,0,0,
disclaim,0,0,
unavailable,0,0,
demilitarise,0,0,
overhead,1,1,
unlabeled,0,0,
carelessness,0,0,
unambiguously,1,0,pos
tie,1,1,
uncompassionate,0,0,
unbreakableness,0,0,
joyfully,1,1,
intended,1,1,
permissibly,1,1,
vitalize,1,1,
inattention,0,0,
impatient,0,0,
impracticability,0,0,
uncongeniality,0,0,
unhurriedly,0,0,
unskillfulness,0,0,
decrease,0,0,
ordinariness,1,1,
sugarless,0,0,
unwelcome,0,0,
dissimilitude,0,0,
regulation_time,1,1,
insincerity,0,0,
undress,1,0,act
energize,1,1,
tied,1,1,
inefficient,0,0,
uninjectable,0,0,
unfairness,0,0,
agreement,1,1,
certify,1,1,
unblemished,0,0,
untheatrical,0,0,
purposeful,1,1,
current,1,1,
asymmetrically,0,0,
unambiguous,0,0,
attractively,1,1,
uncrystallized,0,0,
inaccessibility,0,0,
unwomanly,0,0,
artesian,1,1,
unreality,0,0,
woven,1,1,
completeness,1,1,
imperfectly,0,0,
uncomplainingly,0,0,
supported,1,1,
controversially,1,1,
segregate,1,1,
taxable,1,1,
honestly,1,1,
claim,1,1,
chromatic_color,1,1,
unarmored,0,0,
breathless,0,0,
loading,1,1,
changeable,1,1,
palpability,1,1,
disadvantage,0,0,
climactic,1,1,
unpopular,0,0,
reflective,1,1,
fissionable,1,1,
deductible,1,1,
inadmissible,0,0,
inorganically,0,0,
free,1,1,
unhealthful,0,0,
unneurotic,0,0,
untraceable,0,0,
disunion,0,0,
off-line,0,0,
unrighteously,0,0,
unrhymed,0,0,
unendowed,0,0,
rational,1,1,
crannied,1,1,
disapprove,0,0,
practicality,1,1,
congruity,1,1,
uninitiate,0,0,
wieldy,1,1,
incapableness,0,0,
undemocratic,0,0,
humorless,0,0,
incorrectness,0,0,
unfitness,0,0,
weightless,0,0,
unconvincingly,0,0,
inoffensively,1,0,pos
immovableness,0,0,
christian,1,1,
hypertonus,1,1,
sentient,1,1,
finite,1,1,
unpin,0,0,
healthful,1,1,
incommensurate,0,0,
properness,1,1,
unselfconsciously,0,0,
settled,1,1,
inheritable,1,1,
similitude,1,1,
pin,1,1,
satisfactoriness,1,1,
unreceptive,0,0,
veil,1,1,
well-defined,1,1,
certainty,1,1,
forgiving,1,1,
depersonalise,0,0,
elastic,1,1,
curability,1,1,
scentless,0,0,
desensitise,1,0,act
inexpediency,0,0,
partisan,1,1,
justifiably,1,1,
musically,1,1,
irreversible,0,0,
conclusive,1,1,
moderately,1,1,
unadaptable,0,0,
modesty,1,1,
instability,0,0,
inspan,1,1,
sincerely,1,1,
discontinue,0,0,
persuasion,1,1,
perceptibly,1,1,
unimportant,0,0,
classification,1,1,
non-dedicated_file_server,0,0,
unwariness,0,0,
unowned,0,0,
unconstipated,0,0,
uncontrolled,0,0,
unpropitiousness,0,0,
potted,1,1,
reasonably,1,1,
comparably,1,1,
outer,1,1,
invertebrate,0,0,
well-advised,1,1,
conditionally,1,1,
creative,1,1,
hierarchical,1,1,
unknown,0,0,
inactiveness,0,0,
unbalanced,0,0,
discalced,0,0,
harmfully,1,1,
incorrupt,0,0,
harmonic,1,1,
emotionality,1,1,
felicitous,1,1,
nonunion,0,0,
generous,1,1,
selfish,1,1,
loved,1,1,
faithfulness,1,1,
belted,1,1,
competently,1,1,
unappealing,0,0,
irreverent,0,0,
efflux,1,0,spa
unfocused,0,0,
employment,1,1,
unexciting,0,0,
beakless,0,0,
euphemism,1,1,
satisfactorily,1,1,
shared,1,1,
respect,1,1,
unmarried,0,0,
inharmonious,0,0,
uncrowded,0,0,
offense,1,1,
relatedness,1,1,
expedience,1,1,
morality,1,1,
unthoughtfulness,0,0,
disassortative_mating,0,0,
consciousness,1,1,
unimpressively,0,0,
corrigible,1,1,
excitingly,1,1,
legitimately,1,1,
preventable,1,1,
irrational,0,0,
destabilize,0,0,
afraid,1,1,
disinfect,0,0,
depress,1,0,act
pretentiousness,1,1,
incompleteness,0,0,
anovulation,0,0,
luckily,1,1,
thermal,1,1,
inflationary_spiral,1,1,
movableness,1,1,
unsilenced,0,0,
hypotonus,1,0,amb
achromatic,0,0,
contraindicate,0,0,
distinctness,1,1,
vascular,1,1,
dematerialize,0,0,
mercifulness,1,1,
repentant,1,1,
immotility,0,0,
combined,1,1,
carry_to_term,1,1,
conjunct,1,1,
improvidence,0,0,
inaccurate,0,0,
resident,1,1,
decorum,1,1,
tactlessly,0,0,
indefinite,0,0,
imponderable,0,0,
ascending,1,1,
unpunctual,0,0,
wind,1,1,
uncastrated,0,0,
nonretractile,0,0,
unprotected,0,0,
overstatement,1,1,
incivility,0,0,
malicious,1,1,
distrust,0,0,
unmalted,0,0,
approachability,1,1,
harmful,1,1,
uncarpeted,0,0,
unseaworthy,0,0,
questionable,1,1,
calcify,1,1,
swept,1,1,
possibly,1,1,
compatibility,1,1,
inequality,0,0,
upstairs,1,1,
explicitness,1,1,
useful,1,1,
sized,1,1,
disloyalty,0,0,
unconcealed,0,0,
horned,1,1,
consideration,1,1,
returnable,1,1,
datable,1,1,
function,1,1,
rigged,1,1,
impressionable,1,1,
immaturely,0,0,
fernless,0,0,
fruitfully,1,1,
denationalization,0,0,
worth,1,1,
inconvertible,0,0,
nonfictional,0,0,
heedfulness,1,1,
uncharitable,0,0,
insolubility,0,0,
untrustworthy,0,0,
noncombustible,0,0,
unremarkably,0,0,
nontranslational,0,0,
cheerlessly,0,0,
unrelated,0,0,
ponderable,1,1,
visible,1,1,
assimilate,1,1,
propriety,1,1,
unify,1,1,
hesitantly,1,1,
unagitated,0,0,
inhibited,0,1,spa
unshelled,0,0,
astomatous,0,0,
sensitively,1,1,
expediency,1,1,
extricable,1,1,
uncritically,1,0,gen
logical,1,1,
bicameral,1,1,
approval,1,1,
sincerity,1,1,
unneighborliness,0,0,
unaccompanied,0,0,
ashamedly,1,1,
appreciate,1,1,
respectability,1,1,
unshrinkable,0,0,
unconfined,0,0,
citizen,1,1,
unproductive,0,0,
nonobservance,0,0,
payment,1,1,
playable,1,1,
comprehensively,1,1,
nontoxic,0,0,
normal,1,1,
interestingly,1,1,
displease,0,0,
inadvertently,0,0,
myelinated,1,1,
impartial,0,0,
impersonally,0,0,
immortal,0,0,
unmelodiously,0,0,
complimentary,1,1,
inaccessible,0,0,
unmindfully,0,0,
unenthusiastically,0,0,
unawakened,0,0,
insolvency,0,0,
unpropitious,0,0,
independent,0,0,
indistinctness,0,0,
unaware,0,0,
inaesthetic,0,0,
balanced,1,1,
unimpaired,0,0,
implicit,1,0,spa
leaded,1,1,
unpunished,0,0,
block,1,1,
impracticality,0,0,
deflation,1,0,act
lidless,0,0,
gloved,1,1,
unguiculate,1,0,rar
make,1,1,
legged,1,1,
auspiciously,1,1,
asyndetic,1,0,rar
unserviceable,0,0,
derequisition,0,0,
propitious,1,1,
inconsistent,0,0,
promote,1,1,
fissile,1,1,
inanimate,0,0,
undock,0,0,
awakened,1,1,
disarrange,0,0,
stemless,0,0,
parented,1,1,
impracticableness,0,0,
disagree,0,0,
helpfully,1,1,
malignant,1,0,amb
unknowingly,0,0,
unfeathered,0,0,
clothed,1,1,
incognizance,0,0,
continue,1,1,
derestrict,0,0,
inefficacy,0,0,
encouragingly,1,1,
unpack,0,0,
unbroken,0,0,
carpeted,1,1,
unconsciously,0,0,
unfaithfulness,0,0,
likeness,1,1,
marked,1,1,
awnless,0,0,
shapely,1,1,
responsiveness,1,1,
uninvolved,0,0,
gratitude,1,1,
authorized,1,1,
hopelessly,0,0,
irrationally,0,0,
supernatural,1,0,noi
flexibly,1,1,
invigorating,1,1,
coordination,1,1,
clog,1,1,
unassertively,0,0,
de-energise,0,0,
unshaven,0,0,
tactful,1,1,
unbalance,0,0,
uninhibited,0,0,
organically,1,1,
insensitivity,0,0,
insensitively,0,0,
untruthfulness,0,0,
respectable,1,1,
hipped,1,1,
existence,1,1,
passable,1,1,
ineligibility,0,0,
salable,1,1,
unsent,0,0,
euphoric,1,1,
colourless,0,0,
undeservedly,0,0,
immutability,0,0,
caulked,1,1,
womanly,1,1,
synchronization,1,1,
catalyst,1,1,
infamy,1,0,gen
efficient,1,1,
tearful,1,1,
sanity,1,1,
unplayful,0,0,
legality,1,1,
unimportance,0,0,
discreetly,1,1,
utility,1,1,
unmanly,0,0,
consequentially,1,1,
labeled,1,1,
instructively,1,1,
experience,1,1,
guided,1,1,
interesting,1,1,
consistency,1,1,
ambiguous,1,1,
spatial,1,1,
indiscreet,0,0,
ipsilateral,1,1,
antiseptic,1,0,amb
ineffective,0,0,
nonintellectual,0,0,
anisotropic,1,0,amb
asynchronism,1,0,gen
disintegrative,0,0,
aligned,1,1,
dissimilate,0,0,
unexcited,0,0,
powerless,0,0,
crowded,1,1,
invertible,0,1,gen
illogically,0,0,
noticed,1,1,
unconnectedness,0,0,
involuntarily,0,0,
decorously,1,1,
considerate,1,1,
uncolored,0,0,
untie,0,0,
inner,1,0,spa
rifled,1,1,
oxidise,1,1,
colorlessness,0,0,
palatably,1,1,
excusably,1,1,
breastless,0,0,
unapologetic,0,0,
ebracteate,0,0,
comfortably,1,1,
pregnant,1,1,
reciprocal,1,1,
fictional,1,1,
bloody,1,1,
branchiate,1,1,
non-proliferation,0,0,
unpalatable,0,0,
convincing,1,1,
unfinished,0,0,
indispose,0,0,
outward,1,0,spa
being,1,1,
branded,1,1,
linear,1,1,
unfunded,0,0,
listed_security,1,1,
unloved,0,0,
ununderstood,0,0,
nonfissionable,0,0,
characteristic,1,1,
considerable,1,1,
unconditionally,1,0,pos
anticatalyst,0,0,
bony,1,1,
addictive,1,1,
courteously,1,1,
disinflation,0,0,
licitly,1,1,
decrescendo,1,0,gen
descending,1,0,act
inappropriateness,0,0,
believe,1,1,
noncolumned,0,0,
burdened,1,1,
denazify,0,0,
loyalty,1,1,
provocative,1,1,
timbered,1,1,
webbed,1,1,
involuntary,0,0,
possibility,1,1,
incredibility,0,0,
chromatic,1,1,
outgo,1,0,spa
enclosed,1,1,
in-basket,1,1,
associative,1,1,
immoderately,0,0,
unstrap,0,0,
unsheathe,1,0,act
unintelligibility,0,0,
evenly,1,1,
thoughtfulness,1,1,
modest,1,1,
nationalization,1,1,
correctness,1,1,
deflationary_spiral,1,0,act
ingenuous,1,1,
unseasoned,0,0,
unbaptized,0,0,
nitrify,1,1,
incoherent,0,0,
improbable,0,0,
unquotable,0,0,
insincere,0,0,
inexpedient,0,0,
couple,1,1,
legible,1,1,
strain,1,1,
export,1,1,
unconvinced,0,0,
inflexibly,0,0,
righteousness,1,1,
competitive,1,1,
painfully,1,1,
malevolently,1,0,gen
disagreeably,0,0,
unscrupulous,0,0,
weave,1,1,
aesthetic,1,1,
demystify,0,0,
misfortune,0,0,
unromantically,0,0,
propitiousness,1,1,
attendance,1,1,
conductor,1,1,
listed,1,1,
glazed,1,1,
skilled,1,1,
disappearance,1,0,gen
monotonic,1,1,
uncombined,0,0,
developed,1,1,
atonal,0,0,
democratic,1,1,
linguistic,1,1,
undependably,0,0,
unpredictable,0,0,
unsystematic,0,0,
improved,1,1,
relevance,1,1,
unbend,0,0,
insurmountable,0,0,
admissibility,1,1,
regulate,1,1,
finitely,1,1,
unwieldy,0,0,
unfurrowed,0,0,
noninfectious,0,0,
continuance,1,1,
unavenged,0,0,
derived,1,1,
substantiality,1,1,
incurability,0,0,
contralateral,0,0,
mown,1,1,
unclip,0,0,
unicameral,1,0,amb
burden,1,1,
inconsistency,0,0,
node,1,1,
decriminalise,1,0,pos
perceptive,1,1,
associate,1,1,
undeclared,0,0,
artlessness,0,0,
unintentionally,0,0,
nonradioactive,0,0,
stimulating,1,1,
repeatable,1,1,
avascular,0,0,
unhappy,0,0,
opportunely,1,1,
unstaged,0,0,
indistinguishable,0,0,
geared,1,1,
unperceptive,0,0,
undeveloped,0,0,
discontinuation,0,0,
cautious,1,1,
restricted,1,1,
disjoin,0,0,
overestimate,1,1,
dishonor,0,0,
uncousinly,0,0,
intellectual,1,1,
reticulate,1,1,
seaworthy,1,1,
disingenuousness,0,0,
inhospitableness,0,0,
unclean,0,0,
desynchronise,0,0,
join,1,1,
decompress,0,0,
impervious,0,0,
inexpediently,0,0,
knot,1,1,
used,1,1,
materialize,1,1,
ineloquently,1,0,gen
nonporous,0,0,
nonmetamorphic,0,0,
syncategoreme,1,0,rar
decentralise,0,0,
disable,0,0,
exploratory,1,1,
unproductively,0,0,
sympathetic,1,1,
absorbent,1,1,
insignificance,0,0,
earned,1,1,
unshapely,0,0,
ineradicable,0,0,
happy,1,1,
invalidate,0,0,
pointedness,1,1,
unpeaceful,0,0,
debilitating,1,0,act
noncomprehensively,0,0,
corrupt,1,1,
harness,1,1,
inflexibility,0,0,
soleless,0,0,
disassemble,0,0,
experienced,1,1,
unmined,0,0,
surprised,1,1,
unrighteous,0,0,
maleficence,1,0,gen
unreactive,0,0,
disincentive,0,0,
incorruptness,0,0,
reactive,1,1,
inconvenient,0,0,
effectively,1,1,
self-consciousness,1,1,
tastefully,1,1,
unselfishly,1,0,pos
availability,1,1,
selected,1,1,
hairiness,1,1,
undue,0,0,
superiority,1,1,
aplacental,0,0,
abactinal,1,0,gen
planted,1,1,
inconsiderately,0,0,
unmodifiable,0,0,
honest,1,1,
formality,1,1,
official,1,1,
twist,1,1,
uncomfortable,0,0,
unpublishable,0,0,
atypicality,0,0,
irrelevance,0,0,
fruitlessly,0,0,
holiness,1,1,
errancy,1,1,
privileged,1,1,
unalterable,0,0,
happily,1,1,
humorlessly,0,0,
nonattendance,0,0,
unlined,0,0,
ionized,1,1,
indestructibility,0,0,
frequent,1,1,
inelasticity,0,0,
beneficent,1,1,
nonreflective,0,0,
disinclination,0,0,
disservice,0,0,
musical,1,1,
incorrectly,0,0,
good-natured,1,1,
untidy,0,0,
handled,1,1,
transitivity,1,1,
legitimate,1,1,
uselessly,0,0,
deodourise,1,0,gen
inefficaciously,0,0,
armless,0,0,
capable,1,1,
impotence,0,0,
gracious,1,1,
convertibility,1,1,
overtime,1,0,spa
tuneful,1,1,
processed,1,1,
unwillingness,0,0,
believably,1,1,
modestly,1,1,
reconstructed,1,1,
activate,1,1,
artful,1,1,
unloading,1,0,gen
nondriver,0,0,
ungrammatically,0,0,
inconsiderable,0,0,
scientific,1,1,
uncork,0,0,
attributable,1,1,
maleficent,1,0,gen
disadvantageous,0,0,
placable,1,1,
bodied,1,1,
sure,1,1,
attachable,1,1,
unsheared,0,0,
periodic,1,1,
unwarily,0,0,
encouraging,1,1,
tanned,1,1,
unashamedly,0,0,
infinitely,1,0,gen
deniable,0,1,act
unrelatedness,0,0,
continent,1,1,
fruitfulness,1,1,
unintelligible,0,0,
unappealingly,0,0,
unburied,0,0,
dissonance,0,0,
unblended,0,0,
ungracefully,0,0,
untapped,0,0,
illegitimacy,0,0,
embarkation,1,1,
passerine,1,1,
unoccupied,0,0,
systematic,1,1,
mindful,1,1,
insane,0,0,
contestable,1,1,
proportionately,1,1,
prepared,1,1,
disinherit,0,0,
embark,1,1,
disappear,0,0,
nonindulgent,0,0,
employable,1,1,
pleased,1,1,
solubility,1,1,
unmotorized,0,0,
merciless,0,0,
manageably,1,1,
refined,1,1,
substantial,1,1,
unfavorableness,0,0,
decent,1,1,
detach,1,0,act
unattached,0,0,
undramatically,0,0,
judgmental,1,1,
uncontroversial,0,0,
fairly,1,1,
reversible,1,1,
irresoluteness,0,0,
downstairs,1,0,spa
toneless,0,0,
convergent,1,1,
critically,1,1,
inconveniently,0,0,
intemperance,0,0,
politeness,1,1,
gusseted,1,1,
unsettled,0,0,
inequitable,0,0,
unfaithfully,0,0,
overspend,1,1,
implacable,0,0,
inexplicable,0,0,
joyless,0,0,
unrenewable,0,0,
please,1,1,
insincerely,0,0,
unfurl,1,0,rar
bedded,1,1,
lossy,1,1,
divisible,1,1,
clearness,1,1,
dishonorably,0,0,
anestrous,1,0,rar
denationalize,0,0,
mutableness,1,1,
nonechoic,0,0,
precedented,1,1,
prudent,1,1,
dislodge,0,0,
impersonal,0,0,
asexual,0,0,
nonabsorbent,0,0,
acceptability,1,1,
ungroomed,0,0,
surgical,1,1,
active,1,1,
sensitizing,1,1,
tidy,1,1,
encourage,1,1,
significantly,1,1,
actable,1,1,
decelerate,0,0,
determined,1,1,
fragrant,1,1,
accessible,1,1,
discordant,0,0,
harmlessly,0,0,
uncoiled,0,0,
unoiled,0,0,
nonsteroidal,0,0,
flattering,1,1,
unsatisfactoriness,0,0,
abridged,1,1,
favorableness,1,1,
decentralize,0,0,
fatal,1,1,
nonbeing,0,0,
pardonable,1,1,
nonspeaking,0,0,
unlisted_security,0,0,
weaned,1,1,
undemonstrative,0,0,
honesty,1,1,
uncontaminated,0,0,
demagnetize,0,0,
behave,1,1,
undemocratically,0,0,
demythologize,0,0,
unwrap,0,0,
finiteness,1,1,
nonsyllabic,0,0,
disorienting,0,0,
unrepentant,0,0,
unsexy,0,0,
breakableness,1,1,
unwritten,0,0,
useless,0,0,
regularity,1,1,
energise,1,1,
dishonorable,0,0,
nonslippery,0,0,
resolute,1,1,
unappetizing,0,0,
decentralized,0,0,
decentralization,0,0,
contaminated,1,1,
movability,1,1,
sexual,1,1,
suitableness,1,1,
ungraciously,0,0,
trust,1,1,
desecrate,1,0,act
obediently,1,1,
proportion,1,1,
explicable,1,1,
uncivil,0,0,
necked,1,1,
limited,1,1,
disenchanted,0,0,
unfueled,0,0,
downwardly,1,0,spa
irresponsibility,0,0,
composure,1,1,
framed,1,1,
heedless,0,0,
normotensive,1,1,
caulescent,1,1,
moneyless,0,0,
erect,1,1,
married,1,1,
compress,1,1,
direct,1,1,
complainingly,1,1,
sealed,1,1,
unstuff,0,0,
tastelessness,0,0,
unabridged,0,0,
convergency,1,1,
comfortable,1,1,
excommunicate,1,0,amb
inaccuracy,0,0,
indehiscent,0,0,
unpalatably,0,0,
invalid,0,0,
unrentable,0,0,
gutsiness,1,1,
diverge,1,0,act
reportable,1,1,
incompressible,0,0,
nonrigid,0,0,
nondevelopment,0,0,
distinguishable,1,1,
unenforced,0,0,
immodest,0,0,
intelligibility,1,1,
obtrusiveness,1,1,
uninteresting,0,0,
admissible,1,1,
inexplicitness,0,0,
good_fortune,1,1,
conveniently,1,1,
noncrucial,0,0,
opposed,1,1,
intractable,0,0,
integrated,1,1,
seasonable,1,1,
inadequate,0,0,
defeasible,0,1,gen
dependably,1,1,
declassify,0,0,
unretentive,0,0,
arboreal,1,1,
inflexible,0,0,
deglycerolize,1,0,gen
permanence,1,1,
clockwise,1,1,
obstructed,1,1,
analphabetic,0,0,
maturely,1,1,
uncorrected,0,0,
comprehensibility,1,1,
unconscientious,0,0,
rationally,1,1,
unreasonable,0,0,
uncultivated,0,0,
exactly,1,1,
assertive,1,1,
consecrated,1,1,
indispensable,0,0,
dissuasive,0,0,
antinode,0,0,
inhospitable,0,0,
unprovocative,0,0,
outgoing,1,0,spa
asymmetry,0,0,
incongruousness,0,0,
inclement,0,0,
conformist,1,1,
uncombed,0,0,
magnetic,1,1,
deservedly,1,1,
unfold,1,0,gen
unostentatious,0,0,
merciful,1,1,
unproductiveness,0,0,
uninjured,0,0,
evenness,1,1,
materialise,1,1,
temperate,1,1,
made,1,1,
stableness,1,1,
unvaried,0,0,
indecisiveness,0,0,
underexpose,1,0,spa
underestimate,1,0,spa
satiate,1,1,
illegitimately,0,0,
concealed,1,1,
nonjudgmental,0,0,
successfully,1,1,
ionate,1,1,
unexcitable,0,0,
unfurnished,0,0,
accordant,1,1,
immorality,0,0,
modern,1,1,
de-ionate,0,0,
inboard,1,1,
pointed,1,1,
incaution,0,0,
meaty,1,1,
hearten,1,1,
worthiness,1,1,
unshuttered,0,0,
uninhabited,0,0,
unprophetic,0,0,
liberality,1,1,
unexpected,0,0,
brainwashed,1,1,
disunify,0,0,
enable,1,1,
carefulness,1,1,
ventilated,1,1,
non-invertible,0,0,
woody,1,1,
reconcilable,1,1,
reverence,1,1,
hypotonic,1,0,amb
efficiently,1,1,
stuff,1,1,
improper,0,0,
unpaved,0,0,
unsuitableness,0,0,
solvency,1,1,
gnostic,1,1,
stabilize,1,1,
ambiguously,1,1,
inopportuneness,0,0,
unsolved,0,0,
unscheduled,0,0,
unsympathetic,0,0,
fasten,1,1,
indulgent,1,1,
unbound,0,0,
knowable,1,1,
imprudent,0,0,
criminalization,1,1,
irreversibility,0,0,
constitutional,1,1,
numerate,1,1,
subjacent,1,0,spa
lossless,0,0,
securely,1,1,
impure,0,0,
indirectness,0,0,
unpackaged,0,0,
ambitiously,1,1,
operable,1,1,
inconvenience,0,0,
unassisted,0,0,
persuasiveness,1,1,
unquiet,0,0,
unencumbered,0,0,
undimmed,0,0,
popular,1,1,
armed,1,1,
actinal,1,1,
discourtesy,0,0,
odourise,1,1,
blemished,1,1,
ungeared,0,0,
veiled,1,1,
toned,1,1,
disposable,1,1,
unerect,0,0,
unopposed,0,0,
like,1,1,
unsoundness,0,0,
nationalise,1,1,
nonprehensile,0,0,
implausibility,0,0,
surprising,1,1,
productiveness,1,1,
deductive,1,0,act
adoptable,1,1,
disjunct,0,0,
diluted,1,1,
bound,1,1,
overact,1,1,
disapproval,0,0,
humane,1,1,
uninterestingly,0,0,
desegregate,0,0,
unprepared,0,0,
reliableness,1,1,
punctureless,0,0,
disreputable,0,0,
color,1,1,
unsatisfactory,0,0,
uncrossed,0,0,
unenthusiastic,0,0,
imperishable,0,0,
irreligious,0,0,
biodegradable_pollution,1,1,
happiness,1,1,
intelligible,1,1,
practicableness,1,1,
insentient,0,0,
acarpelous,0,0,
representational,1,1,
unweave,0,0,
lawful,1,1,
approachable,1,1,
grammatically,1,1,
permissibility,1,1,
box,1,1,
unmuzzle,0,0,
hypotensive,1,0,amb
maladroit,0,0,
bimodal,1,1,
hypotonicity,1,0,amb
uncertified,0,0,
incomprehensible,0,0,
effortless,0,0,
asynchronous,0,0,
unconsciousness,0,0,
melodious,1,1,
illiterate,0,0,
usualness,1,1,
unprejudiced,0,0,
effectually,1,1,
superior,1,1,
unenlightening,0,0,
roofless,0,0,
mature,1,1,
probable,1,1,
livable,1,1,
instructive,1,1,
off-site,1,1,
infelicitously,0,0,
perviousness,1,1,
insignificantly,1,0,gen
angry,1,1,
pack,1,1,
unreliability,0,0,
conductive,1,1,
plausible,1,1,
avirulent,0,0,
mated,1,1,
exculpatory,1,1,
moneyed,1,1,
unportable,0,0,
providence,1,1,
noticeable,1,1,
jawless,0,0,
inalienable,1,0,gen
disrespectfully,0,0,
unpleasantly,0,0,
untwist,0,0,
inflate,1,1,
uneducated,0,0,
distributed,1,0,act
presidential,1,1,
attention,1,1,
attractive,1,1,
subartesian,1,0,spa
concern,1,1,
unfashionably,0,0,
significance,1,1,
successful,1,1,
expected,1,1,
unconstitutionally,0,0,
irreverence,0,0,
castrated,1,1,
unseal,0,0,
impenetrability,0,0,
iodinate,1,1,
import,1,0,amb
nonterritorial,0,0,
planned,1,1,
unpropitiously,0,0,
likelihood,1,1,
uninformative,0,0,
demilitarize,0,0,
insecurity,0,0,
soluble,1,1,
flowerless,0,0,
dependable,1,1,
indiscreetly,0,0,
unbordered,0,0,
barreled,1,1,
unsportingly,0,0,
noncyclic,0,0,
tonal,1,1,
impossibly,0,0,
resistible,1,1,
unconnected,0,0,
undescriptive,0,0,
legitimacy,1,1,
immature,0,0,
intestate,0,0,
distrustfully,0,0,
corruptibility,1,1,
stomatous,1,1,
unmodified,0,0,
adhesive,1,1,
unjust,0,0,
unclear,0,0,
discriminate,1,1,
consistent,1,1,
wittingly,1,1,
unrigged,0,0,
dislike,0,0,
conscientious,1,1,
consistently,1,1,
hatted,1,1,
unmoving,0,0,
nonarbitrable,0,0,
trustworthiness,1,1,
caution,1,1,
unairworthy,0,0,
sanely,1,1,
compassionate,1,1,
lawfulness,1,1,
insubordination,0,0,
controlled,1,1,
heedlessness,0,0,
constipated,1,1,
echoic,1,1,
kindness,1,1,
particulate,1,1,
unlikelihood,0,0,
unsized,0,0,
breakable,1,1,
unworldly,0,0,
meatless,0,0,
enlist,1,1,
ingenuousness,1,1,
extended,1,1,
disequilibrium,0,0,
nonadhesive,0,0,
achromatic_color,0,0,
nonrepresentative,0,0,
unsavory,0,0,
nonabsorbency,0,0,
unplanned,0,0,
unventilated,0,0,
insecureness,0,0,
disrespectful,0,0,
unemotional,0,0,
real,1,1,
grateful,1,1,
weedy,1,1,
nationalize,1,1,
nonsuppurative,0,0,
cyclic,1,1,
unknowable,0,0,
spherical,1,1,
discontent,0,0,
removable,1,1,
applicability,1,1,
emotional_person,1,1,
unintelligibly,0,0,
inclination,1,1,
licit,1,1,
unrecoverable,0,0,
bordered,1,1,
include,1,1,
unsound,0,0,
incommutable,0,0,
inopportunely,0,0,
unresponsiveness,0,0,
irresponsibleness,0,0,
judiciousness,1,1,
untruthfully,0,0,
unstrain,0,0,
topped,1,1,
regulated,1,1,
illiteracy,0,0,
educated,1,1,
likeliness,1,1,
painlessly,1,0,pos
upwards,1,1,
faceted,1,1,
spell,1,1,
grudgingly,1,1,
dress,1,1,
impermanence,0,0,
mediate,1,1,
conventional,1,1,
imprudently,1,0,gen
regretful,1,1,
incapability,0,0,
boneless,0,0,
unimpressionable,0,0,
unsuitably,0,0,
disincarnate,0,0,
obey,1,1,
bequeath,1,1,
indicate,1,1,
incapacity,0,0,
singular_matrix,1,1,
unpretentiousness,0,0,
competent,1,1,
unlikely,0,0,
decertify,0,0,
unexcitingly,0,0,
unwittingly,0,0,
distinct,1,1,
timeliness,1,1,
discomposed,0,0,
bearing,1,1,
unrestricted,0,0,
detected,1,1,
unbolt,0,0,
roofed,1,1,
exciting,1,1,
lipless,0,0,
unwoven,0,0,
unmusical,0,0,
sectarian,1,1,
compartmented,1,1,
paid,1,1,
nonspatial,0,0,
overstock,1,1,
strap,1,1,
dissuasion,0,0,
categoreme,1,1,
painted,1,1,
irreplaceable,0,0,
unnecessary,0,0,
fruitlessness,0,0,
loaded,1,1,
nonmechanical,0,0,
recognizably,1,1,
pointless,0,0,
insanely,1,0,gen
monetization,1,1,
ethically,1,1,
unpatriotically,0,0,
tramontane,1,0,rar
tribalisation,1,1,
arrange,1,1,
immoderate,0,0,
disarmament,1,0,act
equivocal,1,1,
gracefully,1,1,
unattractiveness,0,0,
conformism,1,1,
satisfactory,1,1,
clasp,1,1,
sociable,1,1,
orad,1,1,
prehensile,1,1,
penetrable,1,1,
nonextensile,0,0,
inexpensiveness,0,0,
alike,1,1,
congruent,1,1,
unsecured_bond,0,0,
motionlessness,0,0,
ungrammatical,0,0,
unfathomable,0,0,
elate,1,1,
branchless,0,0,
immigrate,1,0,amb
functional,1,1,
restrict,1,1,
seedy,1,1,
willing,1,1,
carved,1,1,
unmerited,0,0,
disadvantageously,0,0,
nonconformism,0,0,
thoughtless,0,0,
disembarkation,0,0,
unsupervised,0,0,
unpolished,0,0,
unrepeatable,0,0,
nonprofessional,0,0,
civilized,1,1,
bar,1,1,
reasonable,1,1,
unfasten,0,0,
utopia,1,1,
illicitly,1,0,gen
unseasonably,0,0,
humanize,1,1,
unglazed,0,0,
tolerant,1,1,
classify,1,1,
mismatched,0,0,
infrequent,0,0,
traveled,1,1,
alcoholic,1,1,
unceremoniousness,0,0,
nonaddictive,0,0,
destalinize,0,0,
illicitness,1,0,gen
tribalization,1,1,
de-iodinating,0,0,
tempered,1,1,
informative,1,1,
unpretentiously,0,0,
clip,1,1,
convertible,1,1,
unpretentious,0,0,
dispose,1,1,
non-market_economy,0,0,
edible,1,1,
assigned,1,1,
injectable,1,1,
underact,1,0,spa
thoughtlessly,0,0,
nonassociative,0,0,
dissent,0,0,
unacceptability,0,0,
addressed,1,1,
imaginatively,1,1,
vertebrate,1,1,
moonlit,1,1,
uneager,0,0,
varied,1,1,
hygienically,1,1,
wheelless,0,0,
transitively,1,1,
righteous,1,1,
domestic,1,1,
impreciseness,0,0,
arranged,1,1,
illegality,0,0,
synchronize,1,1,
outlaw,1,0,spa
unprecedented,0,0,
nonreciprocal,0,0,
unsensational,0,0,
inexact,0,0,
indecisively,0,0,
virulent,1,1,
enfranchised,1,1,
insanity,1,0,gen
aborad,1,0,rar
denaturalize,0,0,
unimaginatively,0,0,
expectedness,1,1,
unmated,0,0,
neurotic,1,1,
civility,1,1,
nonparticipation,0,0,
undershoot,1,0,spa
mortal,1,1,
feasibility,1,1,
unacceptably,0,0,
pressurise,1,1,
permissive,1,1,
legibly,1,1,
carelessly,1,0,gen
witting,1,1,
indecorously,1,0,gen
undramatic,0,0,
unscalable,0,0,
hypertonicity,1,1,
disfluency,0,0,
buttoned,1,1,
nonfunctional,0,0,
fastened,1,1,
perfectly,1,1,
downgrade,1,0,spa
security,1,1,
legibility,1,1,
unpowered,0,0,
ill-advised,0,0,
informed,1,1,
aboral,1,0,rar
hypervolemia,1,1,
stressed,1,1,
scramble,1,1,
hospitality,1,1,
hypotonia,1,0,amb
destructible,1,1,
undesirable,0,0,
uncommonness,0,0,
self-consciously,1,1,
unlucky,0,0,
unoriginal,0,0,
certain,1,1,
nontraditional,0,0,
insured,1,1,
organise,1,1,
graciously,1,1,
directly,1,1,
unclasp,0,0,
illegibly,0,0,
ineffectively,0,0,
inarticulately,0,0,
irremediable,0,0,
de-escalate,0,0,
servile,1,1,
aunt,1,1,
born,1,1,
nonsingular_matrix,0,0,
informal,0,0,
volatile_storage,1,1,
unwebbed,0,0,
branchy,1,1,
activeness,1,1,
salubrity,1,1,
unexpendable,0,0,
atonality,0,0,
unlisted,0,0,
decolonize,0,0,
dissatisfy,0,0,
incompatibly,0,0,
affixed,1,1,
unsociably,0,0,
uncleanliness,0,0,
mortality,1,1,
unstratified,0,0,
placental,1,1,
paranormal,0,0,
compatible,1,1,
coherent,1,1,
malted,1,1,
judiciously,1,1,
unconditional,0,0,
oblige,1,1,
solvability,1,1,
loving,1,1,
unstressed,0,0,
unholy,0,0,
commutable,1,1,
unironed,0,0,
uncreative,0,0,
disassociation,0,0,
unfavorable,0,0,
unluckily,0,0,
insubstantiality,0,0,
communicativeness,1,1,
cismontane,1,1,
inefficiency,0,0,
sensitiveness,1,1,
alignment,1,1,
centralise,1,1,
unstaple,0,0,
dystopian,0,0,
specialized,1,1,
anticholinergic,1,0,amb
obedient,1,1,
differentiated,1,1,
comprehensive,1,1,
discomposure,0,0,
changeableness,1,1,
unscholarly,0,0,
unobtrusive,0,0,
explosive,1,1,
justice,1,1,
unbelief,0,0,
officially,1,1,
unidentifiable,0,0,
illogicality,0,0,
informally,1,0,gen
digestibility,1,1,
unfashionable,0,0,
unlaureled,0,0,
secureness,1,1,
buckle,1,1,
signed,1,1,
unmotivated,0,0,
unclassified,0,0,
illegible,0,0,
unanimated,0,0,
adsorbent,1,1,
hyperkalemia,1,1,
nonintegrated,0,0,
credulous,1,1,
dysgenics,0,0,
curableness,1,1,
hypertensive,1,0,noi
unassigned,0,0,
unfilled,0,0,
selfishly,1,1,
undatable,0,0,
carpellate,1,1,
inpatient,1,1,
premeditated,1,1,
incautious,0,0,
exclude,0,0,
unsalable,0,0,
converge,1,1,
social,1,1,
importance,1,1,
misconception,0,0,
depressurise,1,0,act
impaired,0,1,act
unattractive,0,0,
roll_up,1,1,
sentience,1,1,
inexactly,0,0,
mistrust,0,0,
eugenics,1,1,
coiled,1,1,
uncensored,0,0,
improbability,0,0,
passionless,0,0,
nonmigratory,0,0,
troubled,1,1,
constructive,1,1,
perceptibility,1,1,
communicate,1,1,
immediacy,1,0,pos
nonnative,0,0,
corporeality,1,1,
hyperthermia,1,1,
uncarved,0,0,
worker,1,1,
disinclined,0,0,
packaged,1,1,
unsuccessful,0,0,
inductive,1,1,
unfastidious,0,0,
unoriented,0,0,
impressively,1,1,
measurably,1,1,
impractical,0,0,
offside,1,0,spa
salinate,1,1,
inessential,0,0,
nonsurgical,0,0,
injudiciousness,0,0,
unemotionality,0,0,
occupied,1,1,
underbid,1,0,spa
unintrusive,0,0,
retractile,1,1,
demote,1,0,act
efficacious,1,1,
discipline,1,1,
appropriateness,1,1,
acceleration,1,1,
tearless,0,0,
upgrade,1,1,
infield,1,1,
incomplete,0,0,
pious,1,1,
nonlinguistic,0,0,
stained,1,1,
intolerantly,0,0,
nonruminant,0,0,
righteously,1,1,
unchartered,0,0,
leavened,1,1,
unperplexed,0,0,
efficiency,1,1,
melted,1,1,
satisfy,1,1,
gregarious,1,1,
powerlessness,0,0,
convenience,1,1,
unwary,0,0,
estrous,1,1,
unhappiness,0,0,
neighborliness,1,1,
dehumidify,0,0,
disarranged,0,0,
pressurize,1,1,
undiscerning,0,0,
tucked,1,1,
typical,1,1,
hydrous,1,1,
uncover,0,0,
unaffected,0,0,
unvariedness,0,0,
interference,1,1,
drinkable,1,1,
unmown,0,0,
unmarked,0,0,
inelastic,0,0,
discourage,0,0,
unsteadily,0,0,
equity,1,1,
noncompetitively,0,0,
prudence,1,1,
furnished,1,1,
centralized,1,1,
unedifying,0,0,
innocuous,0,0,
calculable,1,1,
sheared,1,1,
motivated,1,1,
modulated,1,1,
drained,1,1,
religious,1,1,
expendable,1,1,
disorient,0,0,
dissatisfaction,0,0,
reality,1,1,
undocumented,0,0,
incredibly,1,0,pos
profitably,1,1,
unbanded,0,0,
content,1,1,
stigmatism,1,1,
effervescent,1,1,
nonsignificant,0,0,
outpatient,1,0,spa
discontinuance,0,0,
unfamiliarity,0,0,
charged,1,1,
talented,1,1,
concealing,1,1,
appreciation,1,1,
susceptibility,1,1,
institutional,1,1,
invisible,0,0,
unprofitably,0,0,
ill-natured,0,0,
groomed,1,1,
deconcentrate,0,0,
bolt,1,1,
curable,1,1,
emotional,1,1,
counterrevolutionary,0,0,
accurately,1,1,
stratified,1,1,
addicted,1,1,
patient,1,1,
adducent,1,1,
unintended,0,0,
sufficiently,1,1,
grassless,0,0,
coil,1,1,
sent,1,1,
destructiveness,1,0,act
consecrate,1,1,
undependability,0,0,
aggressive,1,1,
styleless,0,0,
untimbered,0,0,
unharness,0,0,
alienable,1,1,
encode,1,1,
unauthorized,0,0,
unwitting,0,0,
pure,1,1,
de-iodinate,0,0,
internally,1,0,amb
deactivation,0,0,
partial,1,1,
diabatic,1,1,
toothless,0,0,
nonoperational,0,0,
cover,1,1,
apetalous,0,0,
discouragement,0,0,
dramatically,1,1,
unlawfulness,0,0,
underived,0,0,
soundness,1,1,
indispensableness,1,0,pos
audibly,1,1,
unselfconsciousness,0,0,
shaven,1,1,
unsocial,0,0,
nonviolent,0,0,
impartiality,0,0,
psychoactive,1,1,
motility,1,1,
scented,1,1,
atonicity,0,0,
restrictive,1,1,
knowingly,1,1,
territorial,1,1,
saturated,1,1,
unoffending,0,0,
appreciatively,1,1,
incongruity,0,0,
unacquisitive,0,0,
certified,1,1,
palpable,1,1,
hopelessness,0,0,
deodorize,1,0,act
worldly,1,1,
salubriousness,1,1,
unsheathed,0,0,
unwilling,0,0,
explode,1,1,
diplomatically,1,1,
logicality,1,1,
unrhythmical,0,0,
unwholesomeness,0,0,
careless,0,0,
uncrowned,0,0,
gathered,1,1,
unfairly,0,0,
equipped,1,1,
criminalisation,1,1,
effective,1,1,
favorable,1,1,
incorrigible,0,0,
malign,1,0,gen
pigmentation,1,1,
wrap,1,1,
headless,0,0,
nonfat,0,0,
nonsectarian,0,0,
untrustiness,0,0,
unaccommodating,0,0,
fame,1,1,
noncommercial,0,0,
tuneless,0,0,
shockable,1,1,
unholiness,0,0,
undesirability,0,0,
thoughtful,1,1,
impermeability,0,0,
lawlessly,0,0,
bridle,1,1,
misconstruction,1,0,gen
infallible,0,0,
crowned,1,1,
antimagnetic,0,0,
remarkably,1,1,
impolitely,0,0,
unseamanlike,0,0,
even,1,1,
dependent,1,1,
auspicious,1,1,
uneasy,0,0,
enterprising,1,1,
solvent,1,1,
sleeveless,0,0,
unstatesmanlike,0,0,
complete,1,1,
armament,1,1,
colonise,1,1,
personally,1,1,
antitype,1,0,gen
unsociable,0,0,
unregulated,0,0,
unborn,0,0,
impolite,0,0,
qualify,1,1,
mediacy,1,1,
inconsideration,0,0,
incoherence,0,0,
appear,1,1,
irresolute,0,0,
incommodious,0,0,
unsold,0,0,
random,1,1,
illegibility,0,0,
discreet,1,1,
orienting,1,1,
tastefulness,1,1,
undynamic,0,0,
untwine,0,0,
flexible,1,1,
dependableness,1,1,
priestly,1,1,
unimodal,1,0,amb
encumbered,1,1,
nonrepetitive,0,0,
unreliableness,0,0,
lighted,1,1,
untrained,0,0,
unmalicious,0,0,
unpatronized,0,0,
responsibly,1,1,
understock,1,0,spa
prove,1,1,
insubstantial,0,0,
gutsy,1,1,
unaggressive,0,0,
appealingly,1,1,
jawed,1,1,
awned,1,1,
indeterminate,0,0,
conquerable,1,1,
eager,1,1,
unpalatability,0,0,
manned,1,1,
contented,1,1,
disenfranchised,0,0,
discourteous,0,0,
reparable,1,1,
nonvolatile,0,0,
appearance,1,1,
unconventional,0,0,
nonresidential,0,0,
earless,0,0,
unreverberant,0,0,
euphoria,1,1,
unlawfully,0,0,
unbelted,0,0,
morally,1,1,
noncomprehensive,0,0,
irrelevant,0,0,
beneficence,1,1,
unweaned,0,0,
requisition,1,1,
unattributable,0,0,
unfreeze,0,0,
unrighteousness,0,0,
inconsistently,0,0,
truthfulness,1,1,
uncross,0,0,
uncomfortably,0,0,
disobedient,0,0,
nonexistent,0,0,
unrifled,0,0,
dignified,1,1,
inconstant,0,0,
crate,1,1,
disallow,0,0,
unconcerned,0,0,
legal,1,1,
embarrassment,1,1,
excusable,1,1,
disconnect,0,0,
inflation,1,1,
demonetization,1,0,act
inelegant,0,0,
tangled,1,1,
desirability,1,1,
nonionic,0,0,
accustomed,1,1,
insalubriousness,0,0,
anticlimactic,0,0,
responsive,1,1,
censored,1,1,
funded,1,1,
unchanged,0,0,
appositeness,1,1,
acceptable,1,1,
consequence,1,1,
hospitably,1,1,
unresentful,0,0,
precisely,1,1,
ruminant,1,1,
cheerfulness,1,1,
loamless,0,0,
imbalance,0,0,
profitable,1,1,
impassable,0,0,
voluntarily,1,1,
attractiveness,1,1,
unrestrained,0,0,
sheathed,1,1,
political,1,1,
smoker,1,1,
understatement,1,0,spa
inability,0,0,
immorally,1,0,gen
artless,0,0,
unrespectable,0,0,
enfranchisement,1,1,
unequivocalness,1,0,pos
becomingness,1,1,
impious,0,0,
ironed,1,1,
polite,1,1,
unreconstructed,0,0,
drinker,1,1,
equal,1,1,
unlaced,0,0,
inappositeness,0,0,
infrequently,0,0,
dystopia,0,0,
harmless,0,0,
undesigned,0,0,
indigestibility,0,0,
damaged,1,1,
unbind,0,0,
demobilise,1,0,act
seasonably,1,1,
rimless,0,0,
lipped,1,1,
interestingness,1,1,
concentrate,1,1,
worthlessness,0,0,
destabilisation,0,0,
yoke,1,1,
uncaulked,0,0,
subhuman,0,0,
disabling,0,0,
fearfulness,1,1,
unreportable,0,0,
inshore,1,1,
displeasing,0,0,
dramatic,1,1,
crystalline,1,1,
ribless,0,0,
nonmonotonic,0,0,
chain,1,1,
capacity,1,1,
deciphered,1,1,
unkindness,0,0,
ingratitude,0,0,
discontinuous,0,0,
untanned,0,0,
filled,1,1,
printable,1,1,
intangible,0,0,
stylish,1,1,
unexchangeability,0,0,
native,1,1,
inaudible,0,0,
snarl,1,1,
susceptible,1,1,
undeciphered,0,0,
eared,1,1,
unpaid,0,0,
adaptable,1,1,
auspiciousness,1,1,
tractable,1,1,
unalert,0,0,
dehiscent,1,1,
decontamination,0,0,
imprecise,0,0,
nonspherical,0,0,
insufficiently,0,0,
theatrical,1,1,
purposeless,0,0,
inexpressively,1,0,gen
infectious,1,1,
overstate,1,1,
displeased,0,0,
incalculable,0,0,
antipyretic,1,0,amb
collective,1,1,
enchanted,1,1,
eligibility,1,1,
mobilize,1,1,
spineless,0,0,
glycerolize,1,1,
disintegrate,0,0,
intolerance,0,0,
infinite,0,0,
astigmatism,1,0,gen
smilingly,1,1,
protective,1,1,
corruptness,1,1,
impatience,0,0,
conscientiousness,1,1,
defeated,0,1,noi
responsible,1,1,
friendliness,1,1,
descend,1,0,act
unturned,0,0,
uniformity,1,1,
unrefined,0,0,
diversified,1,1,
unconditioned,0,0,
disorderly,0,0,
unwind,1,0,act
kindly,1,1,
abducent,1,0,act
unadorned,0,0,
piety,1,1,
uncommunicativeness,0,0,
constructiveness,1,1,
dematerialise,0,0,
inextricable,1,0,gen
untied,0,0,
undifferentiated,0,0,
undeceive,0,0,
zonal,1,1,
exactness,1,1,
desynchronize,0,0,
organize,1,1,
decisive,1,1,
unlash,0,0,
off-season,1,0,spa
indivisible,0,0,
detachable,1,0,act
abnormality,0,0,
functioning,1,1,
disrepute,0,0,
justly,1,1,
downwards,1,0,spa
unconstitutional,0,0,
nonfatal,0,0,
faithfully,1,1,
disagreeableness,0,0,
stemmed,1,1,
untune,0,0,
noncollapsible,0,0,
tolerance,1,1,
odorous,1,1,
studied,1,1,
dissimilarity,0,0,
unable,0,0,
calced,1,1,
communicative,1,1,
fueled,1,1,
Nonconformist,0,0,
untrimmed,0,0,
subtraction,1,0,act
unaddressed,0,0,
superjacent,1,1,
conscious,1,1,
deceive,1,1,
unstudied,0,0,
unlubricated,0,0,
injudiciously,0,0,
humorous,1,1,
unnatural,0,0,
unaccustomed,0,0,
appealing,1,1,
underspend,1,0,spa
unenlightened,0,0,
discharge,1,0,act
unreassuring,0,0,
undiplomatically,0,0,
unrestraint,0,0,
uncrannied,0,0,
unprofessional,0,0,
nonvolatile_storage,0,0,
bibless,0,0,
nonpolitical,0,0,
uncritical,0,0,
unclearness,0,0,
depreciation,1,0,act
disobey,0,0,
perceptiveness,1,1,
repute,1,1,
undiscriminating,1,0,pos
unexportable,0,0,
unobtrusively,0,0,
decriminalisation,1,0,pos
unalarming,0,0,
liveried,1,1,
mask,1,1,
unofficial,0,0,
unburdened,0,0,
accompanied,1,1,
sportingly,1,1,
nonalcoholic,0,0,
nonhuman,0,0,
trustfully,1,1,
unbox,1,0,act
unexpansive,0,0,
unlivable,0,0,
tactlessness,0,0,
unplanted,0,0,
posed,1,1,
inorganic,0,0,
unsaddle,0,0,
inviting,1,1,
anaphrodisia,0,0,
incredulously,0,0,
remediable,1,1,
unshockable,0,0,
pleasantness,1,1,
unmindfulness,0,0,
dedicated,1,1,
unmyelinated,0,0,
unshaded,0,0,
uncle,1,0,noi
service,1,1,
collected,1,1,
offensively,1,1,
inadvisability,0,0,
natural,1,1,
unacceptable,0,0,
disesteem,0,0,
unamended,0,0,
combed,1,1,
agreeable,1,1,
militarise,1,1,
commissioned,1,1,
practicability,1,1,
tractability,1,1,
prejudiced,1,1,
painful,1,1,
inarticulate,0,0,
nonparticulate,0,0,
underprivileged,0,0,
revived,1,1,
decently,1,1,
imprecision,0,0,
valid,1,1,
income,1,1,
nondeductible,0,0,
reassuring,1,1,
unintelligent,0,0,
nonadsorbent,0,0,
unlock,0,0,
abnormal,0,0,
resolutely,1,1,
unlimited,0,0,
mobilise,1,1,
unenlightenment,0,0,
provident,1,1,
warily,1,1,
invariability,1,0,pos
spinous,1,1,
incompetence,0,0,
depigmentation,0,0,
unpardonably,0,0,
uncoated,0,0,
hopefulness,1,1,
cousinly,1,1,
odorless,0,0,
dispensability,1,1,
imprecisely,0,0,
peaceful,1,1,
unexhausted,0,0,
overdress,1,1,
disjunctive,0,0,
defense,1,0,amb
restraint,1,1,
believingly,1,1,
unangry,0,0,
metamorphic,1,1,
unworthiness,0,0,
unattractively,0,0,
personalise,1,1,
uncoil,1,0,act
changelessness,0,0,
gloveless,0,0,
pretentiously,1,1,
adaptability,1,1,
insoluble,0,0,
appropriately,1,1,
hypothermia,1,0,amb
shaded,1,1,
secured_bond,1,1,
unleaded,0,0,
untidiness,0,0,
unstring,0,0,
unsnarl,0,0,
inequitably,0,0,
persuade,1,1,
unwellness,0,0,
uncontested,0,0,
bridgeable,1,1,
detransitivize,0,0,
decolonise,1,0,act
degrade,1,0,act
nonproliferation,0,0,
benignity,1,1,
activation,1,1,
sufficient,1,1,
inutility,0,0,
insensitiveness,0,0,
toothed,1,1,
tolerantly,1,1,
convincingly,1,1,
proved,1,1,
familiar,1,1,
unspecialized,0,0,
impossible,0,0,
responsibility,1,1,
unbarreled,0,0,
available,1,1,
separably,1,1,
ineligible,0,0,
quiet,1,1,
membered,1,1,
unrhetorical,0,0,
nonresident,0,0,
incorruptibility,0,0,
appealable,1,1,
incurableness,0,0,
unpatriotic,0,0,
bracteate,1,1,
incoherently,0,0,
composed,1,1,
intolerably,0,0,
unemployment,0,0,
cheerfully,1,1,
handed,1,1,
wariness,1,1,
landless,0,0,
dissociate,0,0,
unconvincing,0,0,
segregation,1,1,
desynchronization,0,0,
impenetrable,0,0,
permissible,1,1,
uncommitted,0,0,
discriminating,1,1,
unapproachability,0,0,
septic,1,1,
able,1,1,
unforgettable,0,0,
disapprobation,0,0,
unrewarding,0,0,
immutable,0,0,
easy,1,1,
persuasive,1,1,
omnivorous,1,1,
systematically,1,1,
bedless,0,0,
denationalise,0,0,
detached,0,0,
quietly,1,1,
conjunctive,1,1,
amended,1,1,
decalcify,0,0,
noncausative,0,0,
written,1,1,
irregular,0,0,
mindfully,1,1,
benevolently,1,1,
historical,1,1,
impenitent,0,0,
appendaged,1,1,
disorderliness,0,0,
permanent,1,1,
uncouple,0,0,
dehumanize,0,0,
nonexplosive,0,0,
acyclic,0,0,
unmelodious,0,0,
enlivened,1,1,
braid,1,1,
insalubrity,0,0,
bellied,1,1,
nonmoving,0,0,
unmade,0,0,
conditional,1,1,
gracelessly,0,0,
unhesitatingly,0,0,
animate,1,1,
agreeably,1,1,
reflected,1,1,
mutable,1,1,
ungracious,0,0,
dishonestly,0,0,
feathered,1,1,
saponified,1,1,
unenlivened,0,0,
seamanlike,1,1,
unwrapped,0,0,
approvingly,1,1,
competitively,1,1,
infect,1,1,
string,1,1,
unavailability,0,0,
desensitize,0,0,
disliked,0,0,
incompatible,0,0,
similar,1,1,
orthodox,1,1,
impermeable,0,0,
underpay,1,0,spa
nonpregnant,0,0,
institutionalized,1,1,
inexpressible,0,0,
trimmed,1,1,
unadaptability,0,0,
overshoot,1,1,
punctual,1,1,
indestructible,0,0,
sensitive,1,1,
disobediently,0,0,
transitive,1,1,
nonsubmersible,0,0,
conclusiveness,1,1,
stuck,1,1,
regenerate,1,1,
unservile,0,0,
inexactness,0,0,
moral,1,1,
outflow,1,0,spa
undergarment,1,0,spa
frozen,1,1,
centralization,1,1,
sinkable,1,1,
irrevocable,0,0,
dysphemistic,0,0,
laced,1,1,
incorporeal,0,0,
unperceptiveness,0,0,
joylessly,0,0,
nonastringent,0,0,
deflationary,1,0,act
unevenly,0,0,
civil,1,1,
unapproachable,0,0,
frequently,1,1,
unmelted,0,0,
undomestic,0,0,
descriptive,1,1,
construction,1,1,
reputability,1,1,
literate,1,1,
edifying,1,1,
tolerable,1,1,
pleasing,1,1,
muzzle,1,1,
unfrozen,0,0,
unlikeness,0,0,
variability,1,1,
unemployed,0,0,
consolable,1,1,
disentangle,0,0,
unpointedness,0,0,
unsusceptibility,0,0,
tubed,1,1,
unrecognizably,0,0,
unappealable,0,0,
type,1,1,
wholesome,1,1,
corrected,1,1,
germfree,0,0,
dishonest,0,0,
influx,1,1,
originality,1,1,
unvoiced,0,0,
truthful,1,1,
potent,1,1,
seemliness,1,1,
directness,1,1,
exportable,1,1,
respectfully,1,1,
unlighted,0,0,
expired,1,1,
uncivilly,0,0,
increment,1,0,noi
waxed,1,1,
coastal,1,1,
audible,1,1,
unmindful,0,0,
inadequately,0,0,
subordination,1,1,
elasticity,1,1,
inconspicuous,0,0,
unlawful,0,0,
intelligibly,1,1,
precedentedly,1,1,
legless,0,0,
unmemorably,0,0,
decisiveness,1,1,
integrative,1,1,
illiberality,0,0,
truthfully,1,1,
disproportion,0,0,
validate,1,1,
unchivalrously,0,0,
unbelievably,0,0,
uninformed,0,0,
unflattering,0,0,
hypoglycemia,1,0,amb
inactivation,0,0,
usual,1,1,
noncrystalline,0,0,
paintable,1,1,
engagement,1,1,
stable,1,1,
uncamphorated,0,0,
meaningfulness,1,1,
unjustifiably,0,0,
disloyally,0,0,
skillfulness,1,1,
incompressibility,0,0,
perfectibility,1,1,
memberless,0,0,
merited,1,1,
wary,1,1,
inadvisable,0,0,
enthusiastically,1,1,
dynamic,1,1,
nonuniformity,0,0,
gutlessness,0,0,
uncommunicative,0,0,
hornless,0,0,
starless,0,0,
uncongenial,0,0,
adroitly,1,1,
avenged,1,1,
paved,1,1,
malignity,1,0,gen
crescendo,1,1,
belief,1,1,
inequity,0,0,
unsinkable,0,0,
immodestly,0,0,
desensitizing,0,0,
decriminalize,0,0,
unscrupulousness,0,0,
infertility,0,0,
unprintable,0,0,
unusual,0,0,
expedient,1,1,
determinate,1,1,
offshore,1,0,spa
seeded,1,1,
sheathe,1,1,
unabused,0,0,
inefficacious,0,0,
clutter,1,1,
dissimilar,0,0,
backed,1,1,
incomparably,1,0,pos
anhydrous,0,0,
euphemistic,1,1,
unpredictability,0,0,
hopeless,0,0,
unanalyzed,0,0,
ability,1,1,
unseemliness,0,0,
seductive,1,1,
destructive,1,0,act
lodge,1,1,
audibility,1,1,
realistically,1,1,
healthy,1,1,
unskilled,0,0,
iodinating,1,1,
emulsify,1,1,
centralizing,1,1,
declassification,1,0,gen
unstratified_language,0,0,
uncharged,0,0,
structured,1,1,
ungrudgingly,0,0,
naturalize,1,1,
ahistorical,0,0,
loamy,1,1,
bloodless,0,0,
malevolence,1,0,gen
steroidal,1,1,
unethically,0,0,
careful,1,1,
toeless,0,0,
unfriendliness,0,0,
accurate,1,1,
unusualness,0,0,
unlamented,0,0,
solved,1,1,
unseasonableness,0,0,
unadventurous,0,0,
violently,1,1,
agnostic,0,0,
inconspicuously,0,0,
unforgivingly,0,0,
inglorious,0,0,
pyretic,1,1,
unsaturated,0,0,
unbranded,0,0,
unsealed,0,0,
sensitise,1,1,
unsuccessfully,0,0,
honorably,1,1,
affected,1,1,
immaturity,0,0,
uninterested,0,0,
ethical,1,1,
decriminalization,1,0,pos
soured,1,1,
indecision,0,0,
ovulation,1,1,
hyperglycemia,1,1,
stoppable,1,1,
offstage,1,0,spa
unmanfully,0,0,
scheduled,1,1,
unevenness,0,0,
inhumaneness,0,0,
inactivity,0,0,
unguided,0,0,
imperceptible,0,0,
indecent,0,0,
inexcusable,0,0,
aperiodic,0,0,
clean,1,1,
impossibility,0,0,
memorably,1,1,
continuation,1,1,
fixed,1,1,
indiscernible,0,0,
mobility,1,1,
orderliness,1,1,
landed,1,1,
reliably,1,1,
sensible,1,1,
footless,0,0,
magnetise,1,1,
uselessness,0,0,
underdress,1,0,spa
wanted,1,1,
unblock,0,0,
stabilization,1,1,
incautiously,1,0,gen
sound,1,1,
impermissibility,0,0,
feelingly,1,1,
disenfranchisement,0,0,
columned,1,1,
unbelievingly,0,0,
uncooperative,0,0,
unpersuasiveness,0,0,
nazify,1,1,
productively,1,1,
congruousness,1,1,
uncheerfulness,0,0,
unfeelingly,0,0,
nonrandom,0,0,
perfection,1,1,
nontechnical,0,0,
saddle,1,1,
seasoned,1,1,
essential,1,1,
combustible,1,1,
civilly,1,1,
counterfactuality,0,0,
smoky,1,1,
synchronizing,1,1,
inconvertibility,0,0,
depreciate,1,0,act
unreproducible,0,0,
documented,1,1,
toed,1,1,
temperance,1,1,
malleability,1,1,
irreconcilable,0,0,
unappetizingness,0,0,
unsigned,0,0,
on-line,1,1,
ungusseted,0,0,
skinned,1,1,
immediate,1,0,pos
unargumentative,0,0,
revocable,1,1,
unprofitability,0,0,
incontinent,0,0,
inevitable,0,0,
inconclusive,0,0,
testate,1,1,
oriented,1,1,
unmitigated,0,0,
unlikeliness,0,0,
unfastened,0,0,
financial,1,1,
receptive,1,1,
uninterestingness,0,0,
unpermissive,0,0,
characteristically,1,1,
insufficient,0,0,
immiscible,0,0,
untucked,0,0,
noneffervescent,0,0,
productive,1,1,
deoxidise,0,0,
rustless,0,0,
fathomable,1,1,
porous,1,1,
blended,1,1,
variableness,1,1,
nonconformist,0,0,
human,1,1,
atrophied,1,1,
steadiness,1,1,
shelled,1,1,
nonsmoker,0,0,
insecure,0,0,
purity,1,1,
alterable,1,1,
speaking,1,1,
germy,1,1,
inaction,0,0,
unconscious,0,0,
advertently,1,1,
advantageous,1,1,
utopian,1,1,
unbecomingness,0,0,